./input/MyInstancesDiferentToolSets/n=212,p=0.50,r=0.4,t=296,v0.csv;./input/Processed/ToolSetInt.csv
6;720;1440
Machine: 0
160;0;0;171;1;3,18,19,21,25,34,54,55,62,139,144,145,198,204,225,231,251,277,333,377,404,429,499,553,554,677,855,948,1011,1015,1186,1233,1236,1304,1463,1478,1479,1524,1749,1988,2003,2305,2512,2643,2645,3778,3840,4220,4238,4280,4331,4332,4333,4334,4398,4437,4553,5021,5080,5290,5315,5984,5992,6195,6377,6584,6585,6694,6850,7339,7376,7377,7513,8551,8552,8553,8554,8555,8556,8557,
59;1;171;233;1;3,18,19,21,25,34,54,55,62,139,144,145,198,204,225,231,251,277,333,377,404,429,499,553,554,677,855,948,1011,1015,1186,1233,1236,1304,1463,1478,1479,1524,1749,1988,2003,2305,2512,2643,2645,3778,3840,4220,4238,4280,4331,4332,4333,4334,4398,4437,4553,5021,5080,5290,5315,5984,5992,6195,6377,6584,6585,6694,6850,7339,7376,7377,7513,8551,8552,8553,8554,8555,8556,8557,
201;0;233;412;1;3,18,19,21,25,34,54,55,62,139,144,145,198,204,225,231,251,277,333,377,404,429,499,553,554,677,855,948,1011,1015,1186,1233,1236,1304,1463,1478,1479,1524,1749,1988,2003,2305,2512,2643,2645,3778,3840,4220,4238,4280,4331,4332,4333,4334,4398,4437,4553,5021,5080,5290,5315,5984,5992,6195,6377,6584,6585,6694,6850,7339,7376,7377,7513,8551,8552,8553,8554,8555,8556,8557,
21;0;412;436;0;3,18,19,21,25,34,54,55,62,139,144,145,198,204,225,231,251,277,333,377,404,429,499,553,554,677,855,948,1011,1015,1186,1233,1236,1304,1463,1478,1479,1524,1749,1988,2003,2305,2512,2643,2645,3778,3840,4220,4238,4280,4331,4332,4333,4334,4398,4437,4553,5021,5080,5290,5315,5984,5992,6195,6377,6584,6585,6694,6850,7339,7376,7377,7513,8551,8552,8553,8554,8555,8556,8557,
10;0;436;514;1;3,18,19,21,25,34,54,55,62,139,144,145,198,204,225,231,251,277,333,377,404,429,499,553,554,677,855,948,1011,1015,1186,1233,1236,1304,1463,1478,1479,1524,1749,1988,2003,2305,2512,2643,2645,3778,3840,4220,4238,4280,4331,4332,4333,4334,4398,4437,4553,5021,5080,5290,5315,5984,5992,6195,6377,6584,6585,6694,6850,7339,7376,7377,7513,8551,8552,8553,8554,8555,8556,8557,
26;0;514;610;1;3,18,19,21,25,34,54,55,62,139,144,145,198,204,225,231,251,277,333,377,404,429,499,553,554,677,855,948,1011,1015,1186,1233,1236,1304,1463,1478,1479,1524,1749,1988,2003,2305,2512,2643,2645,3778,3840,4220,4238,4280,4331,4332,4333,4334,4398,4437,4553,5021,5080,5290,5315,5984,5992,6195,6377,6584,6585,6694,6850,7339,7376,7377,7513,8551,8552,8553,8554,8555,8556,8557,
198;0;610;708;0;3,18,19,21,25,34,54,55,62,139,144,145,198,204,225,231,251,277,333,377,404,429,499,553,554,677,855,948,1011,1015,1186,1233,1236,1304,1463,1478,1479,1524,1749,1988,2003,2305,2512,2643,2645,3778,3840,4220,4238,4280,4331,4332,4333,4334,4398,4437,4553,5021,5080,5290,5315,5984,5992,6195,6377,6584,6585,6694,6850,7339,7376,7377,7513,8551,8552,8553,8554,8555,8556,8557,
74;1;708;882;0;3,18,19,21,25,34,54,55,62,139,144,145,198,204,225,231,251,277,333,377,404,429,499,553,554,677,855,948,1011,1015,1186,1233,1236,1304,1463,1478,1479,1524,1749,1988,2003,2305,2512,2643,2645,3778,3840,4220,4238,4280,4331,4332,4333,4334,4398,4437,4553,5021,5080,5290,5315,5984,5992,6195,6377,6584,6585,6694,6850,7339,7376,7377,7513,8551,8552,8553,8554,8555,8556,8557,
56;0;882;953;0;3,18,19,21,25,34,54,55,62,139,144,145,198,204,225,231,251,277,333,377,404,429,499,553,554,677,855,948,1011,1015,1186,1233,1236,1304,1463,1478,1479,1524,1749,1988,2003,2305,2512,2643,2645,3778,3840,4220,4238,4280,4331,4332,4333,4334,4398,4437,4553,5021,5080,5290,5315,5984,5992,6195,6377,6584,6585,6694,6850,7339,7376,7377,7513,8551,8552,8553,8554,8555,8556,8557,
44;0;953;1013;1;3,18,19,21,25,34,54,55,62,139,144,145,198,204,225,231,251,277,333,377,404,429,499,553,554,677,855,948,1011,1015,1186,1233,1236,1304,1463,1478,1479,1524,1749,1988,2003,2305,2512,2643,2645,3778,3840,4220,4238,4280,4331,4332,4333,4334,4398,4437,4553,5021,5080,5290,5315,5984,5992,6195,6377,6584,6585,6694,6850,7339,7376,7377,7513,8551,8552,8553,8554,8555,8556,8557,
192;0;1013;1111;1;3,18,19,21,25,34,54,55,62,139,144,145,198,204,225,231,251,277,333,377,404,429,499,553,554,677,855,948,1011,1015,1186,1233,1236,1304,1463,1478,1479,1524,1749,1988,2003,2305,2512,2643,2645,3778,3840,4220,4238,4280,4331,4332,4333,4334,4398,4437,4553,5021,5080,5290,5315,5984,5992,6195,6377,6584,6585,6694,6850,7339,7376,7377,7513,8551,8552,8553,8554,8555,8556,8557,
209;0;1111;1166;1;3,18,19,21,25,34,54,55,62,139,144,145,198,204,225,231,251,277,333,377,404,429,499,553,554,677,855,948,1011,1015,1186,1233,1236,1304,1463,1478,1479,1524,1749,1988,2003,2305,2512,2643,2645,3778,3840,4220,4238,4280,4331,4332,4333,4334,4398,4437,4553,5021,5080,5290,5315,5984,5992,6195,6377,6584,6585,6694,6850,7339,7376,7377,7513,8551,8552,8553,8554,8555,8556,8557,
66;1;1166;1293;1;3,18,19,21,25,34,54,55,62,139,144,145,198,204,225,231,251,277,333,377,404,429,499,553,554,677,855,948,1011,1015,1186,1233,1236,1304,1463,1478,1479,1524,1749,1988,2003,2305,2512,2643,2645,3778,3840,4220,4238,4280,4331,4332,4333,4334,4398,4437,4553,5021,5080,5290,5315,5984,5992,6195,6377,6584,6585,6694,6850,7339,7376,7377,7513,8551,8552,8553,8554,8555,8556,8557,
24;1;1293;1457;0;3,18,19,21,25,34,54,55,62,139,144,145,198,204,225,231,251,277,333,377,404,429,499,553,554,677,855,948,1011,1015,1186,1233,1236,1304,1463,1478,1479,1524,1749,1988,2003,2305,2512,2643,2645,3778,3840,4220,4238,4280,4331,4332,4333,4334,4398,4437,4553,5021,5080,5290,5315,5984,5992,6195,6377,6584,6585,6694,6850,7339,7376,7377,7513,8551,8552,8553,8554,8555,8556,8557,
74;0;1457;1560;0;3,18,19,21,25,34,54,55,62,139,144,145,198,204,225,231,251,277,333,377,404,429,499,553,554,677,855,948,1011,1015,1186,1233,1236,1304,1463,1478,1479,1524,1749,1988,2003,2305,2512,2643,2645,3778,3840,4220,4238,4280,4331,4332,4333,4334,4398,4437,4553,5021,5080,5290,5315,5984,5992,6195,6377,6584,6585,6694,6850,7339,7376,7377,7513,8551,8552,8553,8554,8555,8556,8557,
8;1;1560;1619;1;3,18,19,21,25,34,54,55,62,139,144,145,198,204,225,231,251,277,333,377,404,429,499,553,554,677,855,948,1011,1015,1186,1233,1236,1304,1463,1478,1479,1524,1749,1988,2003,2305,2512,2643,2645,3778,3840,4220,4238,4280,4331,4332,4333,4334,4398,4437,4553,5021,5080,5290,5315,5984,5992,6195,6377,6584,6585,6694,6850,7339,7376,7377,7513,8551,8552,8553,8554,8555,8556,8557,
164;0;1619;1716;1;3,15,16,17,18,19,20,21,24,25,34,38,40,45,54,55,60,62,139,144,145,198,204,225,231,251,277,333,377,404,429,448,490,494,499,553,554,677,855,948,1011,1015,1186,1233,1236,1304,1463,1478,1479,1524,1582,1749,1988,2003,2305,2512,2643,2645,3778,3840,4220,4238,4280,4331,4332,4333,4334,4398,4437,4553,5021,5080,5290,5315,5984,5992,6377,6584,8551,8557,
5;0;1716;1779;0;3,15,16,17,18,19,20,21,24,25,34,38,40,45,54,55,60,62,139,144,145,198,204,225,231,251,277,333,377,404,429,448,490,494,499,553,554,677,855,948,1011,1015,1186,1233,1236,1287,1288,1293,1304,1463,1478,1479,1524,1582,1749,1988,2003,2259,2305,2410,2417,2418,2419,2420,2421,2512,2643,2645,3778,3840,4220,4238,4280,4553,5984,5992,6377,6584,8551,8557,
34;1;1779;1799;0;3,15,16,17,18,19,20,21,24,25,34,38,40,45,54,55,60,62,139,144,145,187,198,204,225,231,251,277,333,377,404,429,448,490,494,499,553,554,677,855,948,1011,1015,1186,1233,1236,1287,1288,1293,1304,1463,1478,1479,1524,1582,1749,1988,2003,2259,2305,2410,2417,2418,2419,2420,2421,2512,2643,2645,3778,3840,4220,4238,4553,5984,5992,6377,6584,8551,8557,
6;0;1799;1803;0;3,15,16,17,18,19,20,21,24,25,27,34,38,40,45,54,55,60,62,139,144,145,187,198,204,225,231,251,277,333,377,404,429,448,458,490,677,855,948,1233,1236,1287,1288,1293,1478,1479,1577,1582,1749,1781,1782,1988,2259,2268,2417,2419,2512,2643,2645,2836,3056,3057,3058,3059,3060,3061,3062,3063,3064,3065,3066,3067,3068,4553,5984,5992,6377,6584,8551,8557,
152;0;1803;1811;1;3,15,18,24,25,26,27,34,38,54,60,139,144,145,187,198,204,225,231,251,277,377,404,429,528,677,736,738,748,855,948,1233,1236,1268,1269,1271,1272,1285,1287,1288,1289,1293,1332,1419,1478,1479,1570,1577,1582,1749,1780,1781,1793,1795,2187,2239,2257,2264,2265,2417,2645,2836,2849,2856,3700,3701,3702,3703,3704,3705,3706,3707,3708,3709,4553,5984,5992,6584,8551,8557,
58;0;1811;1909;1;3,15,18,24,25,26,27,34,38,54,60,137,139,144,145,187,198,204,225,231,251,277,316,321,329,377,404,429,640,677,736,838,854,855,948,1027,1118,1233,1236,1269,1271,1287,1293,1332,1419,1476,1478,1479,1480,1582,1669,1749,1781,1795,1809,1811,1821,2128,2264,2417,2645,2951,3634,3703,4503,4553,4654,4718,5439,5767,5984,5992,6187,6188,6189,6190,6191,6584,8551,8557,
180;0;1909;1954;0;3,15,18,24,25,26,27,34,38,54,60,137,139,144,145,187,198,204,225,231,251,277,316,321,329,377,404,429,640,677,736,838,854,855,948,1027,1118,1233,1236,1269,1271,1287,1293,1332,1419,1476,1478,1479,1480,1582,1669,1749,1781,1795,1809,1811,1821,2128,2264,2417,2645,2951,3703,4553,5984,5992,6584,8551,8557,8559,9031,9032,9112,9115,9132,9137,9148,9149,9150,9151,
13;0;1954;2097;1;3,15,18,24,25,26,27,34,38,54,60,74,79,137,139,144,145,187,198,204,225,231,251,277,321,329,377,404,429,502,506,640,677,736,787,790,838,855,948,960,1118,1162,1181,1233,1236,1287,1293,1332,1419,1476,1478,1479,1582,1589,1669,1749,1781,1795,1809,1811,1996,2070,2128,2264,2417,2645,2951,3348,3703,3810,3948,4114,4115,4116,5984,5992,6584,8551,9032,9132,
178;0;2097;2228;1;3,15,18,24,25,26,27,34,38,54,60,74,79,137,139,144,145,187,198,204,225,231,251,277,321,329,377,404,429,502,506,640,645,677,736,787,790,838,855,948,960,1050,1051,1118,1162,1181,1233,1236,1287,1293,1332,1419,1476,1478,1479,1582,1589,1669,1749,1781,1795,1809,1811,1996,2070,2128,2264,2417,2509,2510,2645,2951,3348,3703,5984,5992,6584,8551,9032,9132,
72;0;2880;2890;1;3,15,18,24,25,26,27,34,38,54,60,74,79,137,139,144,145,187,198,204,225,231,251,277,321,329,377,404,429,502,506,640,645,677,736,787,790,838,855,948,960,1050,1051,1118,1162,1181,1233,1236,1287,1293,1332,1419,1476,1478,1479,1582,1589,1669,1749,1781,1795,1809,1811,1996,2070,2128,2264,2417,2509,2510,2645,2951,3703,5984,5992,6584,7759,8551,9032,9132,
0;0;2890;3040;1;3,15,18,24,25,26,27,34,38,54,60,79,137,139,144,145,187,198,205,225,231,251,277,321,329,377,404,429,504,506,640,645,677,736,838,855,948,995,1050,1051,1063,1118,1233,1236,1261,1287,1293,1332,1419,1476,1478,1479,1582,1669,1749,1781,1795,1809,1811,1868,1996,2128,2264,2417,2510,2645,2951,3403,3615,3694,3703,4647,4648,4649,5984,5992,6584,8551,9032,9132,
162;0;3040;3093;0;3,15,18,24,25,26,27,34,38,54,60,79,137,139,144,145,187,198,205,225,231,251,277,321,329,377,404,429,504,506,518,549,640,645,677,736,838,855,948,995,1050,1051,1063,1118,1233,1236,1261,1287,1293,1332,1419,1476,1478,1479,1582,1669,1749,1781,1795,1809,1811,1868,1996,2128,2264,2417,2510,2645,2951,3403,3703,4647,4912,5984,5992,6584,7831,8551,9032,9132,
30;0;3093;3245;1;3,15,18,24,25,26,27,34,38,54,60,79,137,139,144,145,177,178,179,181,182,183,184,187,198,225,231,251,277,321,329,377,404,429,504,506,549,640,645,677,736,838,855,948,1050,1051,1063,1118,1233,1236,1261,1287,1293,1332,1419,1476,1478,1479,1669,1749,1781,1795,1809,1811,1996,2128,2264,2417,2645,2951,3703,4647,5432,5984,5992,6584,7831,8551,9032,9132,
2;0;3245;3291;1;3,15,18,24,25,26,27,34,38,54,60,79,100,137,139,144,145,187,198,225,231,251,277,321,329,377,404,429,504,506,549,607,640,677,720,736,838,855,948,1050,1051,1063,1118,1233,1236,1261,1287,1293,1332,1419,1470,1476,1478,1479,1669,1679,1749,1781,1795,1809,1811,1944,1996,2128,2264,2417,2434,2645,2721,2951,3703,4647,5984,5992,6565,6584,7831,8551,9032,9132,
37;0;3291;3333;1;15,24,26,27,38,54,60,79,137,139,144,145,187,198,225,231,251,277,321,329,377,404,429,549,640,677,736,838,855,1051,1118,1233,1236,1287,1293,1419,1476,1478,1479,1669,1749,1781,1795,1811,1996,2128,2264,2417,2645,3178,3207,3209,3210,3214,5984,5992,6013,6584,7831,8265,8339,8340,8397,8551,8763,8764,8765,8766,8767,8768,8769,8770,8771,8772,8773,8774,8775,8776,9032,9132,
31;0;3333;3508;1;15,24,26,27,38,46,52,54,60,79,137,139,144,145,187,198,225,231,251,277,321,329,377,404,408,429,549,640,677,736,838,855,1051,1118,1233,1236,1287,1293,1419,1476,1478,1479,1669,1719,1720,1721,1722,1723,1724,1749,1781,1795,1811,1996,2128,2264,2417,2645,3178,3209,3210,5984,5992,6013,6584,7831,8340,8397,8551,8763,8765,8766,8767,8768,8769,8770,8773,8774,9032,9132,
158;0;3508;3563;1;15,24,26,27,38,54,60,79,137,139,144,145,187,198,225,231,251,277,321,329,377,404,429,640,677,736,838,855,1051,1118,1233,1236,1287,1293,1419,1451,1476,1478,1479,1481,1669,1723,1781,1795,1811,1996,2128,2264,2417,2626,2628,2645,2649,2660,2689,4400,5507,5633,5984,5992,6022,6114,6370,6584,6723,7203,7204,7205,7206,7207,7208,7209,7210,7211,7212,7213,7831,8551,9032,9132,
26;1;3563;3588;1;15,24,26,27,38,54,60,79,137,139,144,145,187,198,225,231,251,277,321,329,377,404,429,640,677,736,838,855,1051,1118,1207,1233,1236,1287,1293,1419,1451,1476,1478,1479,1481,1493,1513,1669,1723,1728,1729,1781,1795,1811,1973,1996,2128,2264,2405,2417,2626,2628,2645,2649,2660,2689,3000,3436,3437,3438,3439,3440,3441,3442,3443,5633,5984,5992,6022,6584,7831,8551,9032,9132,
14;0;3588;3760;1;15,24,26,27,38,54,60,79,137,139,144,145,187,198,225,231,251,277,321,329,377,395,404,429,640,677,736,838,855,1051,1118,1207,1233,1236,1287,1293,1419,1451,1476,1478,1479,1481,1493,1513,1669,1723,1728,1729,1781,1795,1811,1973,1996,2128,2264,2405,2417,2467,2626,2628,2645,2649,2660,2689,3000,3436,3437,3438,3439,3440,3441,5633,5984,5992,6022,6584,7831,8551,9032,9132,
3;0;4320;4408;0;10,15,24,26,27,38,54,60,79,137,139,144,145,187,198,225,231,251,268,273,277,321,329,377,395,404,429,439,640,677,736,838,855,1051,1118,1207,1233,1236,1287,1293,1419,1451,1476,1478,1479,1481,1493,1513,1669,1723,1728,1729,1781,1795,1811,1973,1996,2128,2264,2405,2417,2428,2467,2626,2628,2645,2649,2660,2689,3000,5633,5984,5992,6022,6584,7261,7831,8551,9032,9132,
60;0;4408;4472;1;15,24,26,27,38,54,60,63,79,137,139,144,145,159,187,198,225,231,251,268,273,277,321,329,377,395,404,429,640,677,736,838,855,881,1051,1118,1233,1236,1284,1286,1287,1293,1419,1476,1478,1479,1481,1513,1669,1723,1781,1795,1811,1973,1996,2019,2179,2264,2405,2417,2428,2467,2626,2628,2645,2847,3598,3831,4450,5405,5442,5443,5984,5992,6022,6584,7831,8551,9032,9132,
169;0;4472;4632;1;15,24,26,27,38,54,60,63,79,137,139,144,145,159,187,198,225,231,251,268,273,277,321,329,377,395,404,429,640,677,736,838,855,1051,1118,1233,1236,1284,1286,1287,1293,1419,1476,1478,1479,1481,1513,1669,1723,1795,1811,1973,1996,2179,2264,2405,2428,2467,2626,2628,2645,2847,3598,3831,5405,5984,5992,6022,6136,6584,7831,7952,7953,7954,7955,7956,7957,8551,9032,9132,
71;0;4632;4666;0;15,24,26,27,38,54,60,79,137,139,144,145,187,198,225,231,251,268,273,277,321,329,377,395,404,429,640,736,838,855,1051,1118,1233,1236,1287,1293,1419,1476,1478,1479,1481,1513,1669,1723,1795,1811,1973,1996,2264,2405,2626,2645,2807,2847,5029,5405,5984,5992,6296,6584,7294,7831,8165,8166,8320,8391,8407,8428,8551,8730,9000,9001,9002,9003,9004,9005,9006,9007,9032,9132,
55;1;4666;4726;0;15,24,26,27,38,54,60,79,137,139,144,145,187,198,210,225,231,251,268,273,277,321,329,377,395,404,429,640,651,736,838,855,1051,1118,1233,1236,1287,1293,1419,1476,1478,1479,1481,1513,1669,1723,1795,1811,1973,1996,2264,2405,2626,2645,2807,2847,5029,5405,5984,5992,6296,6584,7294,7831,8165,8166,8320,8391,8407,8428,8551,8730,9000,9001,9002,9003,9004,9005,9032,9132,
49;0;4726;4760;1;15,24,26,27,38,54,60,79,101,137,139,144,145,146,187,198,210,225,231,251,268,273,277,321,329,377,395,404,429,640,651,736,838,855,1051,1118,1233,1236,1287,1293,1419,1476,1478,1479,1481,1513,1604,1669,1723,1726,1795,1811,1973,2264,2405,2626,2645,2847,4035,4219,5405,5777,5984,5987,5992,6090,6513,6584,7294,7831,7926,7927,7958,8166,8320,8391,8551,8730,9032,9132,
14;1;4760;4805;1;15,24,26,27,38,54,60,79,101,137,139,144,145,146,187,198,210,225,231,251,256,268,273,277,321,329,377,395,404,429,555,640,651,655,736,838,855,971,987,1051,1118,1233,1236,1287,1293,1419,1476,1478,1479,1481,1513,1580,1604,1669,1723,1726,1795,1811,1973,2036,2264,2405,2626,2645,2847,3396,4035,5405,5984,5987,5992,7294,7831,8166,8320,8391,8551,8730,9032,9132,
41;0;4805;4823;0;15,24,26,27,38,54,60,79,101,137,139,144,145,146,187,189,198,210,225,231,251,256,268,273,277,321,329,377,395,404,429,491,555,578,640,651,655,838,855,979,1051,1118,1233,1236,1287,1293,1419,1476,1478,1479,1481,1513,1580,1587,1604,1669,1726,1795,1811,1973,2264,2405,2626,2645,2847,4135,4913,5405,5984,5987,5992,7294,8166,8320,8391,8551,8695,8730,9032,9132,
2;1;4823;4859;1;15,24,26,27,38,54,137,139,144,145,146,187,189,198,225,231,233,241,251,262,268,273,277,288,321,329,377,395,397,404,429,434,491,578,640,838,855,927,949,979,1051,1118,1233,1236,1287,1293,1398,1419,1473,1476,1478,1479,1481,1513,1580,1587,1595,1604,1669,1795,1811,1973,2264,2405,2626,2645,2847,4913,5405,5734,5984,5987,7294,8166,8320,8391,8551,8730,9032,9132,
57;0;4859;4977;0;15,24,26,27,38,54,137,139,144,145,146,187,189,198,225,231,233,268,273,277,288,329,340,377,395,404,429,434,491,578,640,838,851,855,949,979,1051,1118,1233,1236,1287,1419,1476,1478,1479,1481,1513,1580,1587,1604,1669,1795,1811,1973,2264,2405,2626,2645,2847,2891,3745,4913,5405,5984,7294,8134,8137,8166,8190,8197,8198,8199,8200,8203,8204,8205,8320,8551,9032,9132,
47;0;4977;5148;1;15,24,26,27,38,54,137,139,144,145,146,187,189,198,225,231,233,268,273,277,288,329,340,377,395,404,429,434,491,578,591,640,838,851,855,937,949,979,1051,1118,1134,1165,1233,1236,1287,1419,1447,1476,1478,1479,1481,1513,1580,1587,1604,1669,1795,1811,1919,1973,2264,2382,2405,2492,2626,2645,2847,2891,3745,4913,5405,5649,5984,7294,8134,8166,8320,8551,9032,9132,
8;0;5148;5228;1;15,24,26,27,38,54,137,139,144,145,146,187,189,198,225,231,233,268,273,277,288,329,340,377,395,404,429,434,491,578,591,640,838,851,855,937,949,979,1051,1118,1134,1165,1233,1236,1287,1419,1447,1476,1478,1479,1481,1513,1580,1587,1604,1669,1795,1811,1919,1973,2264,2382,2405,2492,2626,2645,2847,2891,3745,4913,5405,5649,5984,7294,8134,8166,8320,8551,9032,9132,
172;0;5760;5926;0;15,24,26,27,38,61,137,139,144,146,175,189,198,225,231,233,249,268,273,277,288,329,377,395,404,434,557,578,591,598,640,855,979,1051,1118,1134,1233,1236,1287,1419,1476,1479,1481,1513,1580,1587,1604,1669,1785,1786,1795,1919,1973,2091,2175,2264,2405,2577,2645,2847,2968,3410,3765,4112,4913,5091,5944,7009,7029,7294,7879,7906,8166,8320,8551,8734,8735,8736,9032,9132,
49;1;5926;6004;1;4,7,8,15,24,26,27,38,61,137,139,144,146,148,175,189,198,225,231,233,235,249,268,273,277,288,329,377,390,393,395,404,434,557,578,591,640,855,979,1051,1052,1118,1134,1233,1236,1287,1362,1419,1476,1479,1481,1513,1580,1587,1604,1669,1801,1806,1814,1919,1973,2091,2175,2405,2577,2645,2847,2968,3435,4112,4913,7009,7029,7294,7879,8166,8320,8551,9032,9132,
150;0;6004;6016;1;2,4,7,8,15,24,26,27,38,61,137,139,142,144,146,148,189,198,225,231,233,249,268,273,277,288,329,377,390,394,395,396,404,434,578,591,640,855,979,1051,1052,1118,1134,1159,1229,1232,1233,1236,1287,1419,1476,1479,1481,1513,1580,1587,1604,1669,1812,1814,1919,1973,2091,2175,2405,2577,2645,2847,2968,3118,3119,4112,4913,7009,7294,8166,8320,8551,9032,9132,
69;1;6016;6065;1;4,7,8,15,24,27,38,137,139,144,146,148,189,225,231,233,249,268,273,277,288,329,377,390,394,395,396,404,434,578,591,640,855,979,1051,1118,1134,1229,1236,1287,1419,1476,1479,1481,1513,1580,1587,1669,1919,1971,1973,2091,2175,2405,2645,2658,2729,2774,2778,2847,4392,4567,4627,4650,4651,4913,5411,5605,5695,5841,5853,5854,5855,7009,7294,8166,8320,8551,9032,9132,
184;0;6065;6114;1;4,7,8,15,24,27,38,137,139,144,146,148,189,225,231,233,249,268,273,277,288,329,377,390,394,395,396,404,434,578,591,640,855,979,1051,1118,1134,1229,1236,1287,1419,1476,1479,1481,1513,1580,1587,1669,1919,1971,1973,2091,2175,2405,2645,2658,2729,2774,2778,2847,4392,4567,4627,4650,4913,5411,5605,5695,5841,5853,5854,7009,7294,8166,8320,8468,8469,8551,9032,9132,
161;0;6114;6192;1;4,7,8,15,24,27,38,137,139,144,146,148,189,225,231,233,249,268,273,277,288,329,377,390,394,395,396,404,434,578,591,640,855,979,1051,1118,1134,1229,1236,1287,1419,1476,1479,1481,1513,1580,1587,1669,1919,1973,2091,2175,2405,2645,2774,2778,2806,2847,4165,4567,4627,4643,4913,5411,5695,7009,7294,8166,8320,8551,8644,9032,9090,9130,9131,9132,9133,9134,9135,9136,
66;0;6192;6270;1;4,7,8,15,24,27,38,137,139,144,146,148,157,189,225,231,233,249,268,273,277,288,329,377,390,394,395,396,404,412,434,540,578,591,640,855,979,1051,1118,1134,1229,1236,1287,1419,1476,1479,1481,1513,1580,1587,1669,1919,1973,2091,2175,2405,2645,2774,2778,2806,2847,2941,3334,3449,4165,4181,4567,4627,4643,4913,5411,5695,7009,7294,8166,8320,8551,8644,9032,9090,
17;0;6270;6288;1;15,24,38,103,137,139,144,146,148,189,225,231,233,249,268,273,277,288,289,294,329,377,395,404,430,445,578,591,640,855,979,1118,1214,1236,1419,1450,1476,1479,1481,1513,1567,1580,1587,1669,1919,1922,1973,2091,2175,2380,2405,2543,2645,2774,2778,2806,2847,2897,2898,2899,2900,2901,2902,2903,2904,2905,2906,2907,2908,2909,2910,2911,2912,2913,4913,5695,7009,7294,8166,8320,
55;0;6288;6292;0;15,24,38,97,103,137,139,144,146,148,189,225,231,233,249,260,268,273,277,288,289,294,329,345,377,395,404,430,445,578,584,591,640,855,890,979,1118,1214,1236,1374,1419,1450,1476,1479,1481,1513,1567,1580,1587,1669,1756,1919,1922,1973,2091,2175,2405,2645,2774,2778,2806,2847,2899,2903,2904,2913,2988,3519,3699,4913,5695,5867,6198,6199,6200,6201,7009,7294,8166,8320,
70;0;6292;6343;1;15,24,38,97,137,139,144,146,148,189,225,231,233,249,260,268,271,273,277,288,289,290,291,292,329,377,395,400,404,578,591,640,839,855,979,1117,1118,1214,1236,1419,1476,1479,1481,1540,1580,1587,1669,1756,1915,1919,1973,2091,2092,2175,2338,2645,2774,2775,2777,2778,2806,2847,3263,3267,4605,4606,4617,4913,5340,5410,5695,6226,6329,6366,7009,7294,8035,8036,8166,8320,
15;0;6343;6439;0;15,24,38,97,137,139,144,146,148,149,189,225,226,230,231,233,249,260,268,271,273,277,288,289,290,291,292,301,329,377,395,400,404,578,591,640,839,855,979,1093,1117,1118,1214,1236,1419,1476,1479,1481,1540,1580,1587,1669,1756,1915,1919,1973,2091,2092,2175,2338,2503,2645,2774,2775,2777,2778,2806,2847,3263,4605,4606,4913,5340,5379,5695,6226,7009,7294,8166,8320,
47;1;6439;6605;1;15,24,38,97,137,139,144,146,148,149,189,225,226,230,231,233,249,260,268,271,273,277,288,289,290,291,292,301,329,377,395,400,404,578,591,640,839,855,979,1093,1117,1118,1214,1236,1419,1476,1479,1481,1540,1580,1587,1669,1756,1915,1919,1973,2091,2092,2175,2338,2645,2774,2775,2777,2778,2806,2847,3263,4605,4606,4913,5340,5695,6226,7009,7294,8166,8320,8484,8485,
29;0;7200;7331;1;15,24,38,97,137,139,144,146,148,149,189,225,226,231,233,249,260,268,273,276,277,288,289,290,291,329,377,395,400,404,578,591,640,692,855,979,1093,1117,1118,1214,1236,1419,1476,1479,1481,1580,1587,1669,1756,1919,1973,2092,2175,2338,2605,2645,2692,2774,2775,2778,2806,2847,2986,3263,3532,4376,4605,4606,4913,5340,5402,5483,5484,5485,5695,7009,7294,8166,8320,8484,
188;0;7331;7375;1;15,24,38,97,137,139,144,146,148,149,189,225,231,233,249,260,267,268,273,277,288,289,290,291,303,305,310,312,313,314,329,377,380,395,400,404,438,578,591,640,855,979,1117,1118,1171,1214,1236,1419,1476,1479,1481,1580,1587,1669,1756,1919,1973,2092,2107,2175,2244,2645,2692,2774,2775,2778,2806,2847,3263,4913,5144,5153,5154,5155,5340,5695,7009,7294,8166,8320,
67;0;7375;7471;0;15,24,38,97,137,139,144,146,148,149,189,225,231,233,249,255,260,267,268,273,277,288,289,290,291,305,310,313,314,329,359,377,395,400,404,438,578,591,640,855,979,1117,1118,1214,1236,1419,1476,1479,1481,1549,1580,1587,1669,1756,1919,1973,2018,2092,2175,2198,2199,2645,2692,2774,2775,2778,2806,2847,2848,3263,3978,3979,4913,5153,5340,5695,7009,7294,8166,8320,
159;0;7471;7544;1;15,24,38,97,137,139,144,146,148,149,189,225,231,233,249,255,260,267,268,273,277,278,288,289,290,291,305,310,313,314,329,359,377,395,400,404,438,515,578,591,640,855,965,979,1117,1118,1214,1236,1419,1476,1479,1481,1549,1580,1587,1669,1756,1919,1973,2018,2092,2175,2198,2199,2645,2692,2774,2775,2778,2806,2847,3263,4913,5153,5340,5695,7009,7294,8166,8320,
167;0;7544;7580;1;15,24,38,137,139,144,146,148,149,189,225,231,233,249,255,260,267,268,273,277,288,289,290,291,305,310,313,314,329,359,377,395,400,404,438,591,640,855,979,1117,1118,1214,1236,1476,1479,1481,1549,1580,1587,1669,1674,1756,1919,1973,2092,2175,2198,2199,2645,2692,2774,2775,2778,2806,3263,4898,4899,4913,5216,5322,5340,5479,5480,5481,5482,5695,7009,7294,8166,8320,
33;0;7580;7639;0;15,24,38,117,137,139,144,146,148,149,189,225,231,233,249,260,267,268,273,277,288,289,290,329,351,377,395,398,400,404,438,591,640,855,979,1117,1214,1236,1476,1479,1481,1580,1587,1669,1752,1756,1763,1919,1973,1974,2092,2175,2573,2645,2692,2774,2775,2778,2804,2806,3099,3263,3915,4469,4504,4565,4913,5197,5340,5695,6223,6365,7009,7294,8166,8320,8655,8975,8976,8977,
175;0;7639;7759;1;15,24,38,117,137,139,144,146,148,149,189,225,231,233,249,260,267,268,273,277,288,289,290,329,351,377,395,398,400,404,438,591,640,855,931,979,1117,1214,1236,1476,1479,1481,1580,1587,1669,1752,1756,1763,1919,1973,2092,2175,2337,2573,2645,2692,2774,2775,2778,2806,3099,3263,3651,3970,4600,4740,4913,5053,5340,5695,5901,6475,7009,7294,7403,7404,7405,7406,8166,8320,
59;0;7759;7890;1;15,24,38,117,137,139,144,146,148,149,189,225,231,233,249,260,267,268,273,277,288,289,290,329,351,377,395,398,400,404,438,591,640,855,931,979,1117,1146,1149,1214,1236,1476,1479,1481,1580,1587,1669,1752,1756,1763,1919,1920,1973,2092,2175,2337,2573,2645,2692,2774,2775,2778,2806,3099,3263,4473,4740,4913,4964,4965,4966,4972,5053,5182,5695,6441,7009,7294,8166,8320,
173;0;7890;8054;1;15,24,38,117,137,139,144,146,148,149,186,189,225,231,233,249,260,267,268,273,277,288,289,290,329,351,377,395,398,400,404,438,503,591,640,662,855,931,979,1088,1117,1146,1149,1214,1236,1476,1479,1481,1550,1580,1587,1669,1756,1920,1973,2157,2175,2337,2555,2573,2645,2692,2774,2775,2778,2806,3022,3099,3127,3263,3627,4740,4913,5053,5182,5695,7009,7294,8166,8320,
Machine: 1
0;1;0;19;1;24,38,137,139,144,148,225,231,233,249,260,267,268,273,277,288,289,290,329,351,377,382,395,400,404,503,591,640,855,875,921,1117,1146,1177,1214,1236,1417,1469,1476,1479,1481,1501,1580,1587,1670,1675,1749,1756,1973,2051,2175,2222,2337,2432,2645,2674,2692,2695,2723,2806,3022,3284,3920,4323,4511,4913,5206,5695,5882,6347,6348,6349,6350,6351,6352,6353,7009,7294,8166,8320,
197;0;19;49;1;24,38,137,139,144,148,225,231,233,249,260,267,268,273,277,288,289,290,329,351,377,382,395,400,404,503,591,640,855,875,921,1117,1146,1177,1214,1236,1417,1469,1476,1479,1481,1501,1580,1587,1670,1675,1749,1756,1973,2175,2337,2432,2645,2674,2692,2806,3022,3209,3210,3284,3488,4913,5206,5695,6930,7009,7294,8166,8320,8340,8397,8763,8765,8766,8767,8768,8769,8770,8773,8774,
5;1;49;118;0;18,24,34,38,51,137,139,144,148,225,231,233,249,260,267,268,273,277,288,289,290,329,351,377,382,395,400,404,503,549,573,591,640,855,875,921,968,1117,1146,1177,1214,1236,1417,1469,1476,1479,1481,1501,1580,1587,1670,1675,1749,1756,1973,2027,2175,2337,2432,2645,2674,2692,2806,3022,3209,3210,3284,3314,3488,4913,5206,5695,6930,7009,7294,8166,8320,8340,8397,8763,
185;0;118;180;1;18,24,34,38,51,137,139,144,148,225,231,233,249,260,267,268,273,277,288,289,290,329,351,377,382,389,395,400,404,503,549,573,591,640,835,855,875,921,1117,1146,1177,1214,1236,1417,1476,1479,1481,1580,1587,1670,1675,1756,1973,2175,2337,2432,2645,2674,2692,2728,2806,3022,3210,3284,3488,3524,4498,4913,5146,5206,5695,6930,7009,7294,7299,8166,8260,8320,8989,9065,
156;0;180;327;1;18,24,34,38,51,137,139,144,148,225,231,233,249,260,267,268,273,277,288,289,290,329,351,377,382,389,395,400,404,503,549,573,591,640,835,855,875,921,1117,1146,1177,1214,1236,1279,1281,1332,1417,1476,1479,1481,1580,1587,1670,1675,1756,1973,2064,2175,2337,2432,2645,2674,2692,2728,2806,3022,3210,3256,3284,3488,3524,4498,4913,5146,5206,5695,5791,6930,7009,8354,
46;0;327;424;0;18,24,34,38,51,137,139,144,148,225,231,233,249,260,267,268,273,277,288,289,290,329,351,377,382,389,395,400,404,503,549,573,591,640,835,855,875,921,1117,1146,1177,1214,1236,1279,1281,1283,1332,1417,1476,1479,1481,1580,1587,1670,1675,1756,1973,2064,2175,2337,2432,2645,2674,2692,2728,2806,3022,3210,3256,3284,3488,3524,4498,4647,4913,5206,5695,6930,7009,8354,
62;1;424;428;0;18,24,34,38,51,137,139,144,148,225,231,233,249,260,267,268,273,277,288,289,290,329,351,377,382,389,395,400,404,503,549,573,591,640,835,855,875,921,1117,1146,1177,1214,1236,1279,1281,1283,1332,1417,1476,1479,1481,1580,1587,1670,1675,1756,1973,2064,2175,2337,2432,2645,2674,2692,2728,2806,3022,3210,3256,3284,3488,3524,4498,4647,5206,5695,6930,7009,8286,8354,
53;0;428;499;1;18,24,34,38,51,137,139,144,148,225,231,233,249,260,267,268,273,277,288,289,290,329,351,377,382,389,395,400,404,503,591,640,647,838,855,875,912,921,933,948,949,1117,1145,1146,1177,1214,1236,1279,1281,1417,1476,1479,1481,1580,1587,1670,1671,1675,1756,1973,2337,2388,2432,2645,2674,3022,3210,3284,3488,4564,5206,5695,6179,6343,6344,6345,6346,6930,7009,8354,
210;0;499;659;1;18,24,34,38,51,137,139,144,148,225,231,233,249,260,267,268,273,277,288,289,290,329,351,377,382,389,395,400,404,503,591,640,647,838,855,875,912,921,933,948,949,1117,1145,1146,1177,1214,1236,1279,1281,1417,1476,1479,1481,1580,1587,1670,1671,1675,1707,1756,1973,2337,2388,2432,2540,2645,2674,3022,3210,3284,3346,3414,3488,4564,5206,5695,6179,6930,7009,8354,
10;1;659;806;1;18,24,34,38,51,137,139,144,148,225,231,233,249,260,267,268,273,277,288,289,290,329,351,377,382,395,400,404,503,591,640,647,838,855,875,912,921,948,949,1117,1145,1146,1177,1214,1236,1279,1281,1417,1476,1479,1481,1580,1587,1670,1671,1675,1756,1973,2337,2432,2645,2674,3022,3210,3284,3488,3665,4564,5088,5206,5695,6930,7009,8354,8702,8703,8704,8705,8706,8707,
4;0;806;932;1;18,24,34,38,51,137,139,144,148,225,231,233,249,260,267,268,273,277,288,289,290,329,351,377,382,395,400,404,503,591,640,647,838,855,875,912,921,948,949,1117,1145,1146,1177,1214,1236,1279,1281,1417,1476,1479,1481,1580,1587,1670,1671,1675,1756,1973,2337,2432,2645,2674,3022,3210,3284,3488,3665,4564,5088,5206,5695,6930,7009,8354,8702,8703,8704,8705,8706,8707,
11;1;1440;1488;0;18,24,34,38,51,137,139,144,148,225,231,233,249,260,267,268,273,277,288,289,290,329,351,377,382,395,400,404,503,591,640,647,838,855,875,912,921,948,949,1117,1145,1146,1177,1214,1236,1279,1281,1417,1476,1479,1481,1580,1587,1670,1671,1675,1756,1973,2337,2432,2645,2674,3022,3210,3284,3488,3665,4564,5088,5206,5644,5695,6930,7009,8354,8702,8703,8704,8705,8706,
52;0;1488;1537;0;24,34,38,100,137,139,144,148,225,231,233,267,268,273,277,288,289,290,329,351,377,382,395,400,404,503,591,640,647,838,855,863,875,911,912,921,948,949,1117,1145,1146,1172,1177,1214,1236,1281,1417,1476,1478,1479,1481,1484,1502,1580,1587,1633,1670,1671,1675,1756,1973,2224,2337,2432,2645,2674,3022,3034,3210,3284,3488,4397,4401,4472,4564,4795,5206,5695,5926,6930,
27;1;1537;1651;1;24,34,54,100,137,139,144,148,202,225,231,233,267,268,273,277,288,289,290,329,351,377,382,395,400,404,474,487,503,504,506,591,640,647,658,722,756,838,855,863,871,948,1089,1117,1146,1172,1177,1214,1417,1476,1478,1479,1481,1558,1580,1633,1675,1756,1936,1973,1994,2163,2230,2306,2337,2432,2645,2674,3003,3022,3034,3210,3284,3488,3864,4472,5206,5404,5405,6930,
51;0;1651;1825;1;24,34,54,100,137,139,144,148,225,229,231,233,234,240,243,245,266,267,268,272,273,277,286,288,289,290,329,351,377,382,395,400,404,429,503,591,640,647,722,838,855,863,948,1089,1117,1146,1172,1177,1210,1214,1417,1476,1478,1479,1481,1558,1580,1633,1668,1675,1756,1936,1973,1994,2337,2432,2645,2674,3034,3210,3284,3286,3488,4472,4859,5206,5371,5372,5373,6930,
65;1;1825;1956;0;24,34,54,100,137,139,144,148,225,229,231,233,234,240,243,245,266,267,268,272,273,277,286,288,289,290,329,351,377,382,395,400,404,429,503,591,640,647,722,838,855,863,948,1089,1117,1146,1172,1177,1210,1214,1417,1476,1478,1479,1481,1558,1580,1633,1668,1675,1756,1936,1973,1994,2337,2432,2645,2674,3034,3210,3284,3286,3482,3488,4472,5082,5206,5984,6340,6930,
6;1;1956;2108;0;24,34,54,100,137,139,144,148,225,229,231,233,234,266,267,268,272,273,277,286,288,289,290,329,351,377,382,395,400,404,429,503,591,640,647,722,838,855,863,948,1089,1117,1121,1146,1177,1214,1359,1417,1474,1476,1478,1479,1481,1558,1580,1633,1675,1680,1913,1936,1973,1994,2337,2432,2613,2645,2674,2994,3014,3034,3210,3284,3482,3488,4472,5082,5206,5984,6930,7217,
7;1;2108;2137;1;24,34,54,100,137,139,144,148,225,229,231,233,234,266,267,268,272,273,277,286,288,289,290,329,351,377,382,395,400,404,429,503,591,640,647,722,838,855,863,948,1089,1117,1121,1146,1177,1214,1359,1405,1417,1474,1476,1478,1479,1481,1558,1580,1633,1675,1680,1913,1936,1973,1994,2337,2432,2645,2674,2994,3014,3034,3210,3284,3482,3488,3712,4472,5082,5206,5984,6930,
19;1;2137;2307;1;24,34,54,88,100,137,139,144,225,231,233,234,266,277,289,329,351,395,400,404,429,503,591,640,647,666,694,833,855,863,948,1095,1117,1121,1146,1177,1214,1359,1390,1417,1474,1476,1478,1479,1481,1530,1633,1675,1680,1913,1936,1973,2337,2626,2645,2653,2661,2674,2683,2994,3034,3210,3284,3488,4472,5206,5259,5525,5538,5539,5637,5722,6029,6311,6312,6313,6562,6930,7414,7415,
62;0;2880;2963;0;24,25,34,36,37,44,52,54,88,100,137,139,144,225,231,233,234,266,277,289,329,351,395,400,404,422,429,503,591,640,647,666,694,833,855,863,948,1095,1117,1121,1146,1177,1214,1359,1390,1417,1474,1476,1478,1479,1481,1633,1675,1680,1913,1936,1973,2337,2626,2645,2653,2661,2674,2683,2994,3034,3210,3284,3488,3553,4472,4619,5206,5259,5525,5538,5637,5722,6311,6930,
41;1;2963;2967;0;24,25,34,36,37,54,88,100,137,139,144,225,231,233,234,266,277,289,329,351,395,400,404,429,503,591,640,647,666,694,833,855,863,948,1095,1117,1121,1146,1177,1214,1287,1293,1322,1359,1417,1474,1476,1478,1479,1481,1633,1675,1680,1913,1936,1973,2337,2626,2645,2653,2661,2674,2994,3034,3210,3284,3488,3606,3703,4472,4952,5206,5259,5525,5538,5606,5607,5637,5722,6930,
168;0;2967;3103;1;24,25,27,36,37,54,88,100,137,139,144,225,231,233,234,266,277,289,329,351,395,400,404,429,503,591,640,647,666,694,833,855,863,948,1095,1117,1121,1146,1177,1214,1287,1293,1294,1295,1322,1359,1417,1474,1476,1478,1479,1481,1633,1675,1680,1913,1936,1973,2337,2407,2626,2645,2653,2661,2674,2994,3034,3210,3284,3488,4472,5206,5259,5525,5538,5637,5722,6930,7945,7971,
20;1;3103;3167;1;24,27,36,88,100,137,139,144,225,226,231,233,234,262,266,277,289,329,351,395,400,404,429,503,591,640,647,666,694,833,855,863,948,1095,1117,1121,1146,1177,1214,1287,1293,1294,1295,1322,1359,1417,1424,1474,1476,1478,1479,1481,1633,1675,1680,1913,1936,1973,2337,2645,2661,2674,2994,3034,3210,3284,3488,4472,4536,4545,4575,4683,4793,5206,5259,5525,5538,5637,5722,6930,
27;0;3167;3199;1;24,27,36,88,100,137,139,144,225,226,231,233,234,262,266,277,289,329,351,395,400,404,429,503,569,591,640,647,666,694,833,855,863,948,1095,1117,1121,1146,1177,1214,1262,1287,1293,1294,1295,1322,1359,1417,1424,1474,1476,1478,1479,1481,1633,1675,1680,1913,1936,1973,2337,2645,2661,2674,2829,2994,3034,3210,3284,3488,4472,4489,5206,5259,5262,5525,5538,5637,5722,6930,
73;0;3199;3308;0;24,27,36,88,100,137,139,144,225,226,231,233,234,262,266,277,289,329,351,395,400,404,429,503,591,640,647,666,694,833,855,863,948,1095,1117,1121,1146,1177,1214,1287,1293,1294,1295,1322,1359,1417,1474,1476,1478,1479,1481,1633,1675,1680,1913,1936,1973,2337,2645,2661,2674,2829,2994,3034,3210,3284,3488,4472,5206,5259,5525,5538,5637,5722,6930,8484,8498,8499,8500,8501,
174;0;3308;3333;0;24,27,36,88,100,137,139,144,225,226,231,233,234,262,266,277,289,329,351,395,400,404,429,503,505,534,591,640,647,666,694,833,855,863,948,1063,1095,1117,1121,1146,1177,1214,1287,1293,1294,1295,1322,1333,1359,1417,1474,1476,1478,1479,1481,1633,1659,1675,1680,1913,1936,1973,2337,2645,2661,2674,2829,2994,3034,3210,3284,3488,4472,5206,5259,5525,5538,5637,5722,6930,
23;0;3333;3393;0;24,27,36,87,88,100,137,139,144,225,231,233,234,262,266,277,289,319,329,351,395,400,404,429,591,640,647,666,694,765,767,833,854,855,863,898,948,1095,1117,1121,1134,1146,1177,1214,1287,1293,1295,1322,1359,1417,1474,1476,1478,1479,1633,1675,1680,1913,1922,1936,1973,2354,2498,2645,2661,2674,2679,2951,2986,2994,3034,3210,3284,3291,3488,4472,5206,5525,5722,6930,
63;0;3393;3457;1;24,27,36,87,88,100,137,139,144,225,231,233,234,244,262,266,277,289,319,329,351,395,400,404,429,591,640,647,666,694,765,767,833,854,855,863,948,1095,1117,1121,1134,1146,1177,1214,1287,1293,1295,1322,1359,1361,1417,1474,1476,1478,1479,1633,1675,1680,1913,1922,1936,1973,2498,2645,2661,2674,2679,2951,2986,2994,3034,3210,3284,3488,4472,4804,5206,5525,5722,6930,
35;1;3457;3509;1;24,27,36,87,88,100,137,139,144,225,231,233,234,244,262,266,277,289,329,351,395,400,404,429,591,640,647,666,694,765,767,833,854,855,863,948,1095,1117,1146,1177,1214,1287,1293,1295,1322,1361,1417,1474,1476,1478,1479,1633,1922,1936,2498,2645,2661,2674,2679,2986,3034,3210,3284,3488,4472,5206,5525,5722,6136,6145,6930,8229,8230,8231,8232,8233,8234,8235,8236,8237,
33;1;3509;3520;0;24,27,36,86,87,88,100,137,139,144,225,231,233,234,244,262,266,276,277,289,329,351,395,400,404,429,591,640,647,666,694,765,767,833,854,855,863,948,1095,1117,1146,1147,1177,1214,1287,1293,1295,1322,1361,1417,1474,1476,1478,1479,1633,1922,1936,2498,2645,2661,2674,2679,2985,2986,2987,2988,2989,2990,3034,3210,3284,3488,4472,5206,5525,5722,6136,6145,6930,8229,
200;0;3520;3561;1;24,27,36,87,88,100,137,139,144,225,231,233,234,244,262,266,276,277,329,351,395,400,404,429,591,640,647,691,694,698,765,767,833,854,855,863,948,1095,1117,1136,1146,1147,1177,1214,1287,1293,1295,1322,1361,1417,1474,1476,1478,1479,1633,1922,1936,2498,2627,2645,2661,2674,2679,2986,2988,3034,3210,3284,3488,3618,4472,4744,4746,4791,5206,5525,5722,6145,6930,8229,
64;0;3561;3717;1;24,27,36,87,88,100,137,139,144,225,228,231,233,234,244,262,266,277,284,329,351,395,400,404,429,430,591,640,644,647,694,765,767,827,833,854,855,863,948,1093,1095,1117,1146,1147,1177,1214,1287,1293,1295,1322,1361,1407,1417,1474,1476,1478,1479,1633,1922,1936,2498,2645,2661,2674,2679,2988,3034,3210,3284,3488,3574,4472,5206,5212,5213,5525,5722,6145,6930,8229,
186;0;4320;4408;0;24,27,36,87,88,100,137,139,144,225,228,231,233,234,244,262,266,277,284,329,351,395,400,404,429,430,591,640,644,647,694,765,767,827,833,854,855,863,948,1093,1095,1117,1146,1147,1177,1214,1287,1293,1295,1322,1361,1407,1417,1474,1476,1478,1479,1633,1922,1936,2498,2645,2661,2674,2679,2988,3034,3210,3284,3488,3574,4472,5206,5525,5722,6145,6930,8136,8229,8292,
151;0;4408;4558;1;7,8,24,27,36,87,88,95,100,137,139,144,225,231,233,244,262,277,329,351,390,392,394,395,400,404,429,430,591,640,644,647,765,767,854,855,948,1049,1050,1051,1053,1054,1055,1057,1058,1059,1095,1117,1146,1147,1177,1228,1229,1287,1293,1295,1322,1361,1417,1474,1476,1478,1479,1633,1922,1936,2498,2645,2674,2679,2988,3034,3210,3284,3488,4472,5206,6145,6930,8229,
58;1;4558;4737;1;7,8,24,27,36,87,88,95,100,137,139,144,225,231,233,244,262,277,329,351,354,357,390,392,394,395,400,404,429,430,591,640,644,647,765,767,854,855,948,1049,1050,1051,1054,1058,1095,1117,1146,1147,1177,1287,1293,1295,1322,1361,1417,1474,1476,1478,1479,1666,1922,1936,2498,2645,2674,2679,2714,2988,3034,3210,3284,3488,4311,4312,4472,5206,6145,6848,6930,8229,
43;0;4737;4784;1;24,27,36,87,88,95,100,137,139,144,225,231,233,274,275,277,329,351,390,392,394,395,400,404,429,430,591,640,644,647,769,816,843,854,855,948,951,1043,1051,1072,1095,1117,1146,1147,1177,1287,1293,1295,1322,1361,1417,1474,1476,1478,1479,1610,1916,1922,1936,2338,2398,2498,2645,2674,2679,2680,2988,3034,3210,3488,4080,4747,4753,4829,5206,5531,5757,6145,6930,8229,
163;0;4784;4876;0;24,27,36,87,88,95,100,137,139,144,145,149,225,231,233,241,274,275,277,314,321,329,351,390,391,392,394,395,400,404,429,430,591,640,644,647,769,816,843,854,855,948,951,1043,1051,1072,1095,1117,1146,1147,1177,1287,1293,1295,1322,1361,1417,1474,1476,1478,1479,1610,1916,1922,1936,2338,2398,2498,2645,2674,2679,2988,3034,3210,3488,4747,5206,6145,6930,8229,
20;0;4876;5031;1;24,27,36,87,88,95,100,137,139,144,145,149,225,231,233,241,274,275,277,314,321,329,351,390,391,392,394,395,400,404,429,430,591,640,644,647,769,816,843,854,855,948,951,1043,1051,1072,1095,1117,1146,1147,1177,1287,1293,1295,1322,1361,1417,1474,1476,1478,1479,1610,1916,1922,1936,2338,2498,2645,2674,2679,2988,3034,3210,3488,4747,4770,5206,6145,6930,8229,
29;1;5031;5172;1;24,27,36,87,88,95,100,137,139,144,145,149,225,233,241,275,314,321,329,351,390,391,392,394,395,400,404,429,430,591,640,644,769,843,854,948,1051,1095,1117,1118,1146,1147,1177,1178,1287,1293,1295,1322,1354,1360,1361,1417,1474,1476,1478,1480,1920,1922,1936,2338,2498,2645,2674,2679,2988,3034,3210,3488,3630,3715,4407,4553,4675,4747,5135,5206,5207,6145,6930,8229,
64;1;5172;5214;1;24,27,36,87,88,95,100,137,139,144,145,149,225,233,241,275,314,321,329,351,390,391,392,394,395,400,404,429,430,591,640,644,769,843,854,948,1051,1095,1117,1118,1146,1147,1177,1178,1287,1293,1295,1322,1354,1360,1361,1417,1474,1476,1478,1480,1920,1922,1936,2338,2498,2645,2674,2679,2988,3034,3210,3488,3630,3715,4407,4553,4675,4747,5135,5206,5207,6145,6930,8229,
18;0;5760;5801;1;24,27,87,88,95,100,137,144,145,149,225,233,241,275,314,321,351,390,391,392,394,395,400,404,429,430,591,644,769,843,854,948,1051,1117,1118,1146,1147,1177,1287,1293,1295,1322,1360,1361,1417,1474,1478,1922,1936,2338,2498,2645,2674,2679,2988,3182,3183,3210,3483,3484,3485,3486,3488,3489,3490,3491,3492,3493,3494,3496,3497,3498,3499,3659,3660,4747,5206,6145,6930,8229,
181;0;5801;5882;1;24,27,87,88,95,100,137,144,145,149,150,155,225,241,248,251,275,351,390,391,392,394,395,400,404,429,430,457,591,644,731,732,769,843,948,1051,1117,1118,1146,1177,1280,1287,1293,1295,1322,1326,1360,1361,1417,1478,1548,1849,1853,1922,1936,2408,2498,2645,2674,2679,2873,2982,2988,3004,3070,3598,3613,3814,3830,3842,4124,4462,4747,5206,5487,6145,6656,6930,8229,9194,
70;1;5882;5978;1;24,27,87,88,95,100,137,144,145,149,150,155,225,241,248,251,275,351,390,391,392,394,395,400,404,429,430,457,591,644,731,732,769,843,948,1051,1117,1118,1146,1177,1280,1287,1293,1295,1322,1326,1358,1360,1361,1417,1478,1548,1751,1849,1853,1922,1936,2408,2498,2645,2674,2679,2873,2914,2915,2982,2988,3004,3070,3598,3613,3814,3842,4462,4747,5206,6145,6930,8229,9194,
165;0;5978;6022;1;24,27,59,87,88,95,100,137,144,145,149,150,155,170,196,221,225,241,248,251,275,351,390,391,392,394,395,400,404,429,430,457,547,591,644,731,732,769,843,948,1051,1117,1118,1146,1177,1280,1287,1293,1295,1322,1326,1358,1361,1417,1478,1541,1853,1922,1936,2031,2414,2498,2645,2674,2679,2873,2988,3070,3347,3598,3613,3814,3842,4462,4747,5206,6145,6930,8229,9194,
3;1;6022;6137;0;24,27,59,87,88,95,100,137,144,145,149,150,155,170,196,221,225,241,248,251,275,351,390,391,392,394,395,400,404,429,430,457,547,591,644,731,732,769,843,948,1051,1117,1118,1146,1177,1280,1287,1293,1295,1322,1326,1358,1361,1363,1417,1478,1541,1853,1922,2381,2414,2498,2645,2674,2679,2824,2873,2988,3070,3598,3613,3814,3842,4462,4747,5206,6145,6930,8229,9194,
12;1;6137;6184;0;24,27,59,87,88,95,100,137,144,145,149,150,155,170,196,225,241,248,251,275,291,351,390,391,392,394,395,400,404,429,430,457,591,644,769,843,848,948,1051,1117,1118,1146,1280,1287,1293,1295,1322,1358,1361,1363,1417,1478,1541,1853,1922,2381,2394,2414,2498,2645,2674,2679,2687,2873,2988,3070,3598,3613,3814,3842,4462,4747,5206,6098,6145,6930,7316,8229,8391,9194,
176;0;6184;6198;0;24,27,59,87,88,95,100,137,144,145,149,150,155,170,196,225,241,248,251,275,291,351,390,391,392,394,395,400,404,429,430,457,591,644,769,843,848,948,1051,1117,1118,1146,1280,1287,1293,1295,1322,1358,1361,1363,1417,1478,1541,1853,1922,2381,2394,2414,2498,2645,2674,2679,2687,2873,2988,3070,3598,3613,3814,3842,4462,4747,5206,6098,6145,6930,7316,8229,8391,9194,
194;0;6198;6363;1;24,27,59,87,88,95,100,137,144,145,149,150,155,170,196,225,241,248,251,275,291,351,390,391,392,394,395,400,404,429,430,457,591,644,769,843,848,948,1051,1117,1118,1146,1280,1287,1293,1295,1322,1358,1361,1363,1417,1478,1541,1853,1922,2414,2498,2645,2674,2679,2873,2988,3070,3598,3613,3814,3842,4462,4747,5206,6145,6930,7953,7954,8229,8277,8285,8589,8592,9194,
69;0;6363;6437;1;24,27,59,87,88,95,100,137,144,145,149,150,155,170,196,225,241,248,251,275,291,351,390,391,392,394,395,400,404,429,430,457,591,644,715,769,843,848,948,1051,1117,1118,1146,1280,1287,1293,1295,1322,1358,1361,1363,1417,1478,1541,1853,1922,2405,2414,2498,2645,2674,2676,2679,2873,2988,3069,3070,3598,3613,3814,3842,4462,4747,5206,6145,6930,7953,7954,8229,9194,
19;0;6437;6581;1;24,27,59,87,88,95,100,137,144,145,149,150,155,170,196,225,241,248,251,275,291,351,390,391,392,394,395,400,404,429,430,457,591,644,715,769,843,848,948,1051,1117,1118,1146,1280,1287,1293,1295,1322,1358,1361,1363,1417,1478,1541,1834,1853,1922,2405,2414,2498,2645,2674,2676,2679,2873,2988,3069,3070,3598,3613,3814,3842,4462,4747,5206,6145,6930,7953,7954,9194,
18;1;7200;7303;1;24,27,59,87,88,90,95,100,137,144,145,149,150,155,196,225,241,248,251,275,291,351,390,391,392,395,400,404,429,430,457,591,644,715,769,772,773,843,948,1051,1117,1118,1146,1280,1287,1293,1295,1322,1358,1361,1363,1417,1478,1541,1853,1922,2414,2498,2645,2674,2679,2873,2988,3070,3598,3613,3814,3842,4427,4462,4728,4747,5107,5108,5109,5206,6930,7953,7954,9194,
37;1;7303;7391;1;24,27,59,87,88,90,95,100,137,144,145,149,150,155,196,225,241,248,251,275,291,351,390,391,392,395,400,404,429,430,457,559,591,644,715,769,772,773,843,948,1051,1117,1118,1146,1269,1270,1271,1275,1280,1284,1287,1289,1290,1293,1295,1322,1358,1361,1363,1417,1478,1541,1853,2414,2645,2674,2679,2873,2988,3070,3598,3613,3814,3842,4462,5206,6930,7953,7954,9194,
44;1;7391;7467;1;24,27,87,88,90,95,100,117,137,144,145,149,196,225,241,251,275,291,351,390,391,392,395,396,397,404,429,430,457,644,715,769,772,773,843,948,1051,1117,1118,1146,1269,1275,1284,1287,1289,1290,1293,1358,1361,1417,1478,1541,1853,2414,2645,2674,2679,2774,2775,2777,2778,2802,2988,3070,3263,3814,3842,4605,4606,4612,4628,4775,5052,5206,6841,6930,8007,8008,8009,8010,
48;0;7467;7503;1;24,27,87,88,90,95,100,117,137,143,144,145,149,196,225,241,251,275,291,351,390,391,392,395,396,397,404,429,430,457,644,715,769,772,773,843,948,1051,1117,1118,1146,1269,1275,1284,1287,1289,1290,1293,1358,1361,1417,1478,1541,1853,2414,2645,2674,2679,2774,2775,2777,2778,2802,2988,3070,3263,3814,3842,4605,4606,4612,4628,4775,5052,5206,6841,6930,7036,8007,8008,
207;0;7503;7531;1;24,27,87,88,90,95,100,117,137,143,144,145,149,196,225,241,251,275,291,351,390,391,392,395,396,397,404,429,430,457,580,644,715,769,772,773,843,948,1051,1117,1118,1146,1269,1275,1284,1287,1289,1290,1293,1358,1417,1478,1541,1779,1853,2414,2645,2674,2679,2774,2775,2777,2778,2969,3070,3078,3263,3395,3726,3727,3728,3729,3730,3731,3732,3814,3842,4612,5206,6930,
11;0;7531;7537;0;24,27,48,87,88,90,95,100,117,137,143,144,145,149,196,225,241,251,275,291,351,390,391,392,395,396,397,404,429,430,457,580,644,715,769,772,773,843,948,973,1013,1047,1051,1117,1118,1146,1261,1269,1275,1284,1287,1289,1290,1293,1358,1417,1478,1541,1650,1779,1853,2270,2414,2645,2674,2679,2774,2775,2777,2778,3070,3263,3814,3842,4612,5206,5278,5279,5280,6930,
50;0;7537;7626;0;24,27,48,87,88,90,95,100,117,137,143,144,145,149,196,225,241,251,275,291,351,390,391,392,395,396,397,404,429,430,457,580,644,715,769,772,773,843,948,973,1013,1047,1051,1117,1118,1146,1261,1269,1275,1284,1287,1289,1290,1293,1358,1417,1478,1541,1650,1853,2414,2645,2674,2679,2774,2775,2777,2778,3070,3263,3814,3842,4612,5206,6930,8467,8471,8472,8473,8474,
31;1;7626;7783;1;24,27,48,87,88,90,95,100,117,137,143,144,145,149,196,225,241,251,275,291,351,390,391,392,395,396,397,404,429,430,457,580,644,715,769,772,773,843,948,973,1013,1047,1051,1117,1118,1146,1261,1269,1275,1284,1287,1289,1290,1293,1358,1417,1478,1541,1650,1853,2414,2645,2674,2679,2774,2775,2777,2778,3070,3263,3814,3842,4612,5206,6729,6930,7171,7933,8467,8471,
16;1;7783;7795;0;24,27,48,87,88,90,95,100,117,137,143,144,145,149,196,225,241,251,275,291,351,390,391,392,395,396,397,404,429,430,457,580,644,715,769,772,773,843,948,973,1013,1047,1051,1117,1118,1146,1261,1269,1275,1284,1287,1289,1290,1293,1358,1417,1478,1541,1650,1853,2414,2645,2674,2679,2774,2775,2777,2778,3070,3263,3814,3842,4612,5206,6729,6930,7171,7933,8467,8471,
17;1;7795;7883;1;24,27,87,88,90,95,100,117,137,144,145,149,196,225,241,251,275,291,351,390,391,392,395,396,397,404,429,430,580,644,715,769,772,773,843,948,1051,1117,1118,1146,1269,1284,1287,1289,1290,1293,1358,1417,1478,2645,2674,2679,2774,2775,2778,3070,3263,3814,4612,5206,6729,6930,8551,8559,9049,9050,9051,9052,9053,9054,9055,9056,9057,9058,9059,9060,9061,9062,9063,9064,
22;0;7883;7901;0;4,24,27,87,88,90,95,100,117,137,144,145,149,196,225,241,251,275,291,301,306,351,390,391,392,395,396,397,404,405,429,430,580,644,715,769,772,773,843,948,1051,1052,1117,1118,1146,1269,1284,1287,1289,1290,1293,1358,1417,1473,1478,1620,1664,2428,2645,2674,2679,2774,2775,2778,2820,3070,3263,3814,4612,5206,5588,6729,6930,8551,8559,9049,9050,9051,9052,9053,
7;0;7901;8045;1;4,24,27,87,88,90,95,100,117,137,144,145,149,196,225,241,251,275,291,301,306,351,390,391,392,395,396,397,404,405,429,430,580,644,715,769,772,773,843,948,1051,1052,1117,1118,1146,1269,1284,1287,1289,1290,1293,1358,1417,1473,1478,1620,1664,2240,2428,2645,2674,2679,2774,2775,2778,2820,2836,3070,3263,3814,4612,5206,5588,5998,6617,6729,6930,8551,8559,9049,
END;130;1129;108;19;1121
TIME;73057
LOWERBOUND;20822
