./input/MyInstancesSameToolSets/n=228,p=0.25,r=0.6,t=1520,v3.csv;./input/Processed/ToolSetInt.csv
6;720;1440
Machine: 0
117;0;0;161;0;15,16,18,21,24,34,35,36,41,44,52,53,55,57,59,61,66,206,248,374,491,494,503,504,577,736,875,1268,1277,1287,1290,1292,1293,1294,1295,1322,1418,1558,1657,1712,1781,1796,1992,2240,2410,2421,2469,2471,2472,2836,2837,2838,2844,2941,3381,3814,4012,4102,4182,4262,4327,4456,4457,6270,6488,6641,6694,7339,7362,7363,7364,7365,7366,7369,7399,7413,7579,7594,7854,7946,
117;1;161;200;0;15,16,18,21,24,34,35,36,41,44,52,53,55,57,59,61,66,206,248,374,491,494,503,504,577,736,875,1268,1277,1287,1290,1292,1293,1294,1295,1322,1418,1558,1657,1712,1781,1796,1992,2240,2410,2421,2469,2471,2472,2836,2837,2838,2844,2941,3381,3814,4012,4102,4182,4262,4327,4456,4457,6270,6488,6641,6694,7339,7362,7363,7364,7365,7366,7369,7399,7413,7579,7594,7854,7946,
3;0;200;339;1;15,16,18,21,24,34,35,36,41,44,52,53,55,57,59,61,66,206,248,374,491,494,503,504,577,736,875,1268,1277,1287,1290,1292,1293,1294,1295,1322,1418,1558,1657,1712,1781,1796,1992,2240,2410,2421,2469,2471,2472,2836,2837,2838,2844,2941,3381,3814,4012,4102,4182,4262,4327,4456,4457,6270,6488,6641,6694,7339,7362,7363,7364,7365,7366,7369,7399,7413,7579,7594,7854,7946,
96;0;339;391;0;15,16,18,21,24,34,35,36,41,44,52,53,55,57,59,61,66,206,248,374,491,494,503,504,577,736,875,1268,1277,1287,1290,1292,1293,1294,1295,1322,1418,1558,1657,1712,1781,1796,1992,2240,2410,2421,2469,2471,2472,2836,2837,2838,2844,2941,3381,3814,4012,4102,4182,4262,4327,4456,4457,6270,6488,6641,6694,7339,7362,7363,7364,7365,7366,7369,7399,7413,7579,7594,7854,7946,
96;1;391;525;0;15,16,18,21,24,34,35,36,41,44,52,53,55,57,59,61,66,206,248,374,491,494,503,504,577,736,875,1268,1277,1287,1290,1292,1293,1294,1295,1322,1418,1558,1657,1712,1781,1796,1992,2240,2410,2421,2469,2471,2472,2836,2837,2838,2844,2941,3381,3814,4012,4102,4182,4262,4327,4456,4457,6270,6488,6641,6694,7339,7362,7363,7364,7365,7366,7369,7399,7413,7579,7594,7854,7946,
37;0;525;691;1;15,16,18,21,24,34,35,36,41,44,52,53,55,57,59,61,66,206,248,374,491,494,503,504,577,736,875,1268,1277,1287,1290,1292,1293,1294,1295,1322,1418,1558,1657,1712,1781,1796,1992,2240,2410,2421,2469,2471,2472,2836,2837,2838,2844,2941,3381,3814,4012,4102,4182,4262,4327,4456,4457,6270,6488,6641,6694,7339,7362,7363,7364,7365,7366,7369,7399,7413,7579,7594,7854,7946,
18;0;691;839;1;15,16,18,21,24,34,35,36,41,44,52,53,55,57,59,61,66,206,248,374,491,494,503,504,577,736,875,1268,1277,1287,1290,1292,1293,1294,1295,1322,1418,1558,1657,1712,1781,1796,1992,2240,2410,2421,2469,2471,2472,2836,2837,2838,2844,2941,3381,3814,4012,4102,4182,4262,4327,4456,4457,6270,6488,6641,6694,7339,7362,7363,7364,7365,7366,7369,7399,7413,7579,7594,7854,7946,
95;0;839;867;0;15,16,18,21,24,34,35,36,41,44,52,53,55,57,59,61,66,206,248,374,491,494,503,504,577,736,875,1268,1277,1287,1290,1292,1293,1294,1295,1322,1418,1558,1657,1712,1781,1796,1992,2240,2410,2421,2469,2471,2472,2836,2837,2838,2844,2941,3381,3814,4012,4102,4182,4262,4327,4456,4457,6270,6488,6641,6694,7339,7362,7363,7364,7365,7366,7369,7399,7413,7579,7594,7854,7946,
95;1;867;936;0;15,16,18,21,24,34,35,36,41,44,52,53,55,57,59,61,66,206,248,374,491,494,503,504,577,736,875,1268,1277,1287,1290,1292,1293,1294,1295,1322,1418,1558,1657,1712,1781,1796,1992,2240,2410,2421,2469,2471,2472,2836,2837,2838,2844,2941,3381,3814,4012,4102,4182,4262,4327,4456,4457,6270,6488,6641,6694,7339,7362,7363,7364,7365,7366,7369,7399,7413,7579,7594,7854,7946,
34;0;936;1100;1;15,16,18,21,24,34,35,36,41,44,52,53,55,57,59,61,66,206,248,374,491,494,503,504,577,736,875,1268,1277,1287,1290,1292,1293,1294,1295,1322,1418,1558,1657,1712,1781,1796,1992,2240,2410,2421,2469,2471,2472,2836,2837,2838,2844,2941,3381,3814,4012,4102,4182,4262,4327,4456,4457,6270,6488,6641,6694,7339,7362,7363,7364,7365,7366,7369,7399,7413,7579,7594,7854,7946,
34;1;1100;1177;1;15,16,18,21,24,34,35,36,41,44,52,53,55,57,59,61,66,206,248,374,491,494,503,504,577,736,875,1268,1277,1287,1290,1292,1293,1294,1295,1322,1418,1558,1657,1712,1781,1796,1992,2240,2410,2421,2469,2471,2472,2836,2837,2838,2844,2941,3381,3814,4012,4102,4182,4262,4327,4456,4457,6270,6488,6641,6694,7339,7362,7363,7364,7365,7366,7369,7399,7413,7579,7594,7854,7946,
130;0;1177;1207;0;15,16,18,21,24,34,35,36,41,44,52,53,55,57,59,61,66,206,248,374,491,494,503,504,577,736,875,1268,1277,1287,1290,1292,1293,1294,1295,1322,1418,1558,1657,1712,1781,1796,1992,2240,2410,2421,2469,2471,2472,2836,2837,2838,2844,2941,3381,3814,4012,4102,4182,4262,4327,4456,4457,6270,6488,6641,6694,7339,7362,7363,7364,7365,7366,7369,7399,7413,7579,7594,7854,7946,
130;1;1207;1355;0;15,16,18,21,24,34,35,36,41,44,52,53,55,57,59,61,66,206,248,374,491,494,503,504,577,736,875,1268,1277,1287,1290,1292,1293,1294,1295,1322,1418,1558,1657,1712,1781,1796,1992,2240,2410,2421,2469,2471,2472,2836,2837,2838,2844,2941,3381,3814,4012,4102,4182,4262,4327,4456,4457,6270,6488,6641,6694,7339,7362,7363,7364,7365,7366,7369,7399,7413,7579,7594,7854,7946,
73;0;1355;1492;0;15,16,18,21,24,34,35,36,41,44,52,53,55,57,59,61,66,206,248,374,491,494,503,504,577,736,875,1268,1277,1287,1290,1292,1293,1294,1295,1322,1418,1558,1657,1712,1781,1796,1992,2240,2410,2421,2469,2471,2472,2836,2837,2838,2844,2941,3381,3814,4012,4102,4182,4262,4327,4456,4457,6270,6488,6641,6694,7339,7362,7363,7364,7365,7366,7369,7399,7413,7579,7594,7854,7946,
73;1;1492;1623;0;15,16,18,21,24,34,35,36,41,44,52,53,55,57,59,61,66,206,248,374,491,494,503,504,577,736,875,1268,1277,1287,1290,1292,1293,1294,1295,1322,1418,1558,1657,1712,1781,1796,1992,2240,2410,2421,2469,2471,2472,2836,2837,2838,2844,2941,3381,3814,4012,4102,4182,4262,4327,4456,4457,6270,6488,6641,6694,7339,7362,7363,7364,7365,7366,7369,7399,7413,7579,7594,7854,7946,
28;0;1623;1772;1;15,16,18,21,24,34,35,36,41,44,52,53,55,57,59,61,66,206,248,374,491,494,503,504,577,736,875,1268,1277,1287,1290,1292,1293,1294,1295,1322,1418,1558,1657,1712,1781,1796,1992,2240,2410,2421,2469,2471,2472,2836,2837,2838,2844,2941,3381,3814,4012,4102,4182,4262,4327,4456,4457,6270,6488,6641,6694,7339,7362,7363,7364,7365,7366,7369,7399,7413,7579,7594,7854,7946,
140;0;1772;1833;0;15,16,18,21,24,34,35,36,41,44,52,53,55,57,59,61,66,206,248,374,491,494,503,504,577,736,875,1268,1277,1287,1290,1292,1293,1294,1295,1322,1418,1558,1657,1712,1781,1796,1992,2240,2410,2421,2469,2471,2472,2836,2837,2838,2844,2941,3381,3814,4012,4102,4182,4262,4327,4456,4457,6270,6488,6641,6694,7339,7362,7363,7364,7365,7366,7369,7399,7413,7579,7594,7854,7946,
140;1;1833;1983;0;15,16,18,21,24,34,35,36,41,44,52,53,55,57,59,61,66,206,248,374,491,494,503,504,577,736,875,1268,1277,1287,1290,1292,1293,1294,1295,1322,1418,1558,1657,1712,1781,1796,1992,2240,2410,2421,2469,2471,2472,2836,2837,2838,2844,2941,3381,3814,4012,4102,4182,4262,4327,4456,4457,6270,6488,6641,6694,7339,7362,7363,7364,7365,7366,7369,7399,7413,7579,7594,7854,7946,
19;0;1983;2154;1;15,16,18,21,24,34,35,36,41,44,52,53,55,57,59,61,66,206,248,374,491,494,503,504,577,736,875,1268,1277,1287,1290,1292,1293,1294,1295,1322,1418,1558,1657,1712,1781,1796,1992,2240,2410,2421,2469,2471,2472,2836,2837,2838,2844,2941,3381,3814,4012,4102,4182,4262,4327,4456,4457,6270,6488,6641,6694,7339,7362,7363,7364,7365,7366,7369,7399,7413,7579,7594,7854,7946,
19;1;2154;2208;1;15,16,18,21,24,34,35,36,41,44,52,53,55,57,59,61,66,206,248,374,491,494,503,504,577,736,875,1268,1277,1287,1290,1292,1293,1294,1295,1322,1418,1558,1657,1712,1781,1796,1992,2240,2410,2421,2469,2471,2472,2836,2837,2838,2844,2941,3381,3814,4012,4102,4182,4262,4327,4456,4457,6270,6488,6641,6694,7339,7362,7363,7364,7365,7366,7369,7399,7413,7579,7594,7854,7946,
127;0;2208;2264;0;15,16,18,21,24,34,35,36,41,44,52,53,55,57,59,61,66,206,248,374,491,494,503,504,577,736,875,1268,1277,1287,1290,1292,1293,1294,1295,1322,1418,1558,1657,1712,1781,1796,1992,2240,2410,2421,2469,2471,2472,2836,2837,2838,2844,2941,3381,3814,4012,4102,4182,4262,4327,4456,4457,6270,6488,6641,6694,7339,7362,7363,7364,7365,7366,7369,7399,7413,7579,7594,7854,7946,
127;1;2264;2398;0;15,16,18,21,24,34,35,36,41,44,52,53,55,57,59,61,66,206,248,374,491,494,503,504,577,736,875,1268,1277,1287,1290,1292,1293,1294,1295,1322,1418,1558,1657,1712,1781,1796,1992,2240,2410,2421,2469,2471,2472,2836,2837,2838,2844,2941,3381,3814,4012,4102,4182,4262,4327,4456,4457,6270,6488,6641,6694,7339,7362,7363,7364,7365,7366,7369,7399,7413,7579,7594,7854,7946,
94;0;2398;2419;0;15,16,18,21,24,34,35,36,41,44,52,53,55,57,59,61,66,206,248,374,491,494,503,504,577,736,875,1268,1277,1287,1290,1292,1293,1294,1295,1322,1418,1558,1657,1712,1781,1796,1992,2240,2410,2421,2469,2471,2472,2836,2837,2838,2844,2941,3381,3814,4012,4102,4182,4262,4327,4456,4457,6270,6488,6641,6694,7339,7362,7363,7364,7365,7366,7369,7399,7413,7579,7594,7854,7946,
23;0;2419;2506;1;15,16,18,21,24,34,35,36,41,44,52,53,55,57,59,61,66,206,248,374,491,494,503,504,577,736,875,1268,1277,1287,1290,1292,1293,1294,1295,1322,1418,1558,1657,1712,1781,1796,1992,2240,2410,2421,2469,2471,2472,2836,2837,2838,2844,2941,3381,3814,4012,4102,4182,4262,4327,4456,4457,6270,6488,6641,6694,7339,7362,7363,7364,7365,7366,7369,7399,7413,7579,7594,7854,7946,
113;0;2506;2515;0;15,16,18,21,24,34,35,36,41,44,52,53,55,57,59,61,66,206,248,374,491,494,503,504,577,736,875,1268,1277,1287,1290,1292,1293,1294,1295,1322,1418,1558,1657,1712,1781,1796,1992,2240,2410,2421,2469,2471,2472,2836,2837,2838,2844,2941,3381,3814,4012,4102,4182,4262,4327,4456,4457,6270,6488,6641,6694,7339,7362,7363,7364,7365,7366,7369,7399,7413,7579,7594,7854,7946,
113;1;2515;2608;0;15,16,18,21,24,34,35,36,41,44,52,53,55,57,59,61,66,206,248,374,491,494,503,504,577,736,875,1268,1277,1287,1290,1292,1293,1294,1295,1322,1418,1558,1657,1712,1781,1796,1992,2240,2410,2421,2469,2471,2472,2836,2837,2838,2844,2941,3381,3814,4012,4102,4182,4262,4327,4456,4457,6270,6488,6641,6694,7339,7362,7363,7364,7365,7366,7369,7399,7413,7579,7594,7854,7946,
58;0;2608;2673;0;15,16,18,21,24,34,35,36,41,44,52,53,55,57,59,61,66,206,248,374,491,494,503,504,577,736,875,1268,1277,1287,1290,1292,1293,1294,1295,1322,1418,1558,1657,1712,1781,1796,1992,2240,2410,2421,2469,2471,2472,2836,2837,2838,2844,2941,3381,3814,4012,4102,4182,4262,4327,4456,4457,6270,6488,6641,6694,7339,7362,7363,7364,7365,7366,7369,7399,7413,7579,7594,7854,7946,
58;1;2673;2821;0;15,16,18,21,24,34,35,36,41,44,52,53,55,57,59,61,66,206,248,374,491,494,503,504,577,736,875,1268,1277,1287,1290,1292,1293,1294,1295,1322,1418,1558,1657,1712,1781,1796,1992,2240,2410,2421,2469,2471,2472,2836,2837,2838,2844,2941,3381,3814,4012,4102,4182,4262,4327,4456,4457,6270,6488,6641,6694,7339,7362,7363,7364,7365,7366,7369,7399,7413,7579,7594,7854,7946,
80;0;2821;2875;0;15,16,18,21,24,34,35,36,41,44,52,53,55,57,59,61,66,206,248,374,491,494,503,504,577,736,875,1268,1277,1287,1290,1292,1293,1294,1295,1322,1418,1558,1657,1712,1781,1796,1992,2240,2410,2421,2469,2471,2472,2836,2837,2838,2844,2941,3381,3814,4012,4102,4182,4262,4327,4456,4457,6270,6488,6641,6694,7339,7362,7363,7364,7365,7366,7369,7399,7413,7579,7594,7854,7946,
80;1;2875;2963;0;15,16,18,21,24,34,35,36,41,44,52,53,55,57,59,61,66,206,248,374,491,494,503,504,577,736,875,1268,1277,1287,1290,1292,1293,1294,1295,1322,1418,1558,1657,1712,1781,1796,1992,2240,2410,2421,2469,2471,2472,2836,2837,2838,2844,2941,3381,3814,4012,4102,4182,4262,4327,4456,4457,6270,6488,6641,6694,7339,7362,7363,7364,7365,7366,7369,7399,7413,7579,7594,7854,7946,
6;0;2963;3062;1;15,16,17,18,19,20,21,22,23,24,25,26,34,35,36,37,38,39,40,41,42,43,44,45,46,48,49,50,51,52,53,54,55,56,57,58,59,60,61,66,206,248,374,491,494,503,504,577,736,875,1268,1277,1287,1290,1292,1293,1294,1295,1322,1418,1558,1657,1712,1781,1796,1992,2240,2410,2421,2469,2471,2472,2836,2837,2838,2844,2941,4262,4327,7854,
138;0;3062;3107;0;15,16,17,18,19,20,21,22,23,24,25,26,34,35,36,37,38,39,40,41,42,43,44,45,46,48,49,50,51,52,53,54,55,56,57,58,59,60,61,66,202,206,248,374,412,491,494,503,504,577,632,736,791,875,1268,1277,1287,1290,1293,1294,1295,1322,1509,1558,1691,1781,1992,2028,2413,2471,2836,2935,2937,2938,2940,2941,2942,4262,4327,7854,
138;1;3107;3204;0;15,16,17,18,19,20,21,22,23,24,25,26,34,35,36,37,38,39,40,41,42,43,44,45,46,48,49,50,51,52,53,54,55,56,57,58,59,60,61,66,202,206,248,374,412,491,494,503,504,577,632,736,791,875,1268,1277,1287,1290,1293,1294,1295,1322,1509,1558,1691,1781,1992,2028,2413,2471,2836,2935,2937,2938,2940,2941,2942,4262,4327,7854,
32;0;3204;3248;1;15,16,17,18,19,20,21,22,23,24,25,26,34,35,37,38,39,40,41,42,44,46,48,49,51,52,53,54,55,56,58,59,60,61,66,152,170,202,206,374,412,503,504,577,632,791,873,875,973,1268,1287,1293,1294,1295,1322,1541,1558,1691,1781,1992,2025,2028,2413,2471,2836,2937,2938,2940,2941,2942,3595,4003,4262,4327,5124,5125,5126,5127,5128,7854,
32;1;3248;3375;1;15,16,17,18,19,20,21,22,23,24,25,26,34,35,37,38,39,40,41,42,44,46,48,49,51,52,53,54,55,56,58,59,60,61,66,152,170,202,206,374,412,503,504,577,632,791,873,875,973,1268,1287,1293,1294,1295,1322,1541,1558,1691,1781,1992,2025,2028,2413,2471,2836,2937,2938,2940,2941,2942,3595,4003,4262,4327,5124,5125,5126,5127,5128,7854,
98;0;3375;3515;0;15,16,17,18,19,20,21,22,23,24,25,26,34,35,37,38,39,40,41,42,44,46,48,49,51,52,53,54,55,56,58,59,60,61,66,152,170,202,206,374,412,503,504,577,579,632,791,873,875,973,1268,1283,1287,1293,1294,1295,1322,1419,1541,1558,1691,1781,1940,1992,2025,2028,2305,2413,2471,2836,2937,2938,2940,2941,2942,3595,4003,4262,4327,7854,
98;1;3515;3533;0;15,16,17,18,19,20,21,22,23,24,25,26,34,35,37,38,39,40,41,42,44,46,48,49,51,52,53,54,55,56,58,59,60,61,66,152,170,202,206,374,412,503,504,577,579,632,791,873,875,973,1268,1283,1287,1293,1294,1295,1322,1419,1541,1558,1691,1781,1940,1992,2025,2028,2305,2413,2471,2836,2937,2938,2940,2941,2942,3595,4003,4262,4327,7854,
97;0;3533;3657;0;15,16,17,18,19,20,21,22,23,24,25,26,34,35,37,38,39,40,41,42,44,46,48,49,51,52,53,54,55,56,58,59,60,61,66,126,152,170,202,206,364,374,412,503,504,506,577,579,632,791,873,875,973,1143,1268,1283,1287,1293,1294,1295,1322,1419,1541,1558,1691,1781,1940,1992,2195,2196,2197,2305,2413,2471,2836,2940,2941,4262,4327,7854,
97;1;3657;3810;0;15,16,17,18,19,20,21,22,23,24,25,26,34,35,37,38,39,40,41,42,44,46,48,49,51,52,53,54,55,56,58,59,60,61,66,126,152,170,202,206,364,374,412,503,504,506,577,579,632,791,873,875,973,1143,1268,1283,1287,1293,1294,1295,1322,1419,1541,1558,1691,1781,1940,1992,2195,2196,2197,2305,2413,2471,2836,2940,2941,4262,4327,7854,
35;0;4320;4492;1;15,16,17,18,19,20,21,22,23,24,25,26,34,35,37,38,39,40,41,42,44,46,48,49,51,52,53,54,55,56,58,59,60,61,66,152,170,202,206,374,503,504,506,577,579,637,734,791,873,973,1268,1283,1287,1293,1294,1295,1322,1541,1558,1781,1992,2064,2078,2171,2263,2273,2274,2275,2276,2277,2278,2305,2413,2471,2836,2940,2941,4262,4327,7854,
128;0;4492;4588;0;15,16,17,18,19,20,21,22,23,24,25,26,34,35,37,38,39,40,41,42,44,46,48,49,51,52,53,54,55,56,58,59,60,61,66,152,170,202,206,374,479,503,504,506,577,579,637,734,791,873,973,1268,1269,1283,1287,1293,1294,1295,1322,1541,1558,1781,1992,2064,2172,2263,2273,2305,2413,2471,2836,2940,2941,3254,3382,4262,4327,5308,6426,7854,
128;1;4588;4686;0;15,16,17,18,19,20,21,22,23,24,25,26,34,35,37,38,39,40,41,42,44,46,48,49,51,52,53,54,55,56,58,59,60,61,66,152,170,202,206,374,479,503,504,506,577,579,637,734,791,873,973,1268,1269,1283,1287,1293,1294,1295,1322,1541,1558,1781,1992,2064,2172,2263,2273,2305,2413,2471,2836,2940,2941,3254,3382,4262,4327,5308,6426,7854,
56;0;4686;4706;0;15,16,17,18,19,20,21,22,23,24,25,26,34,35,37,38,39,40,41,42,44,46,48,49,51,52,53,54,55,56,58,59,60,61,66,117,152,170,198,202,206,374,427,479,503,504,506,577,579,609,778,791,873,973,1268,1269,1283,1287,1293,1294,1295,1322,1390,1541,1558,1781,1992,2263,2273,2305,2413,2471,2836,2940,2941,4262,4327,7738,7854,8782,
56;1;4706;4867;0;15,16,17,18,19,20,21,22,23,24,25,26,34,35,37,38,39,40,41,42,44,46,48,49,51,52,53,54,55,56,58,59,60,61,66,117,152,170,198,202,206,374,427,479,503,504,506,577,579,609,778,791,873,973,1268,1269,1283,1287,1293,1294,1295,1322,1390,1541,1558,1781,1992,2263,2273,2305,2413,2471,2836,2940,2941,4262,4327,7738,7854,8782,
1;0;4867;5039;1;15,16,17,19,20,22,23,24,25,26,30,34,35,37,38,39,40,41,42,44,46,48,49,51,52,53,54,56,58,59,60,61,66,79,152,170,198,202,204,205,206,479,502,503,504,506,577,579,609,753,873,964,973,1157,1268,1269,1282,1283,1287,1293,1294,1295,1322,1333,1541,1558,1580,1781,1992,2305,2413,2471,2836,2895,2940,2941,4212,4262,5496,6094,
72;0;5039;5201;0;15,16,17,19,20,22,23,24,25,26,28,30,34,35,37,38,39,40,41,46,48,49,51,52,53,54,56,58,59,60,61,66,78,152,170,198,202,204,205,206,479,490,502,503,504,549,577,579,609,805,873,964,973,1157,1268,1269,1283,1287,1293,1294,1295,1322,1541,1558,1781,1992,2161,2305,2338,2413,2471,2836,2940,2941,3766,3775,4136,4262,5682,5825,
72;1;5201;5278;0;15,16,17,19,20,22,23,24,25,26,28,30,34,35,37,38,39,40,41,46,48,49,51,52,53,54,56,58,59,60,61,66,78,152,170,198,202,204,205,206,479,490,502,503,504,549,577,579,609,805,873,964,973,1157,1268,1269,1283,1287,1293,1294,1295,1322,1541,1558,1781,1992,2161,2305,2338,2413,2471,2836,2940,2941,3766,3775,4136,4262,5682,5825,
53;0;5760;5810;0;15,16,17,19,20,22,23,24,25,26,28,29,30,34,35,37,38,39,40,41,46,48,49,51,52,53,54,56,58,59,60,61,66,78,152,170,198,202,204,205,206,479,490,502,503,504,549,577,579,609,634,873,964,973,1157,1268,1269,1283,1287,1293,1294,1295,1322,1541,1558,1781,1992,2151,2161,2305,2413,2471,2836,2940,2941,3766,3775,4262,5156,5825,
53;1;5810;5985;0;15,16,17,19,20,22,23,24,25,26,28,29,30,34,35,37,38,39,40,41,46,48,49,51,52,53,54,56,58,59,60,61,66,78,152,170,198,202,204,205,206,479,490,502,503,504,549,577,579,609,634,873,964,973,1157,1268,1269,1283,1287,1293,1294,1295,1322,1541,1558,1781,1992,2151,2161,2305,2413,2471,2836,2940,2941,3766,3775,4262,5156,5825,
45;0;5985;6141;0;15,16,17,19,20,22,23,24,25,26,27,28,29,30,34,35,37,38,39,40,41,46,48,49,51,52,53,54,56,58,59,60,61,66,78,152,155,170,198,202,204,205,206,479,502,503,504,518,577,579,609,657,873,964,973,1157,1268,1269,1283,1287,1293,1294,1295,1322,1541,1558,1781,1992,2161,2305,2413,2471,2836,2940,2941,3602,3766,3775,4262,5825,
45;1;6141;6270;0;15,16,17,19,20,22,23,24,25,26,27,28,29,30,34,35,37,38,39,40,41,46,48,49,51,52,53,54,56,58,59,60,61,66,78,152,155,170,198,202,204,205,206,479,502,503,504,518,577,579,609,657,873,964,973,1157,1268,1269,1283,1287,1293,1294,1295,1322,1541,1558,1781,1992,2161,2305,2413,2471,2836,2940,2941,3602,3766,3775,4262,5825,
63;0;6270;6396;0;15,16,17,19,20,22,23,24,25,26,27,28,29,30,34,35,37,38,39,40,41,46,49,51,52,53,54,56,58,59,60,61,66,78,152,170,198,202,204,205,206,479,502,503,504,577,579,581,609,873,964,973,1157,1268,1269,1270,1273,1278,1283,1287,1293,1294,1295,1322,1541,1558,1781,1992,2161,2230,2305,2413,2471,2836,2941,3265,3266,3775,4262,5825,
63;1;6396;6451;0;15,16,17,19,20,22,23,24,25,26,27,28,29,30,34,35,37,38,39,40,41,46,49,51,52,53,54,56,58,59,60,61,66,78,152,170,198,202,204,205,206,479,502,503,504,577,579,581,609,873,964,973,1157,1268,1269,1270,1273,1278,1283,1287,1293,1294,1295,1322,1541,1558,1781,1992,2161,2230,2305,2413,2471,2836,2941,3265,3266,3775,4262,5825,
70;0;6451;6570;0;15,16,17,19,20,22,23,24,25,26,27,28,29,30,34,35,38,46,49,51,52,53,54,56,58,59,60,61,66,152,170,175,202,204,205,206,249,479,502,503,504,577,579,609,748,760,873,964,973,1157,1268,1269,1270,1273,1283,1287,1293,1294,1295,1322,1541,1558,1781,1992,2161,2174,2305,2413,2471,2836,2941,3603,3702,3775,4211,4262,4353,4492,5993,5994,
70;1;6570;6660;0;15,16,17,19,20,22,23,24,25,26,27,28,29,30,34,35,38,46,49,51,52,53,54,56,58,59,60,61,66,152,170,175,202,204,205,206,249,479,502,503,504,577,579,609,748,760,873,964,973,1157,1268,1269,1270,1273,1283,1287,1293,1294,1295,1322,1541,1558,1781,1992,2161,2174,2305,2413,2471,2836,2941,3603,3702,3775,4211,4262,4353,4492,5993,5994,
40;0;7200;7281;0;15,16,17,19,20,22,23,24,25,26,27,28,29,30,34,35,38,46,49,51,52,53,54,56,58,59,60,61,66,152,170,175,202,204,205,206,249,479,502,503,504,528,529,577,579,609,748,873,964,973,1007,1157,1268,1269,1270,1273,1275,1283,1287,1293,1294,1295,1322,1541,1558,1781,1992,2161,2212,2305,2413,2471,2836,2941,3702,3775,4262,4353,5132,5133,
40;1;7281;7322;0;15,16,17,19,20,22,23,24,25,26,27,28,29,30,34,35,38,46,49,51,52,53,54,56,58,59,60,61,66,152,170,175,202,204,205,206,249,479,502,503,504,528,529,577,579,609,748,873,964,973,1007,1157,1268,1269,1270,1273,1275,1283,1287,1293,1294,1295,1322,1541,1558,1781,1992,2161,2212,2305,2413,2471,2836,2941,3702,3775,4262,4353,5132,5133,
22;0;7322;7386;1;15,16,17,19,20,22,23,24,25,26,28,29,30,34,35,38,46,49,51,52,53,54,56,58,59,60,61,66,130,152,170,202,204,205,206,479,503,504,528,529,577,579,609,873,964,973,1157,1268,1269,1270,1283,1287,1322,1481,1541,1558,1992,2161,2305,2413,2836,2941,3775,7692,7693,7694,7695,7696,7697,7698,7699,7700,7701,7702,7703,7704,7705,7706,7707,7708,
22;1;7386;7526;1;15,16,17,19,20,22,23,24,25,26,28,29,30,34,35,38,46,49,51,52,53,54,56,58,59,60,61,66,130,152,170,202,204,205,206,479,503,504,528,529,577,579,609,873,964,973,1157,1268,1269,1270,1283,1287,1322,1481,1541,1558,1992,2161,2305,2413,2836,2941,3775,7692,7693,7694,7695,7696,7697,7698,7699,7700,7701,7702,7703,7704,7705,7706,7707,7708,
30;0;7526;7631;1;15,16,17,19,20,22,23,24,25,26,28,29,30,34,35,38,46,49,51,52,53,54,56,58,59,60,61,66,130,152,170,202,204,205,206,479,499,503,504,528,529,547,569,577,579,609,873,964,973,1157,1249,1268,1269,1270,1281,1283,1287,1304,1322,1481,1541,1558,1935,1936,1992,2161,2305,2413,2836,2860,2941,3775,7692,7693,7694,7695,7696,7697,7698,7699,
30;1;7631;7755;1;15,16,17,19,20,22,23,24,25,26,28,29,30,34,35,38,46,49,51,52,53,54,56,58,59,60,61,66,130,152,170,202,204,205,206,479,499,503,504,528,529,547,569,577,579,609,873,964,973,1157,1249,1268,1269,1270,1281,1283,1287,1304,1322,1481,1541,1558,1935,1936,1992,2161,2305,2413,2836,2860,2941,3775,7692,7693,7694,7695,7696,7697,7698,7699,
7;0;7755;7916;1;15,16,17,19,20,22,23,24,25,26,28,29,30,34,35,38,46,49,51,52,53,54,56,58,59,60,61,66,130,152,170,202,204,205,206,479,499,503,504,528,529,547,569,577,579,609,812,873,964,973,987,1157,1249,1268,1269,1270,1283,1287,1304,1322,1481,1558,1596,1936,1992,2161,2305,2413,2836,2941,2958,2959,3361,3414,3755,3775,4231,4468,4601,4602,
85;0;7916;8079;0;15,16,17,19,20,22,23,24,25,26,28,29,30,34,35,38,46,49,51,52,53,54,56,58,59,60,61,66,130,144,152,170,202,204,205,206,479,499,503,504,528,529,547,569,577,579,609,692,812,873,964,973,987,1157,1201,1268,1269,1270,1283,1287,1304,1322,1481,1529,1596,1936,2161,2305,2627,2657,2692,2941,2959,2986,3775,4376,5402,5484,5485,6235,
85;1;8079;8230;0;15,16,17,19,20,22,23,24,25,26,28,29,30,34,35,38,46,49,51,52,53,54,56,58,59,60,61,66,130,144,152,170,202,204,205,206,479,499,503,504,528,529,547,569,577,579,609,692,812,873,964,973,987,1157,1201,1268,1269,1270,1283,1287,1304,1322,1481,1529,1596,1936,2161,2305,2627,2657,2692,2941,2959,2986,3775,4376,5402,5484,5485,6235,
Machine: 1
65;0;0;29;0;15,16,17,19,20,22,23,24,25,26,29,34,35,38,46,49,51,52,53,54,56,58,59,60,61,66,137,144,149,202,204,205,206,308,390,391,395,503,528,529,577,609,838,873,891,938,973,1117,1145,1146,1147,1148,1157,1163,1164,1165,1166,1167,1168,1169,1170,1171,1172,1173,1174,1175,1176,1177,1268,1269,1270,1287,1304,1322,1481,1936,2161,2305,2627,3775,
65;1;29;144;0;15,16,17,19,20,22,23,24,25,26,29,34,35,38,46,49,51,52,53,54,56,58,59,60,61,66,137,144,149,202,204,205,206,308,390,391,395,503,528,529,577,609,838,873,891,938,973,1117,1145,1146,1147,1148,1157,1163,1164,1165,1166,1167,1168,1169,1170,1171,1172,1173,1174,1175,1176,1177,1268,1269,1270,1287,1304,1322,1481,1936,2161,2305,2627,3775,
24;0;144;314;1;15,16,17,19,20,22,23,24,25,26,29,34,35,38,46,49,51,52,53,54,56,58,59,60,61,66,137,144,149,202,204,205,206,267,268,272,273,287,289,303,308,390,391,395,434,503,577,609,873,902,903,904,905,921,922,936,940,973,1117,1146,1157,1163,1166,1177,1204,1205,1206,1207,1208,1209,1210,1211,1212,1304,1481,1936,2161,2305,2627,3775,
24;1;314;318;1;15,16,17,19,20,22,23,24,25,26,29,34,35,38,46,49,51,52,53,54,56,58,59,60,61,66,137,144,149,202,204,205,206,267,268,272,273,287,289,303,308,390,391,395,434,503,577,609,873,902,903,904,905,921,922,936,940,973,1117,1146,1157,1163,1166,1177,1204,1205,1206,1207,1208,1209,1210,1211,1212,1304,1481,1936,2161,2305,2627,3775,
54;0;318;386;0;15,16,17,19,20,22,23,24,25,26,29,34,35,38,46,49,51,52,53,54,56,58,59,60,61,66,137,144,149,190,202,204,205,206,267,268,272,273,287,289,303,308,390,391,395,434,503,577,609,623,873,902,903,904,936,973,1117,1146,1157,1163,1166,1177,1207,1226,1240,1304,1481,1936,2027,2161,2305,2627,3326,3584,3775,3776,3777,3778,3779,3780,
54;1;386;484;0;15,16,17,19,20,22,23,24,25,26,29,34,35,38,46,49,51,52,53,54,56,58,59,60,61,66,137,144,149,190,202,204,205,206,267,268,272,273,287,289,303,308,390,391,395,434,503,577,609,623,873,902,903,904,936,973,1117,1146,1157,1163,1166,1177,1207,1226,1240,1304,1481,1936,2027,2161,2305,2627,3326,3584,3775,3776,3777,3778,3779,3780,
15;0;484;536;1;15,16,17,19,20,23,24,25,26,29,34,35,38,46,49,51,52,53,54,56,58,59,60,61,66,137,144,149,199,200,201,202,203,204,205,206,207,208,209,210,211,212,213,214,215,216,217,218,219,220,221,222,223,224,268,272,273,289,308,390,391,395,503,577,609,873,973,1117,1146,1157,1163,1166,1177,1207,1240,1304,1481,1936,2305,2627,
46;0;536;551;0;15,16,17,19,20,23,24,25,26,29,34,35,38,46,49,51,52,53,54,56,58,59,60,61,66,70,110,111,137,144,149,199,200,201,202,204,205,206,221,268,272,273,280,289,308,390,391,395,460,503,577,609,627,635,659,787,873,956,973,1013,1117,1146,1157,1163,1166,1177,1207,1238,1239,1240,1241,1242,1243,1244,1245,1304,1481,1936,2305,2627,
46;1;551;583;0;15,16,17,19,20,23,24,25,26,29,34,35,38,46,49,51,52,53,54,56,58,59,60,61,66,70,110,111,137,144,149,199,200,201,202,204,205,206,221,268,272,273,280,289,308,390,391,395,460,503,577,609,627,635,659,787,873,956,973,1013,1117,1146,1157,1163,1166,1177,1207,1238,1239,1240,1241,1242,1243,1244,1245,1304,1481,1936,2305,2627,
21;0;583;719;1;15,16,17,19,20,23,24,25,26,29,34,35,38,46,49,51,52,53,54,56,58,59,60,61,66,70,110,111,137,144,149,199,200,201,202,204,205,206,221,268,272,273,280,289,308,390,391,395,460,503,577,609,627,635,871,873,973,1117,1146,1157,1163,1166,1177,1207,1304,1481,1936,2062,2063,2305,2627,2924,3345,3346,4313,4314,4315,4316,4317,4318,
136;0;719;889;0;15,16,17,19,23,24,25,26,29,34,35,38,49,51,53,54,56,58,59,60,61,66,111,137,144,149,202,204,206,221,262,268,272,273,280,286,288,289,302,305,308,310,380,390,391,395,503,577,595,609,635,871,873,892,894,1117,1131,1146,1157,1163,1166,1177,1207,1304,1430,1481,1844,1936,2062,2063,2305,2627,3345,3346,4313,4314,4315,4316,4317,4318,
136;1;889;951;0;15,16,17,19,23,24,25,26,29,34,35,38,49,51,53,54,56,58,59,60,61,66,111,137,144,149,202,204,206,221,262,268,272,273,280,286,288,289,302,305,308,310,380,390,391,395,503,577,595,609,635,871,873,892,894,1117,1131,1146,1157,1163,1166,1177,1207,1304,1430,1481,1844,1936,2062,2063,2305,2627,3345,3346,4313,4314,4315,4316,4317,4318,
120;0;951;1095;0;15,16,17,19,23,24,25,26,29,34,35,38,49,51,53,54,56,58,59,60,61,66,111,137,144,149,202,204,206,221,262,268,272,273,280,286,288,289,302,305,308,310,380,390,391,395,503,577,595,609,635,871,873,892,894,1117,1131,1146,1157,1163,1166,1177,1207,1304,1430,1481,1844,1936,2062,2063,2305,2627,3345,3346,4313,4314,4315,4316,4317,4318,
41;0;1095;1144;0;15,16,17,19,23,24,25,26,29,34,35,38,49,51,53,54,56,58,59,60,61,66,111,137,144,149,202,204,206,221,262,268,272,273,280,286,288,289,302,305,308,310,380,390,391,395,503,577,595,609,635,871,873,892,894,1117,1131,1146,1157,1163,1166,1177,1207,1304,1430,1481,1844,1936,2062,2063,2305,2627,3345,3346,4313,4314,4315,4316,4317,4318,
41;1;1144;1197;0;15,16,17,19,23,24,25,26,29,34,35,38,49,51,53,54,56,58,59,60,61,66,111,137,144,149,202,204,206,221,262,268,272,273,280,286,288,289,302,305,308,310,380,390,391,395,503,577,595,609,635,871,873,892,894,1117,1131,1146,1157,1163,1166,1177,1207,1304,1430,1481,1844,1936,2062,2063,2305,2627,3345,3346,4313,4314,4315,4316,4317,4318,
11;0;1440;1481;1;15,16,17,19,23,24,25,26,29,34,35,38,49,51,54,56,58,59,60,61,66,111,137,144,149,202,204,206,221,262,268,272,273,280,286,288,289,302,305,308,310,380,390,391,395,503,595,609,635,871,873,892,1117,1146,1157,1163,1166,1177,1207,1304,1481,1936,2062,2063,2305,2627,3345,3346,4313,4314,4315,4316,4317,4318,8838,9020,9021,9022,9023,9024,
11;1;1481;1622;1;15,16,17,19,23,24,25,26,29,34,35,38,49,51,54,56,58,59,60,61,66,111,137,144,149,202,204,206,221,262,268,272,273,280,286,288,289,302,305,308,310,380,390,391,395,503,595,609,635,871,873,892,1117,1146,1157,1163,1166,1177,1207,1304,1481,1936,2062,2063,2305,2627,3345,3346,4313,4314,4315,4316,4317,4318,8838,9020,9021,9022,9023,9024,
14;0;1622;1642;1;15,16,17,19,23,24,25,26,29,34,35,38,49,51,54,56,58,59,60,61,66,111,137,144,149,189,202,204,206,221,262,272,273,280,286,288,289,302,305,308,310,380,390,391,395,503,595,609,635,871,872,873,874,892,1117,1142,1146,1157,1163,1166,1177,1207,1304,1456,1460,1461,1481,1936,2062,2063,2305,2627,3345,3346,4313,4314,4315,4316,4317,4318,
14;1;1642;1654;1;15,16,17,19,23,24,25,26,29,34,35,38,49,51,54,56,58,59,60,61,66,111,137,144,149,189,202,204,206,221,262,272,273,280,286,288,289,302,305,308,310,380,390,391,395,503,595,609,635,871,872,873,874,892,1117,1142,1146,1157,1163,1166,1177,1207,1304,1456,1460,1461,1481,1936,2062,2063,2305,2627,3345,3346,4313,4314,4315,4316,4317,4318,
47;0;1654;1688;0;15,16,17,19,23,24,25,26,29,34,35,38,49,54,59,60,66,111,137,144,149,189,204,206,221,262,273,286,288,289,302,305,308,310,380,390,391,395,419,503,595,609,871,872,873,874,892,1011,1117,1146,1157,1163,1166,1177,1186,1207,1304,1456,1481,1895,1936,2062,2063,2305,2512,2627,3345,3346,4276,4277,4278,4279,4280,4281,4313,4314,4315,4316,4317,4318,
47;1;1688;1765;0;15,16,17,19,23,24,25,26,29,34,35,38,49,54,59,60,66,111,137,144,149,189,204,206,221,262,273,286,288,289,302,305,308,310,380,390,391,395,419,503,595,609,871,872,873,874,892,1011,1117,1146,1157,1163,1166,1177,1186,1207,1304,1456,1481,1895,1936,2062,2063,2305,2512,2627,3345,3346,4276,4277,4278,4279,4280,4281,4313,4314,4315,4316,4317,4318,
5;0;1765;1842;1;15,16,17,19,23,24,25,26,29,34,35,38,49,54,59,60,66,111,137,144,149,189,204,206,221,262,273,286,288,289,302,305,308,310,380,390,391,395,419,503,595,609,871,872,873,874,892,965,1011,1117,1146,1157,1163,1166,1177,1186,1207,1304,1456,1481,1587,1895,1936,2062,2063,2305,2512,2627,3345,3346,4276,4277,4278,4313,4314,4315,4316,4317,4318,6532,
5;1;1842;1996;1;15,16,17,19,23,24,25,26,29,34,35,38,49,54,59,60,66,111,137,144,149,189,204,206,221,262,273,286,288,289,302,305,308,310,380,390,391,395,419,503,595,609,871,872,873,874,892,965,1011,1117,1146,1157,1163,1166,1177,1186,1207,1304,1456,1481,1587,1895,1936,2062,2063,2305,2512,2627,3345,3346,4276,4277,4278,4313,4314,4315,4316,4317,4318,6532,
106;0;1996;2014;0;15,16,17,19,24,25,26,29,34,35,38,49,54,59,60,111,137,144,149,180,189,206,221,262,273,286,288,289,302,305,307,308,310,312,313,380,381,384,385,390,391,395,442,503,592,593,594,595,596,609,871,872,873,874,892,965,1117,1146,1163,1166,1177,1207,1304,1456,1481,1587,1936,2062,2063,2305,2512,2627,3345,3346,4313,4314,4315,4316,4317,4318,
106;1;2014;2141;0;15,16,17,19,24,25,26,29,34,35,38,49,54,59,60,111,137,144,149,180,189,206,221,262,273,286,288,289,302,305,307,308,310,312,313,380,381,384,385,390,391,395,442,503,592,593,594,595,596,609,871,872,873,874,892,965,1117,1146,1163,1166,1177,1207,1304,1456,1481,1587,1936,2062,2063,2305,2512,2627,3345,3346,4313,4314,4315,4316,4317,4318,
135;0;2141;2313;0;15,16,24,25,26,29,34,38,54,59,60,111,137,139,144,145,149,180,189,206,221,225,262,273,286,288,289,302,305,308,310,312,321,381,390,391,395,396,397,404,429,442,503,609,871,872,873,874,892,948,949,965,1117,1146,1163,1166,1177,1207,1236,1304,1417,1456,1474,1478,1481,1521,1587,1936,2062,2063,2512,2627,3345,3346,4313,4314,4315,4316,4317,4318,
135;1;2313;2486;0;15,16,24,25,26,29,34,38,54,59,60,111,137,139,144,145,149,180,189,206,221,225,262,273,286,288,289,302,305,308,310,312,321,381,390,391,395,396,397,404,429,442,503,609,871,872,873,874,892,948,949,965,1117,1146,1163,1166,1177,1207,1236,1304,1417,1456,1474,1478,1481,1521,1587,1936,2062,2063,2512,2627,3345,3346,4313,4314,4315,4316,4317,4318,
75;0;2486;2539;0;15,16,24,25,26,29,34,38,54,59,60,111,137,139,144,145,149,180,189,206,221,225,262,273,286,288,289,302,305,308,310,312,321,381,390,391,395,396,397,404,429,442,503,609,871,872,873,874,892,948,949,965,1117,1146,1163,1166,1177,1207,1236,1304,1417,1456,1474,1478,1481,1521,1587,1936,2062,2063,2512,2627,3345,3346,4313,4314,4315,4316,4317,4318,
75;1;2539;2550;0;15,16,24,25,26,29,34,38,54,59,60,111,137,139,144,145,149,180,189,206,221,225,262,273,286,288,289,302,305,308,310,312,321,381,390,391,395,396,397,404,429,442,503,609,871,872,873,874,892,948,949,965,1117,1146,1163,1166,1177,1207,1236,1304,1417,1456,1474,1478,1481,1521,1587,1936,2062,2063,2512,2627,3345,3346,4313,4314,4315,4316,4317,4318,
25;0;2550;2557;1;15,16,24,25,26,29,34,38,54,59,60,111,137,139,144,145,149,180,189,206,221,225,262,273,286,288,289,302,305,308,310,312,321,381,390,391,395,396,397,404,429,442,503,609,871,872,873,874,892,948,949,965,1117,1146,1163,1166,1177,1207,1236,1304,1417,1456,1474,1478,1481,1521,1587,1936,2062,2063,2512,2627,3345,3346,4313,4314,4315,4316,4317,4318,
115;0;2557;2732;0;15,16,24,25,26,29,34,38,54,59,60,111,137,139,144,145,149,180,189,206,221,225,262,273,286,288,289,302,305,308,310,312,321,381,390,391,395,396,397,404,429,442,503,609,871,872,873,874,892,948,949,965,1117,1146,1163,1166,1177,1207,1236,1304,1417,1456,1474,1478,1481,1521,1587,1936,2062,2063,2512,2627,3345,3346,4313,4314,4315,4316,4317,4318,
115;1;2732;2837;0;15,16,24,25,26,29,34,38,54,59,60,111,137,139,144,145,149,180,189,206,221,225,262,273,286,288,289,302,305,308,310,312,321,381,390,391,395,396,397,404,429,442,503,609,871,872,873,874,892,948,949,965,1117,1146,1163,1166,1177,1207,1236,1304,1417,1456,1474,1478,1481,1521,1587,1936,2062,2063,2512,2627,3345,3346,4313,4314,4315,4316,4317,4318,
10;0;2880;2946;1;15,16,24,26,38,54,60,137,139,144,145,149,177,180,189,206,221,225,262,273,286,288,289,302,305,308,310,312,314,317,321,381,390,391,395,396,404,429,442,503,609,871,872,873,874,892,948,949,1117,1121,1132,1146,1163,1166,1177,1207,1236,1304,1417,1428,1456,1474,1478,1481,1587,1676,1932,1936,2062,2063,2627,3345,3346,3389,4313,4314,4315,4316,4317,4318,
38;0;2946;3035;0;15,16,24,26,38,54,60,137,139,144,145,149,177,180,189,206,221,225,262,273,286,288,289,302,305,308,310,312,314,317,321,381,390,391,395,396,404,429,442,503,609,871,872,873,874,892,948,949,1117,1121,1146,1163,1166,1177,1207,1236,1304,1417,1428,1456,1474,1478,1481,1587,1936,2062,2063,2306,2581,2627,3270,3345,3346,4313,4314,4315,4316,4317,4318,6726,
38;1;3035;3121;0;15,16,24,26,38,54,60,137,139,144,145,149,177,180,189,206,221,225,262,273,286,288,289,302,305,308,310,312,314,317,321,381,390,391,395,396,404,429,442,503,609,871,872,873,874,892,948,949,1117,1121,1146,1163,1166,1177,1207,1236,1304,1417,1428,1456,1474,1478,1481,1587,1936,2062,2063,2306,2581,2627,3270,3345,3346,4313,4314,4315,4316,4317,4318,6726,
43;0;3121;3172;0;15,16,24,26,38,54,60,137,139,144,145,149,177,180,189,225,262,286,288,289,308,312,314,321,390,391,395,396,404,429,503,609,871,872,873,874,892,948,949,1117,1121,1146,1163,1166,1177,1207,1236,1304,1417,1451,1456,1474,1478,1481,1587,1752,2062,2063,2627,2689,3345,3346,4313,4314,4315,4316,4317,4318,5507,5633,5649,7203,7204,7205,7206,7207,7209,7804,7806,7812,
43;1;3172;3208;0;15,16,24,26,38,54,60,137,139,144,145,149,177,180,189,225,262,286,288,289,308,312,314,321,390,391,395,396,404,429,503,609,871,872,873,874,892,948,949,1117,1121,1146,1163,1166,1177,1207,1236,1304,1417,1451,1456,1474,1478,1481,1587,1752,2062,2063,2627,2689,3345,3346,4313,4314,4315,4316,4317,4318,5507,5633,5649,7203,7204,7205,7206,7207,7209,7804,7806,7812,
29;0;3208;3308;1;15,16,24,26,38,54,60,137,139,144,145,149,177,180,189,225,260,262,276,286,288,289,308,312,314,321,390,391,395,396,404,429,503,609,871,872,873,874,892,948,949,1117,1121,1146,1163,1166,1177,1207,1236,1304,1417,1451,1456,1474,1478,1481,1587,1752,2062,2063,2627,2689,3345,3346,4313,4314,4315,4316,4317,4318,5507,5633,5649,7203,7204,7205,7206,7207,7209,7804,
36;0;3308;3431;1;15,16,24,26,38,54,60,137,139,144,145,149,177,180,189,225,260,262,276,286,288,289,308,312,314,321,390,391,395,396,404,429,503,609,677,715,858,871,872,873,874,892,948,949,1117,1121,1146,1163,1166,1177,1207,1236,1304,1417,1451,1456,1474,1478,1481,1587,1752,2062,2063,2627,2645,2689,3345,3346,3447,4313,4314,4315,4316,4317,4318,5507,5633,5649,6221,6222,
2;0;3431;3527;1;15,16,24,26,38,54,60,137,139,144,145,149,177,178,179,180,181,182,183,189,225,260,262,276,286,288,289,304,308,312,314,321,390,391,395,396,404,429,503,609,677,715,858,871,872,873,874,892,948,949,1117,1121,1146,1163,1166,1177,1207,1236,1304,1417,1451,1456,1474,1478,1481,1587,2062,2063,2627,2645,3345,3346,3447,4313,4314,4315,4316,4317,4318,5649,
2;1;3527;3592;1;15,16,24,26,38,54,60,137,139,144,145,149,177,178,179,180,181,182,183,189,225,260,262,276,286,288,289,304,308,312,314,321,390,391,395,396,404,429,503,609,677,715,858,871,872,873,874,892,948,949,1117,1121,1146,1163,1166,1177,1207,1236,1304,1417,1451,1456,1474,1478,1481,1587,2062,2063,2627,2645,3345,3346,3447,4313,4314,4315,4316,4317,4318,5649,
121;0;3592;3686;0;3,15,16,24,26,38,54,60,137,139,144,145,149,177,178,179,180,189,225,262,276,286,288,289,308,312,314,321,333,390,391,395,396,404,429,503,609,677,715,858,871,872,873,874,892,948,949,1117,1121,1146,1163,1166,1177,1207,1233,1236,1304,1417,1456,1474,1478,1481,1587,1749,2062,2063,2627,2645,3345,3346,3447,4313,4314,4315,4316,4317,4318,4553,5649,6850,
121;1;3686;3842;0;3,15,16,24,26,38,54,60,137,139,144,145,149,177,178,179,180,189,225,262,276,286,288,289,308,312,314,321,333,390,391,395,396,404,429,503,609,677,715,858,871,872,873,874,892,948,949,1117,1121,1146,1163,1166,1177,1207,1233,1236,1304,1417,1456,1474,1478,1481,1587,1749,2062,2063,2627,2645,3345,3346,3447,4313,4314,4315,4316,4317,4318,4553,5649,6850,
141;0;4320;4491;0;3,15,24,38,54,60,135,137,139,144,145,149,178,189,225,262,276,286,288,289,308,312,314,321,333,390,391,395,396,404,429,609,647,677,855,858,871,872,873,874,892,948,949,1117,1121,1134,1146,1163,1166,1177,1207,1233,1361,1417,1456,1474,1478,1481,1587,1669,1675,2062,2063,2223,2627,2645,3345,3346,3447,3710,4313,4314,4315,4316,4317,4318,4535,5649,6223,6224,
141;1;4491;4499;0;3,15,24,38,54,60,135,137,139,144,145,149,178,189,225,262,276,286,288,289,308,312,314,321,333,390,391,395,396,404,429,609,647,677,855,858,871,872,873,874,892,948,949,1117,1121,1134,1146,1163,1166,1177,1207,1233,1361,1417,1456,1474,1478,1481,1587,1669,1675,2062,2063,2223,2627,2645,3345,3346,3447,3710,4313,4314,4315,4316,4317,4318,4535,5649,6223,6224,
119;0;4499;4538;0;3,15,24,38,54,60,135,137,139,144,145,149,178,184,189,225,262,276,286,288,289,308,312,314,315,321,323,333,390,391,395,396,404,429,609,647,677,855,858,871,872,873,874,892,948,949,1117,1121,1134,1146,1163,1166,1177,1207,1233,1361,1416,1417,1456,1474,1478,1481,1587,1669,2062,2063,2223,2627,2645,3345,3346,3447,4313,4314,4315,4316,4317,4318,4535,5649,
119;1;4538;4572;0;3,15,24,38,54,60,135,137,139,144,145,149,178,184,189,225,262,276,286,288,289,308,312,314,315,321,323,333,390,391,395,396,404,429,609,647,677,855,858,871,872,873,874,892,948,949,1117,1121,1134,1146,1163,1166,1177,1207,1233,1361,1416,1417,1456,1474,1478,1481,1587,1669,2062,2063,2223,2627,2645,3345,3346,3447,4313,4314,4315,4316,4317,4318,4535,5649,
31;0;4572;4604;1;3,15,24,38,54,60,135,137,139,144,145,149,189,225,262,276,288,289,314,321,333,390,391,395,396,404,429,609,647,677,719,855,858,871,872,873,874,892,933,948,949,1056,1117,1121,1146,1163,1177,1207,1233,1361,1363,1398,1456,1473,1474,1478,1481,1587,1669,1843,2062,2063,2223,2503,2627,2645,3345,3346,3447,4313,4314,4315,4316,4317,4318,5649,7162,7163,7164,7165,
31;1;4604;4677;1;3,15,24,38,54,60,135,137,139,144,145,149,189,225,262,276,288,289,314,321,333,390,391,395,396,404,429,609,647,677,719,855,858,871,872,873,874,892,933,948,949,1056,1117,1121,1146,1163,1177,1207,1233,1361,1363,1398,1456,1473,1474,1478,1481,1587,1669,1843,2062,2063,2223,2503,2627,2645,3345,3346,3447,4313,4314,4315,4316,4317,4318,5649,7162,7163,7164,7165,
92;0;4677;4681;0;3,15,24,38,54,60,135,137,139,144,145,149,189,225,241,262,277,288,289,314,321,390,391,395,396,399,400,404,429,435,609,647,677,855,858,871,872,873,874,892,948,949,1056,1117,1146,1163,1207,1361,1363,1398,1456,1473,1474,1478,1481,1587,1669,1843,2062,2063,2223,2503,2508,2627,2645,2926,3108,3345,3346,3447,4313,4314,4315,4316,4317,4318,5244,5379,7883,8449,
116;0;4681;4753;0;3,15,24,38,54,60,100,135,137,139,144,145,149,189,225,234,241,262,277,288,289,314,321,390,391,395,400,404,429,609,647,677,855,858,871,872,873,874,892,948,949,1056,1093,1117,1133,1146,1163,1207,1361,1363,1398,1456,1473,1474,1478,1481,1587,1669,1726,1809,1843,2062,2063,2109,2223,2503,2627,2645,2926,3345,3346,3447,4033,4313,4314,4315,4316,4317,4318,5663,
26;0;4753;4789;1;3,15,24,38,54,60,100,135,137,139,144,145,149,189,225,234,241,262,277,288,289,314,321,390,391,395,404,429,609,644,647,677,855,858,871,872,873,874,892,948,949,1056,1093,1117,1146,1163,1207,1361,1363,1398,1456,1473,1474,1478,1481,1587,1669,1809,1843,2062,2063,2223,2250,2503,2627,2645,3345,3346,3447,3630,4033,4313,4314,4315,4316,4317,4318,5662,6681,6682,
13;0;4789;4820;1;3,15,24,38,54,60,100,135,137,139,144,145,149,189,225,234,241,262,277,288,289,314,321,390,391,395,404,423,429,609,644,647,677,855,858,871,872,873,874,892,948,949,1056,1093,1117,1146,1163,1207,1361,1363,1398,1456,1473,1474,1478,1481,1587,1669,1715,1809,1843,2062,2063,2223,2250,2503,2627,2645,3345,3346,3447,4033,4313,4314,4315,4316,4317,4318,5786,6745,
81;0;4820;4869;0;3,15,24,38,60,100,135,137,139,144,145,146,149,189,225,241,262,277,288,289,314,321,390,391,395,398,404,429,436,609,644,647,677,855,858,871,872,873,874,892,934,948,949,1056,1093,1117,1146,1163,1361,1363,1398,1456,1473,1474,1478,1479,1481,1587,1809,1843,1920,1922,2062,2222,2223,2503,2627,2645,2693,3267,3268,3447,4033,4313,4314,4315,4316,4968,5390,5391,
81;1;4869;4929;0;3,15,24,38,60,100,135,137,139,144,145,146,149,189,225,241,262,277,288,289,314,321,390,391,395,398,404,429,436,609,644,647,677,855,858,871,872,873,874,892,934,948,949,1056,1093,1117,1146,1163,1361,1363,1398,1456,1473,1474,1478,1479,1481,1587,1809,1843,1920,1922,2062,2222,2223,2503,2627,2645,2693,3267,3268,3447,4033,4313,4314,4315,4316,4968,5390,5391,
110;0;4929;4953;0;3,15,24,38,60,100,135,137,139,144,145,146,149,185,189,225,241,262,277,288,289,314,321,390,391,395,398,404,429,436,609,644,647,677,855,858,871,872,873,874,892,934,948,949,972,1056,1093,1117,1146,1163,1361,1363,1398,1456,1473,1474,1478,1479,1481,1587,1809,1843,1920,1922,2062,2222,2223,2503,2627,2645,2693,3267,3268,3447,4033,4313,4314,4315,4316,4968,
83;0;4953;4999;0;3,15,24,38,60,95,100,135,137,139,144,145,146,149,185,189,225,241,262,277,288,289,314,321,335,337,390,391,395,398,404,429,436,609,644,647,677,766,843,855,858,871,872,873,892,948,949,1056,1093,1117,1146,1163,1361,1363,1398,1473,1474,1478,1479,1481,1587,1809,1843,1920,1922,2062,2222,2223,2503,2548,2627,2645,2693,3447,4033,4313,4314,4315,4316,4968,
83;1;4999;5021;0;3,15,24,38,60,95,100,135,137,139,144,145,146,149,185,189,225,241,262,277,288,289,314,321,335,337,390,391,395,398,404,429,436,609,644,647,677,766,843,855,858,871,872,873,892,948,949,1056,1093,1117,1146,1163,1361,1363,1398,1473,1474,1478,1479,1481,1587,1809,1843,1920,1922,2062,2222,2223,2503,2548,2627,2645,2693,3447,4033,4313,4314,4315,4316,4968,
20;0;5021;5186;1;3,15,24,38,60,95,97,100,135,137,139,144,145,146,149,185,189,225,231,241,262,277,288,289,314,321,335,337,390,391,395,398,404,429,432,436,609,644,647,677,766,855,858,871,892,948,949,1056,1093,1117,1146,1163,1361,1363,1398,1401,1473,1474,1478,1479,1481,1587,1809,1843,1920,1922,2062,2222,2223,2503,2627,2645,2693,3447,4033,4313,4314,4315,4316,4968,
20;1;5186;5297;1;3,15,24,38,60,95,97,100,135,137,139,144,145,146,149,185,189,225,231,241,262,277,288,289,314,321,335,337,390,391,395,398,404,429,432,436,609,644,647,677,766,855,858,871,892,948,949,1056,1093,1117,1146,1163,1361,1363,1398,1401,1473,1474,1478,1479,1481,1587,1809,1843,1920,1922,2062,2222,2223,2503,2627,2645,2693,3447,4033,4313,4314,4315,4316,4968,
109;0;5760;5764;0;3,95,97,100,135,139,144,145,146,149,156,225,241,262,277,288,289,314,321,390,391,395,398,404,415,429,436,448,474,510,551,609,644,647,677,816,855,858,892,948,949,962,995,1056,1093,1146,1163,1336,1337,1338,1339,1340,1341,1342,1343,1344,1345,1346,1347,1348,1349,1350,1351,1361,1363,1398,1473,1474,1478,1479,1481,1809,1843,1920,1922,2223,2627,2645,3447,4968,
109;1;5764;5778;0;3,95,97,100,135,139,144,145,146,149,156,225,241,262,277,288,289,314,321,390,391,395,398,404,415,429,436,448,474,510,551,609,644,647,677,816,855,858,892,948,949,962,995,1056,1093,1146,1163,1336,1337,1338,1339,1340,1341,1342,1343,1344,1345,1346,1347,1348,1349,1350,1351,1361,1363,1398,1473,1474,1478,1479,1481,1809,1843,1920,1922,2223,2627,2645,3447,4968,
9;0;5778;5834;1;3,10,95,97,100,135,139,144,145,146,149,156,225,241,262,277,288,289,290,314,321,341,390,391,395,398,404,415,429,436,448,474,510,551,609,644,647,677,694,764,765,816,855,858,892,948,949,962,995,1056,1093,1146,1163,1343,1344,1346,1361,1363,1398,1473,1474,1478,1479,1481,1674,1809,1843,1920,1922,2223,2318,2547,2627,2631,2644,2645,2898,3447,4310,4968,
9;1;5834;5894;1;3,10,95,97,100,135,139,144,145,146,149,156,225,241,262,277,288,289,290,314,321,341,390,391,395,398,404,415,429,436,448,474,510,551,609,644,647,677,694,764,765,816,855,858,892,948,949,962,995,1056,1093,1146,1163,1343,1344,1346,1361,1363,1398,1473,1474,1478,1479,1481,1674,1809,1843,1920,1922,2223,2318,2547,2627,2631,2644,2645,2898,3447,4310,4968,
87;0;5894;5930;0;3,8,10,95,97,100,135,139,144,145,146,149,156,225,241,262,277,288,289,290,314,321,341,390,391,395,398,404,415,429,436,448,474,510,551,609,644,647,677,694,764,765,855,858,892,948,949,995,1056,1093,1146,1163,1343,1344,1346,1361,1363,1398,1473,1474,1478,1479,1481,1674,1809,1843,1920,1922,2223,2318,2547,2588,2627,2631,2645,2821,4968,4981,5257,6000,
87;1;5930;6035;0;3,8,10,95,97,100,135,139,144,145,146,149,156,225,241,262,277,288,289,290,314,321,341,390,391,395,398,404,415,429,436,448,474,510,551,609,644,647,677,694,764,765,855,858,892,948,949,995,1056,1093,1146,1163,1343,1344,1346,1361,1363,1398,1473,1474,1478,1479,1481,1674,1809,1843,1920,1922,2223,2318,2547,2588,2627,2631,2645,2821,4968,4981,5257,6000,
134;0;6035;6079;0;3,8,10,95,97,100,135,139,144,145,146,149,156,225,241,262,277,288,289,290,294,301,314,321,341,390,391,395,398,404,415,429,436,448,474,510,551,609,644,645,647,677,694,764,765,855,858,892,948,949,995,1056,1093,1146,1163,1343,1344,1346,1361,1363,1398,1473,1474,1478,1479,1481,1674,1809,1843,1920,1922,2223,2318,2465,2547,2627,2631,2645,3915,4968,
134;1;6079;6109;0;3,8,10,95,97,100,135,139,144,145,146,149,156,225,241,262,277,288,289,290,294,301,314,321,341,390,391,395,398,404,415,429,436,448,474,510,551,609,644,645,647,677,694,764,765,855,858,892,948,949,995,1056,1093,1146,1163,1343,1344,1346,1361,1363,1398,1473,1474,1478,1479,1481,1674,1809,1843,1920,1922,2223,2318,2465,2547,2627,2631,2645,3915,4968,
12;0;6109;6268;1;3,8,10,95,100,135,139,144,145,146,149,225,241,262,277,288,289,301,314,321,390,391,395,398,404,429,436,609,644,645,647,677,694,764,765,855,858,892,948,949,995,1056,1093,1095,1146,1149,1163,1343,1361,1363,1398,1399,1473,1474,1478,1479,1481,1809,1814,1843,1920,1922,2223,2318,2382,2547,2627,2645,3034,4965,4968,4969,4972,4973,5202,5419,5768,5942,5943,7401,
12;1;6268;6272;1;3,8,10,95,100,135,139,144,145,146,149,225,241,262,277,288,289,301,314,321,390,391,395,398,404,429,436,609,644,645,647,677,694,764,765,855,858,892,948,949,995,1056,1093,1095,1146,1149,1163,1343,1361,1363,1398,1399,1473,1474,1478,1479,1481,1809,1814,1843,1920,1922,2223,2318,2382,2547,2627,2645,3034,4965,4968,4969,4972,4973,5202,5419,5768,5942,5943,7401,
112;0;6272;6356;0;3,8,10,89,95,100,102,135,139,144,145,146,149,225,241,262,277,288,289,301,314,321,351,390,391,395,398,404,429,436,609,644,645,647,677,694,764,765,768,770,833,848,855,858,892,948,949,995,1056,1093,1095,1146,1149,1163,1343,1361,1363,1398,1399,1473,1474,1478,1479,1481,1809,1814,1843,1920,1922,2223,2318,2382,2547,2627,2643,2645,2651,3462,4369,4370,
112;1;6356;6378;0;3,8,10,89,95,100,102,135,139,144,145,146,149,225,241,262,277,288,289,301,314,321,351,390,391,395,398,404,429,436,609,644,645,647,677,694,764,765,768,770,833,848,855,858,892,948,949,995,1056,1093,1095,1146,1149,1163,1343,1361,1363,1398,1399,1473,1474,1478,1479,1481,1809,1814,1843,1920,1922,2223,2318,2382,2547,2627,2643,2645,2651,3462,4369,4370,
33;0;6378;6429;1;3,8,10,95,100,135,139,144,145,149,225,241,262,277,288,289,292,301,314,321,351,390,391,395,398,404,429,436,609,644,645,647,677,694,765,768,833,855,892,948,949,1056,1093,1146,1163,1361,1363,1373,1398,1473,1474,1478,1481,1809,1811,1814,1843,1920,1922,2223,2318,2321,2509,2531,2614,2627,2645,2651,3130,3286,4473,4545,5685,6129,6263,6386,6414,6417,6492,6493,
33;1;6429;6468;1;3,8,10,95,100,135,139,144,145,149,225,241,262,277,288,289,292,301,314,321,351,390,391,395,398,404,429,436,609,644,645,647,677,694,765,768,833,855,892,948,949,1056,1093,1146,1163,1361,1363,1373,1398,1473,1474,1478,1481,1809,1811,1814,1843,1920,1922,2223,2318,2321,2509,2531,2614,2627,2645,2651,3130,3286,4473,4545,5685,6129,6263,6386,6414,6417,6492,6493,
50;0;6468;6612;0;3,8,10,95,100,135,138,139,144,145,149,225,241,262,277,288,289,292,301,314,321,351,390,391,395,398,404,429,436,591,609,640,644,645,647,677,694,765,768,833,855,892,948,949,1052,1056,1093,1146,1163,1361,1363,1373,1398,1473,1474,1475,1478,1481,1484,1809,1811,1814,1843,1920,1922,2223,2318,2321,2509,2531,2614,2627,2645,2651,3130,3286,3527,4473,5706,6192,
50;1;6612;6696;0;3,8,10,95,100,135,138,139,144,145,149,225,241,262,277,288,289,292,301,314,321,351,390,391,395,398,404,429,436,591,609,640,644,645,647,677,694,765,768,833,855,892,948,949,1052,1056,1093,1146,1163,1361,1363,1373,1398,1473,1474,1475,1478,1481,1484,1809,1811,1814,1843,1920,1922,2223,2318,2321,2509,2531,2614,2627,2645,2651,3130,3286,3527,4473,5706,6192,
8;0;6696;6839;1;3,8,10,95,100,135,138,139,144,145,149,225,241,262,277,288,289,292,301,314,321,351,390,391,395,398,404,429,436,591,609,640,644,645,647,677,694,765,768,833,855,892,948,949,1052,1056,1093,1146,1163,1361,1363,1373,1398,1473,1474,1475,1478,1481,1484,1809,1811,1814,1843,1920,1922,2223,2318,2321,2509,2531,2614,2627,2645,2651,3130,3286,3527,4473,5706,6192,
101;0;6839;6889;0;3,8,10,95,100,135,138,139,144,145,149,225,241,262,277,288,289,292,301,314,321,351,390,391,395,398,404,429,436,591,609,640,644,645,647,677,694,765,768,833,855,892,948,949,1052,1056,1093,1146,1163,1361,1363,1373,1398,1473,1474,1475,1478,1481,1484,1809,1811,1814,1843,1920,1922,2223,2318,2321,2509,2531,2614,2627,2645,2651,3130,3286,3527,4473,5706,6192,
17;0;6889;7009;1;3,8,10,95,100,135,138,139,144,145,149,225,241,262,277,288,289,292,301,314,321,351,390,391,395,398,404,429,436,591,609,640,644,645,647,677,694,765,768,833,855,892,948,949,1052,1056,1093,1146,1163,1361,1363,1373,1398,1473,1474,1475,1478,1481,1484,1809,1811,1814,1843,1920,1922,2223,2318,2321,2509,2531,2614,2627,2645,2651,3130,3286,3527,4473,5706,6192,
17;1;7009;7062;1;3,8,10,95,100,135,138,139,144,145,149,225,241,262,277,288,289,292,301,314,321,351,390,391,395,398,404,429,436,591,609,640,644,645,647,677,694,765,768,833,855,892,948,949,1052,1056,1093,1146,1163,1361,1363,1373,1398,1473,1474,1475,1478,1481,1484,1809,1811,1814,1843,1920,1922,2223,2318,2321,2509,2531,2614,2627,2645,2651,3130,3286,3527,4473,5706,6192,
55;0;7200;7218;0;3,8,10,95,100,135,138,139,144,145,149,225,241,262,277,288,289,292,301,314,321,351,390,391,395,398,404,429,436,591,609,640,644,645,647,677,694,765,768,833,855,892,948,949,1052,1056,1093,1146,1151,1163,1361,1363,1373,1398,1473,1474,1475,1478,1481,1484,1809,1811,1814,1843,1920,1922,2223,2318,2321,2627,2645,2651,2679,2682,3130,3286,3527,8170,8171,8391,
55;1;7218;7265;0;3,8,10,95,100,135,138,139,144,145,149,225,241,262,277,288,289,292,301,314,321,351,390,391,395,398,404,429,436,591,609,640,644,645,647,677,694,765,768,833,855,892,948,949,1052,1056,1093,1146,1151,1163,1361,1363,1373,1398,1473,1474,1475,1478,1481,1484,1809,1811,1814,1843,1920,1922,2223,2318,2321,2627,2645,2651,2679,2682,3130,3286,3527,8170,8171,8391,
27;0;7265;7329;1;3,8,10,95,100,135,139,144,145,149,225,241,262,274,277,288,289,291,292,301,321,351,390,391,395,398,404,429,591,609,640,644,645,647,677,694,765,768,833,855,892,948,949,1052,1056,1093,1146,1163,1361,1363,1474,1475,1478,1481,1843,1920,2105,2223,2318,2600,2627,2645,2651,2679,2774,2777,2950,3121,3130,3263,3527,4604,4605,4606,4740,4803,4945,4946,4947,8171,
27;1;7329;7417;1;3,8,10,95,100,135,139,144,145,149,225,241,262,274,277,288,289,291,292,301,321,351,390,391,395,398,404,429,591,609,640,644,645,647,677,694,765,768,833,855,892,948,949,1052,1056,1093,1146,1163,1361,1363,1474,1475,1478,1481,1843,1920,2105,2223,2318,2600,2627,2645,2651,2679,2774,2777,2950,3121,3130,3263,3527,4604,4605,4606,4740,4803,4945,4946,4947,8171,
118;0;7417;7453;0;3,8,10,95,100,135,139,144,145,149,225,241,262,274,277,288,289,291,292,301,321,351,390,391,395,398,404,429,591,609,640,644,645,647,677,694,765,768,833,855,892,948,949,1052,1056,1093,1146,1163,1361,1363,1474,1475,1478,1481,1843,1920,2105,2223,2318,2600,2627,2645,2651,2679,2774,2777,2950,3121,3130,3263,3527,4604,4605,4606,4740,4803,4945,4946,7372,8171,
4;0;7453;7562;1;2,3,4,6,8,10,95,100,135,139,144,145,149,225,241,262,274,277,288,289,291,292,301,321,351,390,391,395,398,404,429,591,609,640,644,645,647,677,694,765,768,833,855,892,948,949,1052,1056,1093,1146,1163,1203,1232,1358,1361,1363,1474,1475,1478,1481,1843,1884,1920,2105,2223,2318,2600,2627,2645,2651,2679,2774,2777,2950,3130,3263,3527,4604,5454,8171,
4;1;7562;7640;1;2,3,4,6,8,10,95,100,135,139,144,145,149,225,241,262,274,277,288,289,291,292,301,321,351,390,391,395,398,404,429,591,609,640,644,645,647,677,694,765,768,833,855,892,948,949,1052,1056,1093,1146,1163,1203,1232,1358,1361,1363,1474,1475,1478,1481,1843,1884,1920,2105,2223,2318,2600,2627,2645,2651,2679,2774,2777,2950,3130,3263,3527,4604,5454,8171,
71;0;7640;7673;0;1,2,3,4,5,6,7,8,9,10,11,12,13,95,100,135,139,144,145,149,225,241,262,274,277,288,289,291,292,301,321,351,390,395,398,404,429,591,609,640,644,645,647,677,694,765,768,833,855,892,948,949,1052,1056,1093,1146,1163,1358,1361,1363,1474,1475,1478,1481,1843,1920,2105,2223,2318,2600,2645,2651,2679,2774,2777,3130,3263,3527,4604,8171,
71;1;7673;7704;0;1,2,3,4,5,6,7,8,9,10,11,12,13,95,100,135,139,144,145,149,225,241,262,274,277,288,289,291,292,301,321,351,390,395,398,404,429,591,609,640,644,645,647,677,694,765,768,833,855,892,948,949,1052,1056,1093,1146,1163,1358,1361,1363,1474,1475,1478,1481,1843,1920,2105,2223,2318,2600,2645,2651,2679,2774,2777,3130,3263,3527,4604,8171,
82;0;7704;7799;0;3,8,95,100,135,139,144,145,149,225,241,262,274,277,288,289,291,292,301,321,342,351,390,395,398,402,404,429,591,609,640,644,645,647,677,694,765,768,833,855,892,948,949,1052,1056,1057,1062,1093,1146,1163,1358,1361,1363,1472,1474,1475,1478,1481,1843,1920,1933,2102,2103,2104,2105,2106,2107,2108,2223,2318,2645,2651,2679,2774,2777,3130,3263,3527,4604,8171,
82;1;7799;7833;0;3,8,95,100,135,139,144,145,149,225,241,262,274,277,288,289,291,292,301,321,342,351,390,395,398,402,404,429,591,609,640,644,645,647,677,694,765,768,833,855,892,948,949,1052,1056,1057,1062,1093,1146,1163,1358,1361,1363,1472,1474,1475,1478,1481,1843,1920,1933,2102,2103,2104,2105,2106,2107,2108,2223,2318,2645,2651,2679,2774,2777,3130,3263,3527,4604,8171,
0;0;7833;7898;1;3,8,95,100,135,139,144,149,225,262,277,288,289,291,390,398,404,429,591,609,640,644,645,647,677,694,765,768,833,855,948,1052,1056,1062,1093,1146,1358,1361,1363,1474,1475,1478,1481,1915,1920,1933,2091,2102,2103,2106,2318,2645,2651,2679,2695,2714,2722,2774,2777,3130,3263,3527,3532,4359,4604,5304,5397,6292,8051,8171,8174,8320,8321,8322,8323,8324,8325,8326,8327,8328,
52;0;7898;7907;0;3,8,95,100,135,139,144,149,225,262,277,288,289,291,354,355,356,357,390,398,404,429,591,609,640,644,645,647,677,694,765,768,833,855,948,1052,1056,1062,1093,1146,1358,1361,1363,1474,1475,1478,1481,1915,1920,1933,2091,2102,2103,2106,2318,2645,2651,2679,2695,2714,2722,2774,2777,3130,3263,3527,3532,4359,4604,5304,5397,6292,8051,8171,8174,8320,8321,8322,8323,8324,
16;0;7907;8054;1;3,8,95,100,135,139,142,144,149,225,262,277,288,289,291,354,355,356,357,390,398,404,405,429,591,609,640,644,645,646,647,648,677,694,765,768,833,855,948,1052,1056,1062,1093,1146,1358,1361,1363,1474,1475,1478,1481,1915,1920,1933,2091,2102,2103,2106,2155,2318,2529,2530,2645,2651,2679,2695,2714,2722,2774,2777,3130,3263,3527,3532,4359,4604,5304,5397,6292,8051,
16;1;8054;8174;1;3,8,95,100,135,139,142,144,149,225,262,277,288,289,291,354,355,356,357,390,398,404,405,429,591,609,640,644,645,646,647,648,677,694,765,768,833,855,948,1052,1056,1062,1093,1146,1358,1361,1363,1474,1475,1478,1481,1915,1920,1933,2091,2102,2103,2106,2155,2318,2529,2530,2645,2651,2679,2695,2714,2722,2774,2777,3130,3263,3527,3532,4359,4604,5304,5397,6292,8051,
END
fineshedJobsCount: 159
switchs: 681
switchsInstances: 66
unfineshedPriorityCount: 0
Final Solution: 3429
Time: 374491
PTL: 594
MCMC: 119
Best Initial: 1709
Mean Initial: 1812.45
