./input/MyInstancesDiferentToolSets/n=499,p=0.75,r=0.5,t=748,v0.csv;./input/Processed/ToolSetInt.csv
4;720;1440
Machine: 0
427;0;0;144;1;10,100,144,145,225,268,273,340,351,395,439,591,677,694,765,773,835,849,851,855,949,1052,1171,1453,1481,1529,1665,1674,1680,1752,2128,2159,2305,2428,2441,2626,2627,2640,2645,2653,2678,2679,2692,2774,2775,2778,3447,3511,3513,3514,3527,3580,3581,3582,4332,4600,4604,4627,4730,4852,4853,4854,4855,4856,4857,4858,4859,4860,5627,6517,7261,8190,8196,8198,8199,8200,8201,8202,8203,8463,
409;0;144;308;1;10,100,144,145,225,268,273,340,351,395,439,591,677,694,765,773,835,849,851,855,949,1052,1171,1453,1481,1529,1665,1674,1680,1752,2128,2159,2305,2428,2441,2626,2627,2640,2645,2653,2678,2679,2692,2774,2775,2778,3447,3511,3513,3514,3527,3580,3581,3582,4332,4600,4604,4627,4730,4852,4853,4854,4855,4856,4857,4858,4859,4860,5627,6517,7261,8190,8196,8198,8199,8200,8201,8202,8203,8463,
432;0;308;349;1;10,100,144,145,225,268,273,340,351,395,439,591,677,694,765,773,835,849,851,855,949,1052,1171,1453,1481,1529,1665,1674,1680,1752,2128,2159,2305,2428,2441,2626,2627,2640,2645,2653,2678,2679,2692,2774,2775,2778,3447,3511,3513,3514,3527,3580,3581,3582,4332,4600,4604,4627,4730,4852,4853,4854,4855,4856,4857,4858,4859,4860,5627,6517,7261,8190,8196,8198,8199,8200,8201,8202,8203,8463,
390;0;349;506;1;10,100,144,145,225,268,273,340,351,395,439,591,677,694,765,773,835,849,851,855,949,1052,1171,1453,1481,1529,1665,1674,1680,1752,2128,2159,2305,2428,2441,2626,2627,2640,2645,2653,2678,2679,2692,2774,2775,2778,3447,3511,3513,3514,3527,3580,3581,3582,4332,4600,4604,4627,4730,4852,4853,4854,4855,4856,4857,4858,4859,4860,5627,6517,7261,8190,8196,8198,8199,8200,8201,8202,8203,8463,
400;0;506;656;1;10,100,144,145,225,268,273,340,351,395,439,591,677,694,765,773,835,849,851,855,949,1052,1171,1453,1481,1529,1665,1674,1680,1752,2128,2159,2305,2428,2441,2626,2627,2640,2645,2653,2678,2679,2692,2774,2775,2778,3447,3511,3513,3514,3527,3580,3581,3582,4332,4600,4604,4627,4730,4852,4853,4854,4855,4856,4857,4858,4859,4860,5627,6517,7261,8190,8196,8198,8199,8200,8201,8202,8203,8463,
443;0;656;701;1;10,100,144,145,225,268,273,340,351,395,439,591,677,694,765,773,835,849,851,855,949,1052,1171,1453,1481,1529,1665,1674,1680,1752,2128,2159,2305,2428,2441,2626,2627,2640,2645,2653,2678,2679,2692,2774,2775,2778,3447,3511,3513,3514,3527,3580,3581,3582,4332,4600,4604,4627,4730,4852,4853,4854,4855,4856,4857,4858,4859,4860,5627,6517,7261,8190,8196,8198,8199,8200,8201,8202,8203,8463,
352;0;701;822;1;10,100,144,145,225,268,273,340,351,395,439,591,677,694,765,773,835,849,851,855,949,1052,1171,1453,1481,1529,1665,1674,1680,1752,2128,2159,2305,2428,2441,2626,2627,2640,2645,2653,2678,2679,2692,2774,2775,2778,3447,3511,3513,3514,3527,3580,3581,3582,4332,4600,4604,4627,4730,4852,4853,4854,4855,4856,4857,4858,4859,4860,5627,6517,7261,8190,8196,8198,8199,8200,8201,8202,8203,8463,
378;0;822;970;1;10,100,144,145,225,268,273,340,351,395,439,591,677,694,765,773,835,849,851,855,949,1052,1171,1453,1481,1529,1665,1674,1680,1752,2128,2159,2305,2428,2441,2626,2627,2640,2645,2653,2678,2679,2692,2774,2775,2778,3447,3511,3513,3514,3527,3580,3581,3582,4332,4600,4604,4627,4730,4852,4853,4854,4855,4856,4857,4858,4859,4860,5627,6517,7261,8190,8196,8198,8199,8200,8201,8202,8203,8463,
404;0;1440;1491;1;10,100,144,145,225,268,273,340,351,395,439,591,677,694,765,773,835,849,851,855,949,1052,1171,1453,1481,1529,1665,1674,1680,1752,2128,2159,2305,2428,2441,2626,2627,2640,2645,2653,2678,2679,2692,2774,2775,2778,3447,3511,3513,3514,3527,3580,3581,3582,4332,4600,4604,4627,4730,4852,4853,4854,4855,5627,5951,5959,5963,5966,5968,5976,5980,5987,5992,6151,6556,6583,6727,6729,7132,7134,
462;0;1491;1525;1;10,27,100,144,145,225,268,273,340,351,395,407,439,591,677,694,765,773,835,849,851,855,949,1052,1171,1268,1279,1453,1481,1529,1665,1674,1680,1752,2128,2159,2305,2428,2441,2626,2627,2640,2645,2653,2678,2679,2692,2767,2774,2775,2778,2875,2941,3447,3511,3513,3514,3527,3580,3581,3582,3986,3987,3988,3989,4332,4600,4604,4627,4730,4852,4853,5627,5959,5966,5976,5987,5992,6151,6727,
488;0;1525;1569;1;10,26,27,100,144,145,225,268,273,340,351,395,407,439,528,529,591,677,694,765,773,835,849,851,855,949,1052,1171,1268,1269,1270,1273,1279,1287,1288,1292,1293,1322,1453,1481,1529,1665,1674,1680,1752,2128,2159,2305,2428,2626,2627,2640,2645,2653,2678,2679,2692,2774,2775,2778,2873,2874,2875,2876,2877,2941,3447,3581,4600,4604,4627,4853,5627,5959,5966,5976,5987,5992,6151,6727,
442;0;1569;1680;1;10,26,27,100,144,145,225,268,273,291,340,351,395,407,434,439,528,529,591,677,694,765,773,835,849,851,855,949,1052,1171,1268,1269,1270,1273,1279,1287,1288,1292,1293,1322,1453,1481,1529,1665,1674,1680,2128,2626,2627,2640,2645,2653,2678,2679,2692,2774,2775,2776,2778,2873,2941,3447,3581,4567,4600,4604,4627,4639,4765,4853,5043,5627,5959,5966,5976,5987,5992,6151,6727,9204,
468;0;1680;1811;1;10,24,26,27,38,100,144,145,225,268,273,291,340,351,395,407,434,439,528,581,591,677,694,765,773,835,849,855,949,1052,1171,1268,1269,1270,1273,1279,1286,1287,1288,1292,1293,1322,1481,1529,1674,1680,2128,2626,2627,2640,2645,2653,2678,2679,2692,2774,2775,2776,2778,2873,2941,3336,3447,3581,3708,4567,4600,4604,4627,4639,4853,5043,5627,5959,5966,5976,5987,5992,6151,6727,
375;0;1811;1921;1;24,26,27,38,100,144,145,225,268,273,291,351,395,528,581,591,677,694,765,773,835,849,855,949,1052,1171,1268,1269,1270,1273,1286,1287,1288,1292,1293,1322,1481,1529,1674,1680,2128,2626,2627,2645,2653,2678,2679,2692,2774,2775,2778,2806,2873,2941,3336,3447,3581,3708,4165,4604,4643,5627,5959,5966,5976,5987,5992,6151,6727,8551,8644,9032,9090,9130,9131,9132,9133,9134,9135,9136,
434;0;1921;1925;1;24,26,27,38,100,144,145,225,248,268,273,291,351,395,528,581,591,677,694,765,773,835,849,855,949,1052,1171,1268,1269,1270,1273,1277,1282,1286,1287,1288,1292,1293,1322,1332,1333,1481,1529,1674,1680,2101,2128,2190,2626,2627,2645,2653,2678,2679,2692,2774,2775,2778,2806,2873,2941,3336,3447,3581,3708,4165,4450,4604,4643,5627,5959,5966,5976,5987,5992,6151,6727,7153,8551,9032,
407;0;1925;2087;1;24,26,27,38,100,144,145,187,189,225,248,268,273,291,351,395,491,528,581,591,677,694,765,773,835,849,855,949,1052,1171,1268,1269,1270,1273,1277,1282,1286,1287,1288,1292,1293,1322,1332,1333,1481,1529,1674,1680,2128,2626,2627,2645,2653,2678,2679,2692,2774,2775,2778,2806,2873,2941,3336,3447,3581,3708,4450,4604,4643,4913,5627,5959,5966,5976,5987,5992,6151,6727,8551,9032,
362;0;2087;2244;1;24,26,27,38,60,100,144,145,189,225,248,251,256,268,273,291,351,395,528,555,591,655,677,694,765,773,835,855,949,971,987,1052,1171,1268,1269,1270,1273,1282,1286,1287,1288,1293,1322,1333,1481,1529,1580,1674,1680,2036,2128,2626,2627,2645,2653,2678,2679,2692,2774,2775,2778,2873,2941,3396,3447,3581,3708,4450,4604,5627,5959,5966,5976,5987,5992,6151,6727,7831,8551,9032,
429;0;2880;3022;1;24,26,27,38,60,100,144,145,189,225,231,248,251,268,273,291,297,351,395,528,555,591,677,694,765,773,835,855,949,987,1052,1171,1268,1269,1270,1273,1282,1286,1287,1288,1293,1322,1333,1476,1481,1529,1580,1674,1680,2128,2405,2626,2627,2645,2653,2658,2678,2679,2692,2774,2775,2778,2873,2941,3447,3581,3708,4450,4604,4946,5627,5959,5966,5976,5987,5992,6151,6727,8551,9032,
483;0;3022;3099;1;24,26,27,38,60,100,117,144,145,189,225,231,248,251,268,273,291,351,395,528,694,765,848,855,949,1052,1268,1269,1270,1286,1287,1288,1293,1322,1333,1476,1481,1529,1530,1674,1680,1915,2128,2394,2405,2626,2627,2643,2645,2653,2678,2679,2774,2775,2873,2941,3016,3447,3915,4775,5053,5627,5890,5959,5966,5976,5987,5992,6098,6151,6401,6727,7316,7463,8368,8369,8370,8371,8551,9032,
387;0;3099;3163;1;24,26,27,38,56,60,100,117,144,145,189,225,231,248,251,268,273,291,351,395,528,694,765,848,855,949,1052,1268,1269,1270,1286,1287,1288,1293,1322,1333,1476,1481,1529,1530,1674,1680,1915,2128,2394,2405,2420,2626,2627,2643,2645,2653,2678,2679,2774,2775,2873,2941,3016,3447,3786,3878,3915,4775,5053,5627,5890,5959,5966,5976,5987,5992,6098,6151,6401,6727,7316,7463,8551,9032,
491;0;3163;3337;1;24,26,27,38,55,60,100,117,144,145,189,225,231,248,251,268,273,291,351,395,528,694,736,765,855,949,1052,1268,1269,1270,1286,1287,1288,1293,1322,1333,1433,1476,1481,1529,1530,1674,1680,1915,2128,2153,2178,2230,2273,2306,2394,2405,2420,2626,2627,2643,2645,2653,2678,2679,2774,2775,2873,2941,3016,3403,3447,3784,3915,5627,5959,5966,5976,5987,5992,6098,6151,6727,8551,9032,
384;0;3337;3365;1;24,26,27,38,55,60,88,100,117,144,145,189,225,231,248,251,268,273,291,314,351,395,528,694,736,765,847,855,949,1052,1268,1269,1270,1286,1287,1288,1293,1322,1333,1433,1476,1481,1529,1530,1674,1680,1915,2128,2273,2306,2394,2405,2420,2626,2627,2643,2645,2653,2678,2679,2774,2775,2873,2941,3016,3309,3403,3447,3915,5627,5959,5966,5976,5987,5992,6098,6151,6727,8551,9032,
435;0;3365;3405;1;24,26,27,34,38,55,60,62,117,144,145,189,204,225,231,248,251,268,273,291,314,351,395,448,528,694,765,855,949,1052,1248,1268,1269,1270,1286,1287,1288,1293,1322,1333,1476,1481,1529,1674,1680,1999,2006,2128,2185,2306,2315,2405,2420,2626,2627,2645,2653,2774,2775,2849,2873,2941,3016,3403,3447,3906,3915,4103,4104,4105,5627,5959,5966,5976,5987,5992,6151,6727,8551,9032,
365;0;3405;3411;1;24,26,27,34,38,55,60,62,117,144,145,189,204,225,231,248,251,268,273,291,314,351,395,528,694,765,855,949,1052,1268,1269,1270,1286,1287,1288,1293,1294,1322,1333,1476,1481,1529,1674,1680,1781,2128,2306,2315,2405,2420,2626,2627,2645,2653,2774,2775,2873,2941,3016,3403,3447,3721,3797,3859,3906,3915,4217,4330,4353,5416,5627,5959,5966,5976,5987,5992,6151,6727,8551,9032,
451;0;3411;3552;1;24,26,27,38,60,117,144,145,189,225,231,248,251,268,273,291,314,351,395,528,694,715,765,855,949,1052,1268,1269,1270,1286,1287,1288,1293,1294,1322,1333,1445,1476,1481,1529,1674,1680,1781,2128,2306,2315,2405,2625,2626,2627,2635,2645,2653,2774,2775,2873,2941,3016,3447,3915,4217,4376,5525,5627,5722,5959,5966,5976,5987,5992,6025,6114,6151,6225,6449,6512,6513,6727,8551,9032,
417;0;3552;3560;1;24,26,27,38,60,117,144,145,189,225,231,248,251,268,273,291,314,351,395,528,694,715,765,855,949,1052,1268,1269,1270,1286,1287,1288,1293,1294,1322,1333,1445,1476,1481,1529,1674,1680,1781,2128,2306,2315,2405,2625,2626,2627,2635,2645,2653,2774,2775,2873,2941,3016,3447,3915,4217,4376,5525,5627,5722,5959,5966,5976,5987,5992,6025,6114,6151,6225,6449,6512,6513,6727,8551,9032,
332;0;3560;3709;1;24,26,27,38,60,117,144,145,189,225,231,248,251,268,273,291,314,351,395,528,694,715,765,855,949,1052,1268,1269,1270,1286,1287,1288,1293,1294,1322,1333,1476,1481,1529,1674,1680,1781,2128,2306,2315,2405,2626,2627,2645,2774,2775,2873,2941,3016,3447,3915,4217,4376,5525,5627,5722,5953,5958,5959,5966,5976,5979,5987,5992,6146,6147,6148,6149,6150,6151,6225,6449,6513,8551,9032,
353;0;4320;4465;1;24,26,27,38,60,117,144,145,177,189,225,231,234,248,251,262,268,273,288,291,302,304,305,308,314,317,351,395,442,528,595,715,765,855,949,1052,1268,1269,1270,1286,1287,1288,1293,1294,1322,1333,1430,1476,1481,1529,1674,1676,1680,1781,1932,1933,2128,2306,2315,2405,2626,2627,2645,2774,2775,2873,2941,3016,3447,3915,4217,4376,5525,5627,5722,6225,6449,6513,8551,9032,
369;0;4465;4542;1;24,26,27,38,60,117,144,145,177,189,225,231,234,248,251,262,268,273,288,291,302,304,305,308,314,317,351,395,528,715,765,855,949,1052,1268,1269,1270,1286,1287,1288,1293,1294,1322,1333,1476,1481,1529,1674,1676,1679,1680,1781,1933,2128,2306,2315,2405,2495,2626,2627,2645,2774,2775,2814,2873,2941,3016,3447,3915,4217,4545,4972,5627,5767,5768,5769,5770,6513,8551,9032,
402;0;4542;4608;1;24,26,27,38,60,117,139,144,145,149,177,189,225,231,234,241,248,251,262,268,273,277,288,291,302,304,305,314,317,351,391,395,429,528,715,765,855,948,949,1052,1268,1269,1270,1286,1287,1288,1293,1294,1322,1333,1476,1478,1481,1529,1674,1676,1679,1680,1781,1816,1933,2128,2306,2315,2405,2626,2627,2645,2774,2775,2873,2941,3016,3447,3915,4217,5627,6513,8551,9032,
495;0;4608;4660;1;24,26,27,38,60,117,139,144,145,149,177,189,225,231,234,241,248,251,262,268,273,277,288,291,302,304,305,314,317,351,391,395,429,528,765,855,948,949,1052,1268,1286,1287,1288,1293,1294,1322,1476,1478,1481,1529,1674,1676,1679,1680,1933,2128,2315,2626,2627,2645,2774,2775,2873,2941,3016,3447,3915,5627,8551,8555,8557,8558,8559,8560,8561,8562,8563,8564,8565,9032,
338;0;4660;4741;1;24,26,27,38,60,117,139,144,145,149,177,189,225,231,234,241,248,251,262,268,273,277,288,291,302,304,305,314,317,351,391,395,429,528,765,855,948,949,1052,1268,1286,1287,1288,1293,1294,1322,1476,1478,1481,1529,1674,1676,1679,1680,1933,2128,2315,2626,2627,2645,2676,2774,2775,2873,2941,3016,3447,3915,4740,5627,6748,8551,8555,8557,8558,8559,8560,8561,8562,9032,
388;0;4741;4898;1;24,26,27,38,60,117,139,144,145,149,177,189,225,231,234,241,248,251,262,268,273,277,288,291,302,304,305,314,317,351,391,395,429,528,765,855,948,949,1052,1268,1286,1287,1288,1293,1294,1322,1476,1478,1481,1529,1674,1676,1679,1680,1933,2128,2163,2315,2626,2627,2645,2676,2774,2775,2873,2941,3016,3447,3915,4740,5627,6748,8532,8551,8555,8557,8558,8559,8560,9032,
444;0;4898;5013;1;24,26,27,38,60,117,137,144,145,177,189,225,234,241,248,251,262,268,273,277,288,291,302,304,305,314,317,329,351,377,395,429,528,647,765,855,891,949,1052,1148,1286,1287,1293,1294,1322,1417,1478,1479,1481,1488,1529,1540,1604,1674,1676,1679,1680,1933,2128,2315,2544,2626,2696,2873,2941,3016,3130,3258,3915,4428,4818,5217,5218,5219,5220,5221,5222,5223,8559,9032,
371;0;5013;5068;1;24,26,27,38,60,63,117,137,144,145,177,189,225,234,241,248,251,262,268,273,277,288,291,302,304,305,314,317,329,351,377,395,429,528,647,765,855,891,949,1052,1148,1286,1287,1293,1294,1322,1417,1478,1479,1481,1488,1529,1540,1604,1674,1676,1679,1680,1933,2128,2149,2221,2315,2444,2544,2626,2696,2873,2941,3016,3130,3258,3915,4230,4428,4818,5217,5218,8559,9032,
Machine: 1
460;0;0;76;1;117,138,144,145,148,225,226,229,230,234,241,244,267,268,272,273,275,277,285,286,287,288,290,291,292,302,351,379,382,404,429,430,609,815,827,1052,1075,1118,1236,1309,1395,1447,1478,1502,1671,1679,1718,1732,1914,1933,1973,2091,2128,2246,2337,2378,2391,2436,2674,2941,3016,3099,3100,3101,3102,3103,3104,3105,3106,3107,3108,3109,3110,3111,3112,3113,3114,3115,3116,3117,
348;0;76;173;1;117,138,144,145,148,225,226,229,230,234,241,244,267,268,272,273,275,277,285,286,287,288,290,291,292,302,351,379,382,404,429,430,609,815,827,1052,1075,1118,1236,1309,1395,1447,1478,1502,1671,1679,1718,1732,1914,1933,1973,2091,2128,2246,2337,2378,2391,2436,2674,2941,3016,3099,3100,3101,3102,3103,3104,3105,3106,3107,3108,3109,3110,3111,3112,3113,3114,3115,3116,7897,
377;0;173;234;1;97,117,138,144,145,148,225,226,229,230,234,241,244,267,268,272,273,275,277,285,286,287,288,290,291,292,302,351,379,382,404,429,430,609,815,827,1052,1075,1118,1236,1309,1395,1401,1447,1474,1478,1502,1671,1679,1718,1732,1914,1933,1973,2091,2128,2246,2337,2355,2378,2391,2436,2674,2941,3016,3099,3100,3101,3102,3103,3104,3105,3106,3107,3108,3109,3110,3111,3112,3113,
422;0;234;275;1;3,97,136,138,144,225,226,229,234,272,273,275,277,287,288,302,379,400,429,430,436,827,838,1052,1075,1118,1126,1309,1470,1478,1486,1609,1661,1668,1679,1807,1920,1933,1973,2053,2109,2114,2118,2120,2123,2124,2125,2128,2129,2130,2132,2134,2135,2140,2142,2143,2337,2854,2855,2941,2953,3112,4511,4533,4534,4543,4546,4551,4553,4554,4555,4656,4676,4677,4678,4679,4680,4681,4682,6665,
455;0;275;316;1;3,61,79,97,136,138,144,170,225,226,229,234,272,273,275,277,287,288,302,379,400,412,429,430,436,827,838,1052,1075,1118,1126,1309,1470,1478,1486,1587,1609,1657,1661,1668,1679,1807,1920,1933,1973,2053,2109,2114,2118,2120,2123,2124,2125,2128,2129,2130,2132,2134,2135,2140,2142,2143,2337,2413,2518,2555,2854,2855,2941,2953,3112,3361,3877,4511,4533,4534,4543,4546,4551,4553,
361;0;316;485;1;3,61,79,97,136,138,144,170,202,225,226,229,234,272,273,275,277,287,288,302,379,400,412,429,430,436,827,838,1052,1075,1118,1126,1309,1470,1478,1486,1587,1609,1657,1661,1668,1679,1807,1920,1933,1973,2053,2109,2114,2118,2120,2123,2124,2125,2128,2129,2130,2132,2134,2135,2140,2142,2143,2168,2337,2413,2518,2555,2854,2855,2941,2953,3112,3361,3414,3877,4511,4533,4553,6705,
26;0;485;552;1;3,61,97,138,144,225,228,229,233,234,240,242,245,266,272,273,275,277,287,288,302,379,400,429,430,607,612,645,818,827,838,911,1052,1075,1099,1118,1309,1472,1478,1486,1587,1623,1661,1667,1843,1920,1933,1973,2053,2103,2134,2168,2299,2337,2432,2435,2440,2941,3112,3414,3639,3640,3641,3642,3643,3644,3645,3646,3647,3648,3649,3650,3651,3652,3653,3654,3655,4533,4553,6705,
470;0;552;663;1;3,61,97,138,144,225,228,229,233,234,240,242,245,266,272,273,275,277,287,288,289,302,321,379,395,400,429,430,607,612,645,818,827,838,898,911,921,922,1052,1058,1075,1099,1118,1309,1362,1472,1478,1486,1587,1623,1661,1667,1669,1843,1918,1920,1933,1973,2053,2103,2134,2168,2299,2337,2432,2435,2440,2723,2941,3112,3250,3414,3639,3640,3641,4088,4533,4553,6263,6705,
452;0;663;667;1;3,61,97,138,144,177,179,225,228,229,233,234,240,242,245,262,266,272,273,275,277,287,288,289,302,304,305,311,317,321,379,395,400,429,430,446,607,612,645,818,827,838,898,911,921,922,1052,1058,1075,1099,1118,1131,1136,1137,1309,1362,1472,1478,1486,1587,1661,1669,1676,1677,1843,1920,1973,2053,2134,2168,2337,2432,2723,2941,3250,3414,4088,4533,4553,6705,
415;0;667;743;1;3,26,61,97,138,144,177,179,225,228,229,233,234,240,242,245,255,262,266,272,273,275,277,287,288,289,302,304,305,311,317,321,379,395,400,429,430,446,528,607,612,645,818,827,838,898,911,921,1052,1058,1118,1278,1286,1287,1291,1293,1478,1486,1587,1661,1669,1843,1920,1973,2053,2134,2168,2337,2419,2432,2723,2941,3250,3414,4088,4533,4553,5316,6705,7035,
358;0;1440;1605;1;3,26,61,97,144,177,179,225,233,234,242,245,255,262,273,275,277,288,289,304,305,311,321,395,400,429,528,607,645,765,818,838,898,911,921,1052,1058,1118,1278,1287,1291,1293,1478,1481,1486,1529,1587,1661,1669,1674,1843,1920,1973,2053,2134,2168,2337,2419,2432,2501,2626,2642,2693,2713,2723,2941,3250,3414,3915,4088,4533,4553,5454,5935,5936,5937,5938,5939,5940,6705,
340;0;1605;1773;1;3,26,61,97,137,144,177,179,225,233,234,242,245,255,262,273,275,277,288,289,304,305,311,321,395,400,429,528,607,645,765,818,838,898,911,921,1052,1058,1062,1118,1278,1287,1291,1293,1361,1478,1481,1486,1529,1587,1661,1669,1674,1809,1843,1920,1973,2053,2134,2168,2337,2419,2432,2626,2723,2941,2984,3250,3414,3621,4088,4533,4553,4727,5830,6101,6107,6109,6113,6705,
401;0;1773;1914;1;3,24,26,38,61,78,97,137,144,177,179,189,225,233,234,242,245,255,262,273,275,277,288,289,304,305,311,321,395,400,429,528,607,645,765,818,838,871,872,873,874,898,911,921,1052,1058,1062,1118,1278,1287,1291,1293,1361,1456,1466,1478,1481,1486,1529,1587,1661,1669,1809,1843,1920,1973,2053,2134,2168,2337,2419,2432,2626,2723,2941,3414,4088,4533,4553,6705,
477;0;1914;2053;1;3,24,26,61,97,137,144,177,225,234,255,262,273,275,277,288,289,305,321,395,400,429,528,645,838,921,1052,1058,1062,1118,1278,1287,1291,1293,1361,1478,1481,1486,1587,1661,1669,1809,1843,1920,1973,2053,2134,2168,2419,2432,2723,2941,3178,3207,3209,3210,3214,3414,4533,4553,6013,6705,8265,8339,8340,8397,8763,8764,8765,8766,8767,8768,8769,8770,8771,8772,8773,8774,8775,8776,
446;0;2053;2087;1;2,3,24,26,61,97,137,144,177,225,234,255,262,273,275,277,288,289,301,305,314,321,395,400,429,528,645,838,921,1052,1058,1062,1116,1118,1121,1278,1287,1291,1293,1361,1478,1481,1486,1587,1661,1669,1680,1809,1843,1920,1973,2053,2134,2168,2419,2432,2476,2723,2941,3178,3207,3209,3210,3214,3414,4533,4553,6013,6705,8265,8339,8340,8397,8763,8764,8765,8766,8767,8768,8769,
395;0;2087;2192;1;2,3,24,26,61,97,135,137,144,177,225,234,255,262,273,275,277,288,289,301,305,314,321,395,400,429,528,645,830,838,921,1052,1058,1062,1116,1118,1121,1278,1287,1291,1293,1360,1361,1478,1481,1484,1485,1486,1587,1661,1669,1680,1809,1843,1920,1973,2053,2134,2168,2321,2371,2419,2432,2476,2584,2723,2941,3178,3207,3209,3210,3214,3414,4033,4533,4553,6013,6342,6705,8265,
479;0;2880;2932;1;2,3,24,26,61,97,135,137,144,177,225,234,255,262,273,275,277,288,289,301,305,314,321,395,400,429,528,645,814,830,838,921,1046,1052,1058,1062,1116,1118,1121,1278,1287,1291,1293,1360,1361,1442,1478,1481,1484,1485,1486,1567,1587,1661,1669,1680,1809,1843,1920,1973,2053,2134,2168,2321,2371,2419,2432,2476,2584,2723,2941,3414,4033,4533,4553,6418,6419,6578,6705,8543,
436;0;2932;2998;1;2,3,24,26,61,97,135,137,144,177,225,234,255,262,273,275,277,288,289,301,305,314,321,395,400,429,528,645,814,830,838,921,1046,1052,1058,1062,1116,1118,1121,1278,1287,1291,1293,1360,1361,1442,1478,1481,1484,1485,1486,1567,1587,1661,1669,1680,1809,1843,1920,1973,2028,2053,2070,2134,2168,2371,2419,2432,2723,2941,3414,3948,3949,3950,3951,4033,4533,4553,6578,6705,
461;0;2998;3015;1;2,3,24,26,61,97,135,137,144,177,225,234,255,262,273,275,277,288,289,301,305,314,321,395,400,429,528,645,814,830,838,921,1046,1051,1052,1058,1062,1116,1118,1121,1145,1278,1287,1291,1293,1360,1361,1442,1478,1481,1484,1485,1486,1567,1587,1661,1669,1680,1809,1843,1920,1973,2053,2070,2134,2168,2371,2419,2432,2489,2490,2723,2941,3414,3948,4033,4533,4553,6578,6705,
394;0;3015;3119;1;2,3,24,26,60,61,97,137,144,177,225,234,247,248,255,262,273,275,277,288,289,301,305,314,321,395,400,429,528,645,838,921,1046,1051,1052,1058,1062,1118,1145,1278,1287,1289,1291,1293,1322,1360,1361,1478,1481,1484,1567,1587,1669,1809,1843,1920,1973,2053,2070,2134,2168,2261,2419,2432,2723,2941,3414,3597,3702,3802,3948,4033,4127,4451,4533,4553,5522,5652,5653,6705,
441;0;3119;3178;1;2,3,26,60,61,97,137,144,225,247,248,255,262,275,277,288,289,301,305,314,321,395,400,429,528,645,921,1051,1058,1062,1118,1145,1278,1287,1291,1293,1322,1360,1361,1478,1481,1587,1669,1843,1920,2053,2168,2261,2419,2941,3414,3702,3948,4553,6705,9222,9223,9224,9225,9229,9230,9231,9232,9233,9234,9235,9236,9237,9238,9239,9240,9241,9242,9243,9244,9245,9246,9247,9248,9249,
486;0;3178;3244;1;2,3,26,60,61,97,137,144,225,247,248,255,262,275,277,288,289,301,305,314,321,395,400,429,528,645,921,1051,1058,1062,1118,1123,1145,1278,1287,1291,1293,1322,1360,1361,1431,1474,1478,1481,1587,1669,1726,1843,1920,2053,2168,2261,2419,2941,3414,3702,3948,4553,6180,6705,9222,9223,9224,9225,9229,9230,9231,9232,9233,9234,9235,9236,9237,9238,9239,9240,9241,9242,9243,9244,
392;0;3244;3419;1;2,3,26,27,60,61,97,137,144,150,155,225,247,248,251,255,262,275,277,288,289,301,305,314,321,395,400,429,457,528,731,732,921,1051,1058,1118,1278,1280,1287,1291,1293,1322,1326,1360,1361,1474,1478,1481,1548,1587,1726,1843,1849,1853,1920,2053,2168,2261,2408,2419,2873,2941,2982,3004,3070,3414,3598,3613,3702,3814,3830,3842,3948,4124,4462,4553,5487,6656,6705,9194,
466;0;3419;3567;1;2,3,26,27,60,61,97,137,144,150,155,225,247,248,251,255,262,275,277,288,289,301,305,314,321,395,400,429,457,528,731,732,921,1051,1058,1118,1278,1280,1287,1291,1293,1322,1326,1360,1361,1474,1478,1481,1548,1587,1726,1843,1849,1853,1920,2053,2168,2261,2408,2419,2873,2941,2943,2982,3004,3070,3414,3598,3613,3702,3842,3948,4553,5487,6705,8559,9031,9032,9033,9194,
467;0;3567;3627;1;2,3,26,27,60,61,97,137,144,150,155,225,247,248,251,255,262,275,277,288,289,301,305,314,321,395,400,429,457,528,731,732,921,1051,1058,1118,1278,1280,1287,1291,1293,1322,1326,1360,1361,1474,1478,1481,1548,1587,1726,1843,1849,1853,1920,2053,2168,2224,2261,2408,2419,2873,2941,2943,2982,3004,3070,3414,3598,3613,3702,3842,3948,4553,5182,5206,5487,6705,8559,9194,
431;0;4320;4473;1;3,26,27,60,61,97,103,137,144,225,247,251,255,262,275,277,288,289,301,305,314,321,395,400,429,457,528,1051,1058,1118,1278,1287,1291,1293,1322,1360,1361,1474,1478,1481,1587,1726,1843,1920,2053,2168,2224,2261,2419,2627,2645,2873,2898,2941,3043,3414,3447,3702,3842,3948,4553,5030,5609,5897,6090,6705,6783,7022,7419,7834,7835,8166,8170,8730,9083,9084,9085,9086,9087,9088,
364;0;4473;4582;1;3,26,27,60,61,97,103,137,144,225,247,251,255,262,275,277,288,289,301,305,314,321,395,400,429,457,528,1051,1058,1118,1278,1287,1291,1293,1322,1360,1361,1474,1478,1481,1587,1726,1843,1920,2053,2168,2224,2261,2419,2627,2645,2873,2898,2941,3043,3232,3414,3447,3469,3472,3475,3486,3487,3498,3687,3688,3689,3690,3702,3842,3948,4553,5030,5609,5897,6090,6705,6783,7022,7419,
453;0;4582;4616;0;3,26,27,60,61,97,137,144,225,247,251,255,262,275,277,288,289,301,305,314,321,395,400,429,457,528,1051,1058,1118,1268,1278,1287,1288,1291,1293,1294,1322,1360,1361,1474,1478,1481,1547,1587,1726,1843,1920,2053,2168,2224,2240,2241,2242,2261,2409,2419,2485,2627,2645,2873,2898,2941,3029,3065,3414,3590,3702,3842,3948,4357,4553,4883,4884,4885,4886,4887,4888,5030,6705,7419,
494;0;4616;4719;1;3,26,27,60,61,97,137,139,144,149,225,247,251,255,262,275,277,288,289,301,305,314,321,395,400,429,457,528,647,833,855,863,948,1051,1058,1060,1093,1118,1134,1268,1278,1287,1288,1291,1293,1294,1322,1360,1361,1474,1478,1481,1502,1587,1670,1726,1843,1920,2053,2168,2224,2240,2261,2419,2485,2645,2898,2941,3065,3414,3702,3842,3948,4357,4535,4553,4746,5432,5627,6705,
476;0;4719;4769;1;3,26,27,60,61,97,137,139,144,145,149,225,231,241,247,251,255,262,275,277,288,289,305,314,321,391,395,396,400,429,457,528,647,855,948,1051,1058,1093,1118,1134,1268,1278,1287,1288,1291,1293,1294,1322,1360,1361,1474,1476,1478,1479,1481,1502,1587,1726,1843,1920,1922,2053,2168,2240,2261,2419,2485,2645,2898,2941,3387,3414,3702,3842,3948,4357,4553,4832,5244,6705,
481;0;4769;4819;1;3,26,27,60,61,97,137,139,144,145,149,225,231,241,247,251,255,262,275,276,277,288,289,305,314,321,391,395,396,400,429,457,528,647,855,948,1051,1058,1093,1118,1134,1147,1268,1278,1287,1288,1291,1293,1294,1322,1360,1361,1474,1476,1478,1479,1481,1587,1726,1843,2053,2168,2240,2261,2419,2485,2645,2898,2941,3414,3702,3842,3925,3948,4016,4017,4018,4357,4553,6705,
373;0;4819;4839;0;3,26,27,60,61,97,137,139,144,145,149,225,231,241,247,251,255,262,275,277,288,289,295,305,314,321,395,400,429,457,528,647,948,1051,1058,1118,1133,1134,1236,1268,1278,1287,1288,1291,1293,1294,1322,1360,1361,1474,1478,1481,1587,1726,1843,1916,2053,2168,2240,2261,2338,2419,2485,2645,2898,2941,3414,3630,3702,3842,3948,4018,4357,4553,4754,4996,5011,5338,6705,6746,
397;0;4839;4944;1;3,26,27,60,61,97,137,139,144,145,149,225,231,241,247,251,255,262,275,277,288,289,295,305,314,321,395,400,429,457,528,647,948,1051,1058,1118,1133,1134,1236,1268,1278,1287,1288,1291,1293,1294,1322,1360,1361,1474,1478,1481,1587,1726,1843,1916,2053,2168,2240,2261,2338,2419,2485,2645,2898,2941,3414,3630,3702,3842,3948,4018,4357,4553,4754,4996,5011,5338,6705,6746,
406;0;4944;5017;1;3,26,27,60,61,97,137,139,144,145,149,225,231,241,247,251,255,262,275,277,288,289,305,314,321,395,400,429,457,528,647,948,1051,1058,1118,1134,1236,1268,1278,1287,1288,1291,1293,1294,1322,1361,1419,1474,1478,1481,1587,1726,1843,2168,2240,2261,2263,2264,2419,2485,2645,2898,2941,3026,3094,3414,3702,3842,3948,4018,4217,4357,4440,4553,5102,5103,5104,5105,5106,6705,
493;0;5017;5128;1;3,26,27,60,61,97,137,139,144,145,149,206,208,225,231,241,247,251,255,262,275,277,288,289,305,314,321,395,400,429,457,502,528,569,647,729,948,1051,1058,1118,1236,1268,1278,1287,1288,1291,1293,1294,1322,1361,1419,1474,1478,1481,1587,1726,1843,1895,1989,2168,2240,2261,2263,2264,2485,2645,2898,2941,3414,3702,3842,3870,3948,4018,4192,4217,4357,4553,6705,6766,
Machine: 2
424;0;0;115;1;3,26,27,60,61,97,137,139,144,145,149,208,225,231,241,247,251,255,262,275,277,288,289,305,314,321,366,395,400,429,457,528,647,728,948,1051,1058,1118,1236,1268,1275,1278,1287,1288,1291,1293,1294,1322,1419,1474,1478,1587,1726,1843,1895,2168,2174,2220,2232,2240,2261,2263,2264,2485,2645,2898,2941,3060,3414,3421,3422,3609,3702,3831,3842,3948,4018,4217,4357,6705,
425;0;115;139;1;3,26,27,60,61,97,137,139,144,145,149,208,225,231,241,247,251,255,262,275,277,288,289,305,314,321,366,395,400,429,457,503,505,528,534,647,948,1051,1058,1063,1118,1236,1268,1275,1278,1287,1288,1291,1293,1294,1322,1333,1419,1474,1478,1587,1659,1726,1843,1895,2168,2220,2240,2261,2263,2264,2485,2645,2898,3060,3414,3421,3422,3609,3702,3831,4018,4217,4357,6705,
428;0;139;169;1;3,26,27,60,61,97,137,139,144,145,149,208,225,231,241,247,251,255,262,275,277,288,289,305,314,321,366,395,400,429,457,503,505,528,534,647,948,1051,1058,1063,1118,1236,1268,1275,1278,1287,1288,1291,1293,1294,1322,1333,1419,1474,1478,1587,1659,1726,1843,1895,2168,2220,2240,2261,2263,2264,2485,2645,2898,3060,3414,3421,3422,3609,3702,3831,4018,4217,4357,6705,
497;0;169;213;1;3,26,27,60,61,97,137,139,144,145,149,208,225,231,241,247,251,255,262,275,277,288,289,305,314,321,366,395,400,429,457,503,505,528,534,647,948,1045,1051,1058,1063,1118,1236,1268,1275,1278,1287,1288,1291,1293,1294,1322,1333,1419,1474,1478,1587,1726,1843,1895,2168,2220,2240,2261,2263,2264,2485,2645,2898,3060,3414,3421,3422,3609,3702,3831,4018,4217,4357,6705,
474;0;213;265;1;3,26,27,60,61,97,137,139,144,145,149,208,225,231,241,247,251,255,262,275,277,288,289,305,314,321,395,400,429,503,528,647,875,948,1051,1058,1118,1236,1268,1275,1278,1287,1288,1291,1293,1294,1322,1419,1474,1478,1575,1587,1726,1843,1895,2168,2220,2221,2240,2261,2263,2264,2309,2485,2645,2898,3060,3414,3421,3422,3702,3831,3832,3833,3834,3835,4018,4217,4357,6705,
464;0;265;427;1;3,26,27,60,61,97,137,139,144,145,149,208,225,231,241,247,251,255,262,275,277,288,289,305,314,321,359,395,400,429,503,528,578,647,875,948,1051,1058,1118,1236,1268,1275,1278,1287,1288,1291,1293,1294,1322,1419,1474,1478,1549,1587,1726,1843,1895,2018,2168,2198,2199,2220,2221,2240,2261,2263,2264,2485,2645,2847,2848,2898,3414,3702,3978,3979,4018,4217,4357,6705,
496;0;427;575;1;3,26,27,60,61,97,137,139,144,145,149,208,225,231,241,247,251,262,275,277,288,289,305,314,321,359,395,400,429,503,528,647,875,948,1051,1058,1118,1236,1268,1275,1278,1287,1288,1291,1293,1294,1322,1419,1474,1478,1549,1587,1726,1843,1895,2018,2168,2198,2199,2220,2221,2240,2261,2263,2264,2485,2645,2662,2847,2848,2898,3329,3414,3702,3978,3979,4018,4217,4357,6705,
457;0;575;747;1;3,26,27,60,61,95,97,137,139,144,145,149,208,225,231,241,247,251,262,275,277,288,289,305,314,321,359,395,400,429,503,528,647,875,948,1051,1058,1118,1236,1268,1275,1278,1287,1288,1291,1293,1294,1322,1419,1474,1478,1549,1587,1726,1843,1895,2018,2168,2198,2199,2220,2221,2240,2261,2263,2264,2485,2645,2662,2847,2848,2898,3414,3702,3978,3979,4018,4217,4357,6705,
426;0;1440;1474;1;3,26,60,61,95,97,137,139,144,145,149,208,225,231,241,247,251,262,275,277,288,289,305,314,321,395,400,429,503,528,632,647,875,948,1051,1058,1118,1236,1268,1275,1278,1287,1288,1291,1293,1294,1322,1419,1474,1478,1549,1587,1726,1843,1895,1936,2018,2168,2198,2199,2220,2221,2240,2261,2263,2264,2485,2645,2847,2848,2898,3414,3702,3978,3979,3980,4018,4217,4357,6705,
383;0;1474;1593;0;3,26,60,61,95,97,137,139,144,145,149,208,225,231,241,247,251,262,275,277,288,289,314,321,395,400,429,528,647,875,948,1051,1058,1118,1236,1242,1268,1270,1271,1272,1275,1276,1278,1283,1287,1288,1290,1291,1293,1294,1322,1419,1474,1478,1587,1702,1726,1777,1783,1843,1895,1936,2018,2168,2220,2221,2240,2261,2263,2264,2485,2645,2898,3414,3702,4018,4217,4282,4357,6705,
359;0;1593;1773;1;3,26,60,61,97,137,139,144,145,149,208,225,231,241,247,251,260,262,275,277,288,289,314,321,345,395,400,429,528,584,647,890,1051,1058,1118,1236,1268,1270,1272,1278,1287,1288,1290,1293,1294,1322,1374,1474,1478,1726,1756,1843,1895,1936,2018,2168,2220,2221,2240,2261,2263,2264,2405,2485,2645,2898,2988,3414,3519,3699,3702,4018,4217,4357,5867,6198,6199,6200,6201,6705,
490;0;1773;1922;1;3,26,60,61,97,137,139,144,145,149,208,225,231,241,247,251,262,275,277,288,289,314,321,395,400,404,429,432,528,647,949,1051,1058,1118,1236,1268,1270,1272,1278,1287,1288,1290,1293,1294,1322,1474,1475,1478,1480,1521,1726,1843,1895,1936,1978,2018,2168,2220,2221,2240,2261,2263,2264,2485,2508,2645,2898,2988,3414,3702,4018,4217,4357,5143,5619,5699,5867,6177,6178,6705,
385;0;1922;2078;1;3,26,60,61,97,128,137,139,144,145,149,208,225,231,241,247,251,262,275,277,288,289,314,321,395,400,404,429,528,647,949,1051,1058,1118,1138,1236,1268,1269,1270,1272,1278,1287,1288,1290,1293,1294,1295,1322,1474,1478,1480,1726,1781,1843,1895,1936,2018,2168,2220,2221,2240,2261,2262,2263,2264,2485,2645,2868,2898,2988,3414,3702,3837,4018,4217,4260,4357,5619,5867,6705,
459;0;2078;2177;1;3,26,60,61,97,128,137,139,144,145,149,208,225,231,241,247,251,262,275,277,288,289,314,321,395,400,404,429,528,647,949,1051,1058,1118,1138,1236,1268,1269,1270,1272,1278,1287,1288,1290,1293,1294,1295,1322,1474,1478,1480,1726,1781,1843,1895,1936,2018,2168,2220,2221,2240,2263,2264,2485,2645,2898,2988,3414,3702,4018,4217,4357,5619,5867,6705,8456,8457,8458,8459,8460,
465;0;2880;2911;1;3,26,60,61,97,137,139,144,145,149,188,208,225,231,241,247,251,262,275,277,288,289,314,321,395,400,404,429,528,647,949,1051,1058,1118,1268,1269,1270,1278,1288,1290,1293,1294,1295,1322,1474,1478,1712,1726,1781,1843,1868,1895,1936,2018,2168,2220,2221,2240,2263,2264,2306,2485,2645,2898,2988,3255,3414,3692,3693,3694,3695,3696,3697,3702,4018,4217,4357,5619,5867,6705,
440;0;2911;2921;1;3,26,60,61,97,137,139,144,145,149,208,225,231,241,247,251,262,275,277,288,289,314,321,395,400,404,429,528,536,647,949,1051,1058,1118,1268,1269,1270,1278,1288,1290,1293,1294,1295,1322,1329,1474,1478,1726,1781,1843,1895,2018,2168,2220,2221,2240,2263,2264,2265,2407,2447,2485,2645,2898,3414,3702,3708,4018,4217,4357,4453,4810,4811,4812,4813,4814,4815,5619,5867,6705,
473;0;2921;3068;1;3,26,60,61,97,137,139,144,145,149,208,225,231,241,247,251,262,275,277,288,289,314,321,395,400,404,429,528,536,647,949,1051,1058,1118,1268,1269,1270,1278,1288,1290,1293,1294,1295,1322,1329,1401,1474,1478,1726,1781,1843,1895,2018,2168,2220,2221,2240,2263,2264,2265,2355,2407,2447,2485,2645,2898,3414,3702,3708,4018,4217,4357,4453,4810,4811,4812,5619,5867,6174,6705,
433;0;3068;3115;1;3,26,60,61,97,137,139,144,145,149,208,225,231,241,247,251,262,275,277,288,289,314,321,395,400,404,429,528,536,647,949,1051,1058,1118,1268,1269,1270,1278,1288,1290,1293,1294,1295,1322,1329,1401,1474,1478,1497,1551,1552,1553,1555,1556,1557,1726,1781,1843,1895,2018,2168,2220,2221,2240,2263,2264,2265,2355,2407,2447,2485,2645,2898,3129,3414,3702,4018,4217,5867,6705,
17;0;3115;3167;1;3,26,60,61,97,137,139,144,145,149,169,208,225,231,241,247,251,262,275,277,288,289,314,321,395,400,404,408,415,429,480,518,528,536,647,949,987,1051,1058,1118,1157,1268,1269,1270,1278,1288,1290,1293,1294,1295,1322,1329,1401,1474,1478,1580,1726,1781,1843,1895,1935,2018,2168,2220,2221,2240,2355,2407,2412,2538,2645,2765,2898,3414,4018,4217,5493,5674,5867,6705,
423;0;3167;3330;0;3,26,60,61,97,137,139,144,145,149,169,208,225,231,241,247,251,262,275,277,288,289,314,321,395,400,404,408,415,429,480,518,528,536,647,949,987,1051,1058,1118,1157,1268,1269,1270,1278,1288,1290,1293,1294,1295,1322,1329,1401,1474,1478,1580,1726,1781,1843,1895,1935,2018,2168,2220,2221,2240,2355,2407,2412,2538,2645,2765,2898,3414,4018,4217,5493,5674,5867,6705,
112;0;3330;3484;1;3,26,60,61,97,137,139,144,145,149,169,208,225,231,241,247,251,262,275,277,288,289,314,321,395,400,404,408,415,429,480,518,528,536,647,949,987,1051,1058,1118,1157,1268,1269,1270,1278,1288,1290,1293,1294,1295,1322,1329,1401,1474,1478,1580,1726,1781,1843,1895,2018,2220,2221,2240,2355,2407,2538,2645,2898,3705,4018,4217,4280,5867,7395,8076,8077,8078,8079,8081,
345;0;3484;3582;1;3,26,60,61,97,137,139,144,145,149,225,231,241,247,251,262,275,277,288,289,292,314,321,351,382,395,400,404,429,528,647,715,912,949,1051,1055,1058,1118,1146,1167,1170,1200,1268,1269,1270,1278,1293,1295,1401,1474,1478,1726,1781,1814,1834,1835,1836,1840,1843,2220,2221,2240,2247,2355,2370,2407,2645,2898,3037,3249,4018,4217,4280,4500,4575,5742,5792,5834,5835,5867,
471;0;3582;3733;1;3,26,60,61,97,137,139,143,144,145,149,225,231,241,247,251,262,275,277,288,289,292,298,314,321,351,382,395,397,400,404,429,435,528,647,715,912,949,1051,1055,1058,1118,1146,1167,1170,1268,1269,1270,1278,1293,1295,1354,1401,1474,1478,1726,1781,1814,1843,2220,2221,2240,2247,2355,2407,2645,2822,2898,3036,3037,4018,4217,4280,4500,5738,5742,5792,5793,5794,5867,
478;0;4320;4339;1;3,26,60,61,97,137,139,143,144,145,149,225,231,241,247,251,262,275,277,288,289,292,298,314,321,351,382,395,397,400,404,429,435,528,553,554,647,715,912,949,1051,1055,1058,1118,1146,1167,1170,1268,1269,1270,1278,1293,1295,1354,1401,1474,1478,1726,1781,1814,1843,2220,2221,2240,2247,2355,2407,2645,2822,2898,3036,3037,4018,4217,4238,4280,4500,5867,6694,7339,
418;0;4339;4495;1;3,26,60,61,97,137,139,143,144,145,149,225,231,241,247,251,262,275,277,288,289,291,292,298,314,321,351,382,395,397,400,404,429,435,528,553,554,640,647,715,912,949,1051,1055,1058,1118,1146,1167,1170,1268,1269,1270,1278,1293,1295,1401,1474,1478,1540,1726,1781,1814,2220,2221,2240,2355,2407,2645,2774,2775,2898,3037,3263,4018,4217,5051,5209,5409,5867,6472,
456;0;4495;4503;1;3,26,60,61,97,137,139,143,144,145,146,149,225,231,241,247,251,262,277,288,289,291,292,314,321,351,377,382,395,397,400,404,429,528,591,640,647,715,912,949,1051,1054,1058,1117,1118,1120,1124,1146,1170,1268,1269,1270,1278,1293,1295,1401,1474,1478,1735,1736,1763,1781,2220,2221,2240,2355,2407,2645,2774,2775,2898,3037,3263,4018,4217,4834,5257,5511,5512,5867,
17;1;4503;4535;1;3,26,60,61,97,137,139,143,144,145,146,149,165,225,231,241,247,251,262,277,288,289,291,292,314,321,351,377,382,395,397,400,404,429,528,533,591,640,647,715,734,912,949,1051,1054,1058,1117,1118,1124,1146,1170,1268,1269,1270,1273,1278,1293,1295,1401,1474,1478,1736,1763,1781,2220,2221,2240,2355,2407,2645,2774,2775,2898,3037,3263,4018,4217,4308,4309,5867,
487;0;4535;4568;1;3,26,55,60,97,137,139,143,144,145,146,149,225,231,241,247,251,262,277,288,289,291,292,314,321,351,377,382,395,397,400,404,429,499,591,640,647,715,912,949,1051,1054,1058,1117,1118,1124,1146,1170,1270,1278,1293,1295,1401,1474,1478,1763,1781,1897,2151,2220,2240,2355,2407,2645,2774,2775,2827,3037,3263,3403,4018,4217,4435,4442,4468,5510,5867,7889,7964,9017,
124;0;4568;4724;1;3,26,55,60,97,137,139,143,144,145,146,149,225,231,241,247,251,262,277,288,289,291,292,314,321,351,377,382,395,397,400,404,429,499,591,640,647,715,912,921,949,1051,1054,1058,1117,1118,1124,1146,1170,1270,1278,1293,1295,1401,1474,1478,1763,1781,1848,1897,2151,2220,2240,2355,2407,2645,2774,2775,2827,3037,3263,3403,3435,4018,4217,4435,4442,5867,6234,6307,
80;0;4724;4776;1;3,26,55,60,97,137,139,143,144,145,146,149,225,231,241,247,251,262,277,288,289,291,292,314,321,351,377,382,395,397,400,404,429,499,591,598,634,640,647,715,912,921,949,1051,1054,1058,1087,1117,1118,1124,1146,1170,1262,1270,1278,1293,1295,1401,1474,1478,1763,1781,1848,2173,2220,2240,2355,2407,2645,2774,2775,3037,3263,3435,4018,4217,4435,4456,5867,5949,
349;0;4776;4798;1;3,26,55,60,97,137,139,143,144,145,146,149,225,231,241,247,251,262,277,288,289,291,292,314,321,351,377,382,395,397,400,404,429,499,591,598,634,640,647,715,912,921,949,1051,1054,1058,1087,1117,1118,1124,1146,1170,1270,1278,1293,1401,1474,1478,1588,2175,2240,2355,2407,2420,2488,2645,2774,2775,3037,3263,3435,4018,4217,4435,5867,6918,6919,6920,6921,6922,
357;0;4798;4808;1;3,97,100,102,137,139,143,144,145,146,225,231,241,277,288,289,291,292,314,321,343,351,377,382,395,397,400,404,429,640,647,715,843,921,949,1043,1051,1054,1058,1117,1118,1124,1146,1170,1199,1401,1444,1474,1478,1528,2355,2407,2498,2628,2645,2649,2679,2683,2774,2775,3037,3263,3435,4018,5526,5530,5537,5690,5723,5865,5867,5868,7320,7580,7581,7582,7583,7584,7585,7586,
27;0;4808;4841;1;3,97,100,102,137,139,143,144,145,146,225,231,241,277,288,289,291,292,314,321,343,351,377,382,390,395,397,398,400,404,429,640,647,715,843,921,949,1043,1048,1051,1054,1058,1117,1118,1124,1145,1146,1170,1199,1358,1401,1444,1474,1478,1604,1725,1805,1945,1970,1971,2355,2407,2628,2645,2649,2679,2683,2774,2775,3037,3263,3435,4018,5526,5530,5537,5723,7320,7583,7584,
445;0;4841;4925;1;3,97,100,102,137,139,143,144,145,146,225,231,241,277,288,289,291,292,314,321,343,351,377,382,390,395,397,398,400,404,429,640,647,715,843,921,949,1043,1048,1051,1054,1058,1117,1118,1124,1145,1146,1170,1199,1274,1358,1401,1474,1478,1604,1725,1805,1945,1970,1971,2355,2407,2628,2645,2649,2679,2683,2774,2775,3037,3263,3435,4018,5526,5530,5537,5723,7320,7583,7584,
336;0;4925;4999;1;3,97,100,102,137,139,143,144,145,146,225,231,241,277,288,289,291,292,314,321,343,351,377,382,390,395,397,398,400,404,429,640,647,715,843,921,949,1043,1048,1051,1054,1058,1117,1118,1124,1145,1146,1170,1199,1274,1358,1401,1474,1478,1604,1725,1805,1945,1970,1971,2355,2407,2628,2645,2649,2679,2683,2774,2775,3037,3263,3435,4018,5526,5530,5537,5723,7320,7583,7584,
410;0;4999;5147;1;3,97,100,102,137,139,143,144,145,146,225,231,241,277,288,289,291,292,314,321,343,351,377,382,390,395,397,398,400,404,429,640,647,715,843,921,949,1043,1048,1051,1054,1058,1117,1118,1124,1145,1146,1170,1199,1274,1358,1401,1474,1478,1604,1725,1805,1945,1970,1971,2355,2407,2628,2645,2649,2679,2683,2774,2775,3037,3263,3435,4018,5526,5530,5537,5723,7320,7583,7584,
Machine: 3
399;0;0;66;1;8,97,100,102,137,139,142,143,144,145,146,225,231,241,277,288,289,291,292,314,321,343,351,377,382,390,395,397,398,400,404,405,429,640,644,645,646,647,648,715,843,921,949,1043,1054,1056,1058,1062,1117,1118,1124,1146,1170,1358,1401,1473,1474,1478,1823,2102,2155,2355,2407,2628,2645,2649,2683,2774,2775,3037,3263,3435,4018,5526,5530,5537,5723,7320,7583,7584,
161;0;66;132;1;8,97,100,102,137,139,143,144,145,146,225,231,241,277,288,289,291,292,314,321,343,351,377,382,390,395,397,398,400,404,429,640,647,715,843,921,949,1043,1054,1056,1058,1117,1118,1124,1146,1170,1358,1401,1473,1474,1478,1669,1768,2253,2355,2407,2628,2645,2649,2683,2774,2775,2778,2780,2816,2950,3037,3263,3435,4018,4564,4740,4805,5526,5530,5537,5723,7320,7583,7584,
489;0;132;153;1;8,97,100,102,137,139,143,144,145,146,225,231,241,277,288,289,290,291,292,314,321,329,343,377,382,390,395,397,398,400,404,429,640,647,838,839,843,901,921,949,1054,1117,1118,1124,1146,1170,1401,1473,1474,1478,1669,1809,1884,2355,2407,2504,2645,2683,2774,2778,2779,2816,3037,3263,3435,4604,4605,4606,5894,5895,5898,5899,5901,6126,6127,6128,6129,6361,6362,6363,
98;0;153;213;1;8,95,97,100,102,137,139,143,144,145,146,225,231,241,277,288,289,290,291,292,314,321,329,343,377,382,390,395,397,398,400,401,404,429,640,647,838,839,843,901,921,949,1050,1052,1054,1117,1118,1124,1146,1170,1359,1401,1473,1474,1478,1669,1809,1884,2134,2355,2407,2426,2504,2645,2683,2774,2778,2779,2816,3037,3263,3435,4604,4605,4606,5894,5895,5898,5899,5901,
99;0;213;387;1;8,95,97,100,102,137,139,143,144,145,146,225,231,241,277,288,289,290,291,292,314,321,329,343,377,382,390,395,397,398,400,401,404,429,640,647,838,839,843,901,921,949,1050,1052,1054,1117,1118,1124,1146,1170,1359,1401,1473,1474,1478,1669,1809,1884,2407,2645,2683,2774,2778,2779,2816,3037,3133,3263,3636,4604,4605,4606,5049,5733,5843,5894,5895,5898,5899,5901,
114;0;387;401;1;8,95,97,100,102,137,139,143,144,145,146,225,231,241,274,277,288,289,290,291,292,296,314,321,329,343,377,382,390,395,397,398,400,401,404,429,640,647,838,839,843,901,921,948,949,1050,1052,1054,1093,1117,1118,1124,1146,1170,1401,1473,1474,1478,1809,1884,1973,2407,2645,2683,2774,2778,2779,2816,3037,3263,3711,4553,4604,4605,4606,5894,5895,5898,5899,5901,
99;1;401;557;1;8,95,97,100,102,137,139,143,144,145,146,225,231,234,241,274,277,288,289,290,291,292,296,314,321,329,343,377,382,390,395,397,398,400,401,404,429,640,647,838,839,843,901,921,948,949,1050,1052,1054,1093,1117,1118,1124,1146,1401,1473,1474,1478,1809,1884,1973,2407,2529,2645,2683,2774,2778,2779,2816,3037,3263,3711,4604,4605,4606,5894,5895,5898,5899,5901,
370;0;557;591;1;8,9,95,100,137,139,143,144,145,146,225,231,234,241,259,277,288,290,292,314,321,329,377,382,390,395,397,398,400,401,404,429,640,647,775,838,893,895,921,1054,1095,1117,1118,1124,1146,1171,1361,1397,1401,1473,1474,1478,1488,1683,1799,1809,1973,2224,2407,2455,2645,2816,2821,2988,3037,3130,3267,3743,4533,4637,4748,4890,6513,6809,6813,6814,6815,6821,6822,6823,
482;0;591;640;1;95,100,137,139,144,145,146,225,231,234,241,260,273,277,288,290,292,314,321,329,377,382,390,395,397,398,400,401,404,429,640,647,775,838,875,895,921,1117,1118,1146,1177,1236,1361,1401,1417,1469,1473,1474,1478,1481,1501,1670,1675,1749,1756,1973,2051,2222,2407,2432,2645,2674,2695,2723,2816,2988,3284,3920,4323,4511,5206,5882,6347,6348,6349,6350,6351,6352,6353,6513,
367;0;640;669;1;95,100,137,139,144,145,146,225,231,234,241,260,273,277,288,290,292,314,321,329,377,382,390,395,397,398,400,401,404,429,640,647,775,838,875,895,921,1117,1118,1146,1177,1236,1361,1401,1417,1469,1473,1474,1478,1481,1501,1670,1675,1749,1756,1762,1973,2051,2222,2407,2432,2645,2674,2695,2723,2816,2988,3284,3920,4323,4502,4511,5206,5882,6347,6348,6349,6350,6352,6513,
411;0;669;746;1;95,100,137,139,144,145,146,225,231,234,241,260,273,277,288,290,292,314,321,329,377,382,390,395,397,398,400,401,404,429,640,647,775,838,875,895,921,1117,1118,1146,1177,1236,1361,1401,1417,1469,1473,1474,1477,1478,1480,1481,1501,1670,1675,1749,1756,1762,1973,2051,2116,2222,2407,2432,2645,2674,2695,2723,2816,2988,3284,3920,4322,4323,4502,4511,5206,5882,6352,6513,
343;0;1440;1464;1;95,100,137,139,144,145,146,225,231,234,241,260,273,277,288,290,292,314,321,329,377,382,390,395,397,398,400,401,404,429,640,647,775,838,875,895,921,1117,1118,1146,1177,1236,1361,1401,1417,1469,1473,1474,1476,1477,1478,1480,1481,1501,1670,1675,1749,1756,1762,1818,1973,2051,2116,2222,2407,2432,2645,2674,2695,2723,2816,2988,3284,3920,4322,4323,4597,6352,6407,6513,
416;0;1464;1517;1;24,95,100,137,139,144,145,146,225,231,234,241,260,273,277,288,290,292,314,321,329,377,382,390,395,397,398,400,401,404,429,640,647,775,838,875,895,921,1117,1118,1146,1177,1236,1361,1401,1417,1469,1473,1474,1476,1477,1478,1480,1481,1501,1587,1670,1675,1749,1756,1762,1818,1973,2051,2116,2222,2407,2432,2645,2674,2695,2723,2816,2988,3284,3920,6352,6513,7009,8354,
355;0;1517;1521;1;24,95,100,137,139,144,145,146,177,225,231,234,241,260,269,273,277,288,290,292,314,321,329,377,382,390,395,396,397,398,400,401,404,429,640,647,775,838,875,895,921,1117,1118,1146,1177,1236,1361,1469,1473,1474,1476,1478,1480,1481,1538,1587,1670,1675,2407,2645,2695,2723,2816,2988,3284,4545,4956,4957,4958,4959,4960,4961,4962,4963,5274,6352,6513,7009,7332,8354,
344;0;1521;1624;1;24,95,100,137,139,144,145,146,177,178,179,184,225,231,234,241,260,267,269,273,277,288,290,292,303,304,305,308,311,312,314,316,321,329,377,382,390,395,396,397,398,400,401,404,429,640,647,775,838,875,895,921,1117,1118,1146,1177,1236,1361,1469,1473,1474,1476,1478,1480,1481,1538,1587,1670,1675,2407,2645,2695,2723,2816,2988,3284,6352,6513,7009,8354,
333;0;1624;1635;1;24,95,100,117,137,139,144,145,146,177,178,179,184,225,231,241,267,276,277,288,292,303,305,312,314,321,329,377,390,395,396,397,398,400,404,429,640,647,775,816,838,863,875,895,911,921,1049,1117,1118,1134,1146,1236,1361,1469,1474,1476,1478,1480,1481,1538,1587,1670,1671,1675,2091,2337,2391,2407,2645,2695,2723,2816,2988,3284,6352,6513,7009,7655,7656,8354,
26;1;1635;1649;1;24,59,95,100,117,137,139,144,145,146,170,177,178,179,184,196,221,225,231,241,276,277,288,292,305,314,321,329,377,390,395,396,397,398,400,404,429,547,640,647,775,838,863,875,895,911,921,1117,1118,1146,1236,1280,1469,1474,1476,1478,1480,1481,1538,1541,1587,1670,1675,1936,2031,2091,2337,2407,2414,2645,2695,2723,2816,2988,3284,3347,6352,6513,7009,8354,
393;0;1649;1806;1;24,59,95,100,117,137,139,144,145,146,170,177,178,179,180,181,182,183,184,196,221,225,231,241,276,277,288,292,305,314,321,329,377,390,395,396,397,398,400,404,429,547,640,647,775,838,863,875,895,911,921,1117,1118,1146,1236,1280,1469,1474,1476,1478,1480,1481,1538,1541,1587,1670,1675,2091,2337,2407,2645,2695,2723,2816,2988,3284,6352,6513,7009,8354,
475;0;1806;1884;1;24,95,100,117,137,139,144,145,146,182,189,221,225,231,241,276,277,288,292,305,314,321,329,377,390,395,397,398,400,404,429,640,647,775,838,863,875,895,911,921,1117,1118,1146,1236,1282,1291,1469,1474,1476,1478,1480,1481,1538,1541,1587,1670,1675,2091,2240,2306,2337,2407,2645,2695,2723,2794,2816,2988,3284,3606,3703,3721,4450,6092,6352,6385,6513,7009,8354,9221,
5;0;1884;1948;1;24,95,100,117,137,139,144,145,146,182,189,221,225,231,241,276,277,288,292,305,314,321,329,377,390,395,397,398,400,404,429,640,647,775,838,863,875,895,911,921,1117,1118,1146,1236,1282,1291,1469,1474,1476,1478,1480,1481,1538,1541,1587,1670,1675,2091,2240,2306,2337,2407,2645,2695,2723,2794,2816,2988,3284,3703,3721,4450,5476,6352,6513,7009,7397,7398,7399,8354,
484;0;1948;2109;0;24,95,100,117,137,139,144,145,146,182,189,221,225,231,241,276,277,288,292,305,314,321,329,377,390,395,397,398,400,404,429,640,647,775,838,863,875,876,895,911,921,1117,1118,1146,1236,1282,1291,1469,1474,1476,1478,1480,1481,1538,1541,1587,1670,1675,2091,2240,2306,2337,2407,2645,2695,2723,2816,2988,3284,3703,3721,4112,4450,4735,4736,5476,6352,6513,7009,8354,
414;0;2109;2271;1;24,95,100,117,137,139,144,145,146,182,189,221,225,231,241,276,277,288,292,305,314,321,329,377,390,395,397,398,400,404,429,640,647,775,838,863,875,876,895,911,921,1117,1118,1146,1236,1282,1291,1469,1474,1476,1478,1480,1481,1538,1541,1587,1670,1675,2091,2240,2306,2337,2407,2645,2695,2723,2816,2988,3284,3703,3721,4112,4450,4735,4736,5476,6352,6513,7009,8354,
374;0;2880;2972;0;24,38,95,100,117,137,139,144,145,146,182,189,221,225,231,241,276,277,288,292,314,321,329,377,390,395,397,398,400,404,429,490,640,647,775,838,863,871,872,873,874,875,895,911,921,1117,1118,1146,1236,1282,1456,1469,1474,1476,1478,1480,1481,1538,1541,1587,1670,1675,2091,2337,2407,2645,2695,2723,2816,2988,3284,3703,3721,4112,4450,5476,6352,6513,7009,8354,
68;0;2972;3110;1;24,38,95,100,117,137,139,144,145,146,182,189,221,225,231,241,276,277,288,292,314,321,329,377,390,395,397,398,400,404,429,640,647,775,838,863,871,875,895,933,1117,1118,1146,1229,1236,1282,1447,1469,1474,1476,1478,1480,1481,1538,1541,1587,1670,1675,2091,2337,2407,2645,2723,2816,2988,3284,3703,4112,4450,4658,5476,5654,5664,5665,5666,5667,6352,6513,7009,8354,
98;1;3110;3176;1;24,38,95,100,117,137,139,144,145,146,149,182,189,221,225,231,233,241,276,277,288,292,314,321,329,377,390,391,395,397,398,400,404,429,640,647,775,838,855,863,871,875,895,933,1117,1118,1146,1229,1236,1282,1447,1469,1474,1476,1478,1479,1480,1481,1538,1541,1587,1670,1675,2091,2337,2407,2645,2723,2816,2988,3284,3703,4112,4450,4658,5476,6352,6513,7009,8354,
64;0;3176;3323;1;24,38,95,100,117,137,139,144,145,146,149,182,189,221,225,231,241,276,277,288,292,314,321,329,377,390,391,395,397,398,400,404,429,640,647,775,838,855,863,871,875,895,1117,1118,1146,1236,1282,1447,1469,1474,1478,1479,1480,1481,1538,1541,1587,1670,1675,2091,2337,2407,2645,2723,2816,2988,3284,3703,4112,4450,5476,6352,6357,6360,6513,6585,7009,7478,7526,8354,
19;0;3323;3455;1;24,25,37,38,39,44,46,52,54,95,100,117,137,139,144,145,146,149,182,189,221,225,231,276,277,288,390,391,395,397,398,400,404,429,640,647,775,838,855,863,871,875,895,1117,1118,1146,1236,1311,1447,1474,1478,1479,1480,1481,1538,1541,1587,1599,1675,2091,2337,2407,2645,2723,2816,2988,3349,3703,3774,4112,4450,5290,5353,5476,5682,5825,6352,6513,7009,8354,
114;1;3455;3589;1;24,25,37,38,39,44,46,52,54,95,100,117,137,139,144,145,146,149,182,189,221,225,231,276,277,288,390,391,395,397,398,400,404,429,640,647,775,838,855,863,871,875,895,1117,1118,1146,1236,1311,1447,1474,1478,1479,1480,1481,1538,1541,1587,1599,1675,2091,2337,2407,2645,2723,2816,2988,3349,3703,3774,4112,4450,5290,5353,5476,5682,5825,6352,6513,7009,8354,
112;1;3589;3628;1;24,25,37,38,39,46,52,54,60,95,100,117,137,139,144,145,146,149,182,189,221,225,231,276,277,288,390,391,395,398,404,429,640,647,775,838,855,871,875,895,1117,1118,1146,1236,1293,1311,1447,1474,1478,1479,1480,1481,1541,1587,1675,2050,2091,2194,2337,2407,2645,2723,2816,2969,2988,3349,3597,3703,3774,4112,4119,4450,4620,5476,5497,5825,6352,6513,7009,8354,
492;0;4320;4417;1;15,24,25,37,38,39,46,52,54,60,95,100,117,137,139,144,145,182,186,189,221,225,231,276,277,288,390,391,395,398,404,429,503,640,647,662,775,838,855,871,875,895,979,1088,1117,1118,1146,1236,1293,1311,1447,1478,1479,1480,1481,1541,1550,1580,1587,1675,2091,2157,2337,2407,2555,2645,2816,2988,3022,3127,3349,3627,3774,4112,4450,5825,6352,6513,7009,8354,
19;1;4417;4492;1;15,24,25,37,38,39,46,52,54,60,95,100,117,137,139,144,145,182,186,189,221,225,231,276,277,288,390,391,395,398,404,429,503,591,640,647,662,775,838,855,871,875,895,979,1088,1117,1118,1133,1146,1236,1293,1311,1447,1478,1479,1480,1481,1541,1550,1580,1587,1675,1921,2053,2091,2337,2407,2645,2816,2988,3349,3627,3774,4112,4450,5825,6352,6513,7009,8354,
5;1;4492;4507;1;15,24,25,37,38,39,46,52,54,60,95,100,117,137,139,144,145,169,182,186,189,190,208,221,225,231,251,276,277,288,390,391,395,398,404,429,480,503,591,640,647,775,838,855,871,875,895,987,1117,1118,1146,1236,1293,1311,1447,1478,1479,1481,1541,1580,1587,1675,2091,2337,2407,2538,2645,2816,2988,3349,3627,3774,4112,4383,4450,5825,6352,6513,7009,8354,
64;1;4507;4597;1;15,24,25,37,38,39,46,52,54,60,95,100,117,137,139,144,145,169,182,186,189,190,208,221,225,231,276,277,288,390,391,395,398,404,429,591,640,647,727,775,838,855,871,875,895,1117,1118,1146,1236,1293,1311,1447,1478,1479,1481,1541,1587,1675,2091,2337,2407,2645,2816,2988,3065,3349,3380,3627,3774,3979,4059,4060,4061,4112,4450,5825,6352,6513,7009,8354,
68;1;4597;4619;1;15,24,25,37,38,39,46,52,54,60,95,100,117,137,139,144,145,169,182,186,189,190,208,221,225,231,247,276,277,288,390,391,395,398,404,429,591,640,647,727,775,838,855,871,875,895,1117,1118,1146,1236,1293,1311,1447,1478,1479,1481,1541,1587,1675,2091,2337,2407,2645,2816,2988,3065,3349,3380,3627,3774,3979,4059,4112,4450,5825,6352,6513,6945,7009,8354,
164;0;4619;4766;1;15,24,25,37,39,46,54,60,95,100,117,137,139,144,145,182,189,208,221,225,231,276,277,301,322,390,391,395,398,404,429,591,640,647,775,838,854,855,871,875,895,948,1117,1118,1146,1163,1236,1447,1478,1479,1481,1484,1541,1587,1675,2223,2337,2394,2407,2645,2816,2892,2910,2988,3349,3627,3774,3979,4094,4112,4450,4821,5155,5432,5706,5739,6352,6513,7009,8354,
124;1;4766;4931;1;15,24,25,37,39,46,54,55,60,95,100,117,137,139,144,145,182,189,208,221,225,231,276,277,301,322,390,391,395,398,404,429,565,591,640,647,775,838,854,855,871,875,895,948,1117,1118,1146,1163,1236,1447,1478,1479,1481,1541,1587,1675,2223,2231,2337,2407,2645,2892,2910,2988,3349,3627,3774,3870,3979,4094,4112,4327,4450,5155,5706,6352,6513,7009,7026,8354,
80;1;4931;5025;1;15,24,25,37,39,46,54,55,60,95,100,117,137,139,144,145,182,189,208,221,225,231,276,277,301,322,390,391,395,398,404,429,565,591,640,647,775,838,854,855,871,875,895,948,1117,1118,1146,1163,1236,1447,1478,1479,1481,1541,1587,1675,1920,1922,2223,2337,2407,2645,2892,2910,2988,3349,3627,3774,3870,3979,4094,4112,4220,4450,5155,5706,6352,6513,7009,8354,
351;0;5025;5128;1;15,24,25,37,39,46,54,55,60,95,100,117,137,139,144,145,182,189,208,221,225,231,276,277,390,391,395,398,404,429,591,640,647,838,854,855,871,875,895,1117,1118,1163,1236,1447,1478,1481,1541,1587,1675,2062,2063,2223,2337,2407,2645,2892,2910,2988,3345,3346,3349,3627,3774,3870,3979,4094,4112,4313,4314,4315,4316,4317,4318,4450,5155,5706,6352,6513,7009,8354,
Machine: 4
360;0;0;72;1;15,24,25,37,39,46,54,60,95,100,117,137,139,144,145,189,208,221,225,276,277,390,391,395,398,404,429,591,640,838,854,855,871,875,895,1118,1163,1447,1478,1481,1541,1587,1930,2017,2018,2019,2020,2021,2022,2023,2062,2063,2223,2337,2407,2645,2892,2910,2988,3314,3345,3346,3349,3627,3774,3906,3979,4112,4313,4314,4315,4316,4317,4318,4450,5706,6352,6513,7009,8354,
449;0;72;132;1;15,24,25,37,39,46,54,60,95,100,117,137,139,144,145,189,221,225,242,245,262,276,277,390,391,395,398,404,429,591,640,838,854,855,871,875,895,1118,1163,1230,1447,1478,1481,1522,1541,1587,1726,1816,2017,2021,2062,2063,2223,2337,2407,2465,2645,2892,2910,2988,3345,3346,3349,3627,3774,3979,4112,4313,4314,4315,4316,4317,4318,4450,5706,6045,6352,6513,7009,8354,
0;0;132;289;1;15,24,25,37,39,46,54,60,95,100,117,137,139,144,145,189,221,225,242,245,262,276,277,390,391,395,398,404,429,591,640,838,854,855,871,875,895,1118,1163,1230,1447,1478,1481,1522,1541,1587,1726,2017,2021,2062,2063,2223,2315,2337,2407,2419,2645,2910,2988,3345,3346,3349,3627,3774,3979,4112,4217,4313,4314,4315,4316,4317,4318,4450,5706,6352,6513,7009,7977,8354,
346;0;289;333;1;15,24,25,37,39,46,54,60,95,100,117,144,145,189,221,245,276,277,289,294,390,391,395,398,404,591,640,769,838,854,855,871,875,944,945,1163,1447,1481,1541,1567,1587,2017,2062,2063,2223,2337,2407,2543,2645,2897,2898,2900,2901,2905,2907,2909,2910,2911,2913,2988,3262,3345,3346,3349,3378,3627,3774,3979,4313,4314,4315,4316,4317,4318,4450,5706,6352,6513,7009,8354,
141;0;333;401;1;15,24,25,37,39,46,54,60,95,100,117,144,145,189,221,245,276,277,289,294,390,391,395,398,404,591,640,769,838,854,855,871,875,944,945,1163,1447,1481,1541,1567,1587,1980,1993,2017,2059,2060,2061,2062,2063,2064,2065,2066,2067,2068,2069,2070,2223,2337,2407,2645,2898,2988,3345,3346,3349,3627,3774,3979,4313,4314,4315,4316,4317,4318,4450,5706,6352,6513,7009,8354,
141;1;401;441;1;15,24,25,37,39,46,54,60,95,100,117,144,145,189,221,245,276,277,289,294,390,391,395,398,404,591,640,769,838,854,855,871,875,944,945,1163,1447,1481,1541,1567,1587,1630,1980,1993,2017,2059,2060,2061,2062,2063,2064,2065,2066,2067,2068,2223,2337,2407,2645,2898,2988,3345,3346,3349,3627,3774,3979,4313,4314,4315,4316,4317,4318,4450,5091,5706,6352,6513,7009,8354,
403;0;441;568;1;15,24,25,37,39,54,60,93,95,100,117,144,189,221,245,276,277,343,390,391,395,398,404,591,691,766,769,838,843,854,855,858,871,875,1163,1447,1481,1587,2017,2062,2063,2223,2337,2594,2637,2645,2692,2898,2988,3152,3345,3346,3349,3618,3627,3774,3979,4313,4314,4315,4316,4317,4318,4408,5706,6352,6513,7222,7223,7224,7225,7226,7227,7228,7229,7230,7231,7232,7233,7234,
381;0;568;618;1;15,24,25,37,39,54,60,93,95,100,117,144,189,221,245,275,276,277,343,390,391,395,398,404,591,691,766,769,772,833,835,838,843,854,855,858,871,875,1163,1447,1481,1587,2017,2062,2063,2223,2337,2594,2637,2645,2692,2898,2986,2988,3152,3345,3346,3349,3618,3627,3774,3979,4313,4314,4315,4316,4317,4318,4371,4408,4733,5612,5706,6352,6513,7222,7419,7420,7421,7422,
156;0;618;714;1;4,15,24,25,37,39,54,60,93,95,100,117,144,189,221,245,275,276,277,343,390,391,395,398,404,591,691,766,769,772,833,835,838,843,854,855,858,871,875,1163,1447,1481,1587,2017,2062,2063,2223,2337,2388,2594,2637,2645,2692,2898,2986,2988,3152,3345,3346,3349,3618,3627,3774,3979,4313,4314,4315,4316,4317,4318,4371,4408,4733,5536,5612,5706,6352,6513,7222,7419,
339;0;714;750;1;4,15,24,25,37,39,54,60,93,95,100,117,144,189,221,245,277,343,390,391,395,398,404,591,691,692,766,769,835,838,843,854,855,858,871,875,1163,1201,1447,1481,1529,1587,2017,2062,2063,2223,2337,2594,2627,2637,2645,2657,2692,2898,2986,2988,3152,3345,3346,3349,3618,3627,3774,3979,4313,4314,4315,4316,4317,4318,4371,4376,5402,5484,5485,5536,5706,6235,6352,6513,
122;0;1440;1569;1;4,15,24,25,37,39,54,60,74,93,95,100,117,144,189,221,245,277,343,390,391,395,398,404,591,691,692,766,769,835,838,843,854,855,858,871,875,1089,1163,1201,1447,1481,1529,1587,2017,2062,2063,2223,2337,2594,2627,2637,2645,2657,2692,2898,2988,3152,3345,3346,3349,3618,3627,3774,3979,4313,4314,4315,4316,4317,4318,4371,4376,5484,5485,5536,5706,6352,6513,7950,
122;1;1569;1616;1;4,15,24,25,37,39,54,60,74,93,95,100,117,144,189,221,245,277,293,343,390,391,395,398,404,591,691,766,769,835,838,843,854,855,858,871,875,898,1089,1163,1201,1447,1481,1529,1587,2017,2062,2063,2223,2337,2354,2594,2627,2637,2645,2657,2898,2988,3152,3291,3345,3346,3349,3618,3774,4313,4314,4315,4316,4317,4318,4371,4376,5484,5485,5536,5627,5706,6352,6513,
129;0;1616;1653;1;4,15,24,25,37,39,54,60,74,93,95,100,113,117,144,189,206,221,245,277,293,343,390,391,395,398,404,502,591,691,766,769,835,838,843,854,855,858,871,875,898,1089,1163,1201,1447,1481,1529,1587,2017,2062,2063,2223,2337,2354,2594,2627,2637,2645,2657,2898,2988,3152,3345,3346,3349,3618,3774,4313,4314,4315,4316,4317,4318,4376,5484,5485,5536,5706,6352,6513,
15;0;1653;1726;1;4,15,24,25,26,37,39,54,60,74,93,95,100,113,117,144,189,206,221,245,277,343,390,391,395,398,404,591,766,769,835,838,843,854,855,858,871,875,1089,1163,1201,1447,1481,1529,1587,2017,2062,2063,2223,2337,2627,2645,2657,2898,2988,3345,3346,3349,3618,3774,4313,4314,4315,4316,4317,4318,4376,5484,5485,5536,5706,6352,6513,7029,7879,8074,8075,8077,8115,8116,
354;0;1726;1831;1;4,15,24,25,26,37,39,54,60,95,100,117,144,245,277,343,390,391,395,404,591,696,765,773,835,838,843,854,855,858,871,914,1163,1447,1481,1513,1529,2017,2062,2063,2223,2337,2593,2627,2645,2731,2898,2931,2962,2988,2989,3161,3260,3345,3346,3618,4310,4313,4314,4315,4316,4317,4318,4574,4732,5107,5536,5706,6352,6513,8427,9173,9174,9177,9178,9179,9180,9183,9186,9192,
0;1;1831;1847;1;4,15,24,25,26,37,39,54,60,95,100,117,144,245,277,343,390,391,395,404,591,696,765,773,835,838,843,854,855,858,871,914,1163,1447,1481,1513,1529,2017,2062,2063,2223,2337,2546,2593,2627,2645,2731,2898,2931,2962,2988,2989,3161,3260,3345,3346,3618,4310,4313,4314,4315,4316,4317,4318,4574,4732,5107,5254,5536,5706,6352,6513,7961,8427,9173,9174,9177,9178,9179,9180,
337;0;1847;1948;1;4,15,24,25,26,37,39,54,60,95,100,102,117,144,245,277,299,343,390,391,395,404,591,607,696,765,773,835,838,843,854,855,858,871,1163,1481,1513,1529,2017,2062,2063,2223,2318,2337,2546,2627,2645,2683,2898,2988,3015,3161,3345,3346,3618,4313,4314,4315,4316,4317,4318,4608,5392,5525,5530,5536,5538,5637,5706,5722,6022,6225,6309,6310,6311,6312,6313,6352,6449,6746,
156;1;1948;2108;1;4,15,24,25,26,37,39,54,60,95,100,102,117,144,245,277,299,343,390,391,395,404,591,607,696,765,773,835,838,843,854,855,858,871,1163,1481,1513,1529,2017,2062,2063,2223,2318,2337,2546,2627,2645,2683,2898,2988,3015,3161,3345,3346,3618,4313,4314,4315,4316,4317,4318,4608,5392,5525,5530,5536,5538,5637,5706,5722,6022,6225,6309,6310,6311,6312,6313,6352,6449,6746,
450;0;2108;2154;1;4,15,24,25,26,37,39,54,60,95,100,117,144,277,343,390,391,395,404,677,715,765,773,835,838,843,854,855,858,871,1163,1481,1513,1529,2017,2062,2063,2223,2318,2337,2475,2546,2627,2628,2645,2661,2683,2898,2988,3015,3161,3345,3346,3618,4313,4314,4315,4316,4317,4318,4802,5392,5525,5530,5536,5538,5637,5706,5722,5869,6022,6225,6352,7254,7255,7256,7257,7258,7259,7260,
15;1;2154;2247;1;4,15,24,25,26,37,39,54,60,95,100,117,144,277,343,390,391,395,404,677,715,765,773,835,838,843,854,855,858,871,1163,1481,1513,1529,2017,2062,2063,2223,2318,2337,2475,2546,2627,2628,2645,2661,2683,2898,2988,3015,3161,3345,3346,3618,4313,4314,4315,4316,4317,4318,4802,5392,5525,5530,5536,5538,5637,5706,5722,5869,6022,6225,6352,7254,7255,7256,7257,7258,7259,7587,
129;1;2247;2283;1;4,15,24,25,26,37,39,54,60,95,100,117,144,277,343,390,391,395,404,677,715,765,773,835,838,843,854,855,858,871,1163,1481,1513,1529,2017,2062,2063,2223,2318,2337,2475,2546,2627,2628,2645,2661,2683,2898,2988,3015,3161,3345,3346,3618,4313,4314,4315,4316,4317,4318,4802,5392,5525,5530,5536,5538,5637,5706,5722,5869,6022,6225,6352,7254,7255,7256,7257,7258,7259,7587,
161;1;2880;2910;1;4,15,24,25,26,37,39,54,60,95,100,117,144,277,343,390,391,395,404,677,715,765,773,835,838,843,854,855,858,871,1163,1481,1513,1524,1529,2017,2062,2063,2223,2318,2337,2475,2546,2627,2628,2643,2645,2661,2683,2898,2988,3015,3161,3345,3346,3618,4313,4314,4315,4316,4317,4318,4398,4802,5392,5525,5530,5536,5538,5637,5706,5722,5869,6022,6195,6225,6352,7254,7255,7256,
350;0;2910;2990;1;4,24,25,26,37,39,54,89,90,95,100,117,144,277,343,390,391,395,404,437,677,694,715,765,773,835,843,849,855,858,949,1163,1481,1529,2223,2318,2337,2491,2510,2627,2628,2636,2645,2661,2677,2683,2714,2728,2898,2974,2988,3015,3161,3581,3618,4673,5525,5530,5536,5538,5691,5706,5723,6225,6226,6723,7208,7217,7299,7319,7320,7583,7584,7871,8129,8425,8528,8529,8530,8531,
448;0;2990;3066;1;4,54,95,100,117,144,277,343,390,391,404,666,677,715,765,773,835,843,850,855,858,1043,1163,1365,1390,1450,1481,1529,1972,2052,2094,2223,2318,2337,2339,2626,2627,2628,2645,2663,2678,2689,2708,2714,2898,2951,2988,3161,3618,3752,4447,5140,5525,5526,5527,5528,5529,5530,5531,5532,5533,5534,5535,5536,5537,5538,5539,5540,5541,5542,5543,5544,5545,5546,5547,5548,5549,5550,7217,8129,
430;0;3066;3197;0;4,54,88,95,100,117,144,277,337,343,390,391,404,666,677,715,765,773,835,843,850,855,858,1043,1163,1365,1390,1450,1481,1518,1529,1972,2052,2094,2223,2318,2337,2339,2403,2626,2627,2628,2631,2635,2645,2653,2663,2678,2689,2708,2714,2898,2951,2988,3161,3618,3752,4389,4447,5140,5337,5525,5526,5527,5528,5529,5530,5531,5532,5533,5534,5535,5536,5537,5538,5539,5540,5541,7217,8129,
347;0;3197;3351;0;4,54,88,95,100,117,144,277,337,343,390,391,402,404,666,677,715,765,773,835,843,850,855,858,1043,1163,1365,1390,1450,1481,1518,1529,1801,1972,2052,2094,2223,2318,2337,2339,2403,2626,2627,2628,2631,2635,2645,2653,2663,2678,2689,2708,2714,2898,2951,2988,3161,3618,3752,4389,4447,5140,5337,5525,5526,5527,5528,5529,5530,5531,5532,5533,5534,5535,5536,5537,5538,5650,7217,8129,
458;0;3351;3403;0;4,54,88,95,97,100,117,144,277,291,337,343,390,391,402,404,666,677,715,765,767,773,835,843,850,855,858,1043,1163,1365,1390,1450,1481,1518,1529,1530,1801,1914,1915,1972,2052,2094,2223,2318,2337,2339,2403,2626,2627,2628,2631,2635,2645,2653,2663,2668,2678,2689,2708,2714,2806,2898,2951,2988,3161,3618,3752,4093,4389,4447,5140,5337,5525,5528,5537,6098,6099,7217,7423,8129,
396;0;3403;3478;0;4,20,24,25,37,39,41,43,48,50,54,76,88,95,97,100,117,144,194,217,277,291,337,343,390,391,402,404,512,666,677,715,765,767,773,835,843,850,855,858,875,1043,1163,1365,1390,1450,1481,1518,1529,1530,1801,1914,1915,1972,2052,2094,2223,2318,2337,2339,2403,2626,2627,2628,2631,2635,2645,2653,2663,2668,2678,4093,4286,5513,5525,5528,5537,7243,7657,7658,
420;0;3478;3512;0;4,20,24,25,27,37,39,41,43,48,50,54,76,88,95,97,100,117,144,194,217,277,291,337,343,366,390,391,402,404,512,559,581,666,677,715,765,767,773,835,843,850,855,858,875,1043,1163,1365,1390,1450,1481,1518,1529,1530,1801,1914,1915,1972,2052,2094,2273,2339,2627,2635,2645,2653,2678,3060,3421,3422,3820,3831,4093,5487,5525,5528,5537,5644,5995,6869,
498;0;3512;3591;0;4,20,24,25,27,37,39,41,43,48,50,54,76,88,95,97,100,117,144,194,217,277,291,337,343,366,390,391,402,404,449,476,479,512,559,581,666,677,715,765,767,773,835,843,850,855,858,875,1043,1163,1270,1271,1275,1334,1390,1481,1529,1915,2339,2627,2635,2645,2653,2678,3070,3336,3348,3349,3355,3360,3361,3609,3774,4093,4909,5474,5487,5525,5528,5537,
472;0;3591;3644;0;4,20,24,25,27,37,39,41,43,48,50,54,76,88,95,97,100,117,144,189,194,217,277,291,337,343,366,390,391,402,404,449,476,479,512,555,559,581,666,677,715,765,767,773,835,855,858,1270,1275,1278,1279,1390,1481,1529,1915,1937,2150,2339,2627,2635,2645,2653,2678,2836,3395,3409,3546,3609,3611,3722,3774,4093,4450,5111,5525,5528,5537,7009,7884,7885,
341;0;4320;4456;1;4,17,20,24,25,27,34,37,38,39,40,41,43,46,48,50,52,54,76,88,95,97,100,117,144,189,192,194,217,277,291,337,343,366,390,391,402,404,412,460,581,677,765,767,773,778,855,858,1270,1275,1311,1390,1481,1529,1560,1853,1858,1915,2091,2338,2339,2627,2635,2645,2653,2678,3014,3015,3061,3609,3774,4093,5472,5525,5528,5537,5825,6428,6706,8988,
447;0;4456;4460;0;4,17,20,24,25,26,27,34,37,38,39,40,41,43,46,48,50,52,54,74,76,88,95,97,100,117,144,189,192,194,202,217,277,291,337,343,359,366,390,391,402,404,412,460,581,677,765,767,773,778,855,858,1270,1275,1277,1311,1390,1481,1529,1915,2091,2163,2338,2339,2627,2635,2645,2653,2678,2968,3056,3609,3774,4093,4109,4117,4118,5525,5528,5537,
419;0;4460;4612;0;4,17,20,24,25,26,27,34,37,38,39,40,41,43,46,48,50,52,54,74,76,88,95,97,100,117,144,189,192,194,202,217,277,291,337,343,359,390,404,581,640,677,765,767,773,855,858,1093,1270,1275,1277,1390,1481,1529,1915,2091,2338,2339,2627,2635,2645,2653,2678,3609,3774,4093,4937,5386,5387,5525,5528,5537,6288,6289,6290,6298,6299,6300,6301,6302,
386;0;4612;4787;1;4,17,20,24,25,26,27,34,37,38,39,40,41,43,46,48,50,52,54,74,76,88,95,97,100,117,144,189,192,194,202,210,217,255,277,291,337,343,390,404,491,581,640,677,760,765,767,773,855,858,995,1089,1093,1270,1275,1277,1390,1481,1529,1558,1915,2074,2091,2200,2338,2339,2537,2627,2635,2645,2653,2678,3609,3774,3865,4093,5525,5528,5537,9194,
164;1;4787;4960;1;4,17,20,24,25,26,27,34,37,38,39,40,41,43,46,48,50,52,54,74,76,88,95,97,100,117,144,145,146,149,189,192,194,202,210,217,226,255,262,277,291,337,343,390,404,491,581,640,677,760,765,767,773,855,858,1093,1270,1275,1277,1390,1481,1488,1529,1915,2074,2091,2338,2339,2627,2635,2645,2653,2678,3535,3865,4033,4093,5525,5528,5537,
27;1;4960;4964;1;4,17,20,24,25,26,27,34,37,38,39,40,41,43,46,48,50,52,54,74,76,88,95,97,100,117,144,145,146,149,189,192,194,202,210,217,225,226,255,262,277,291,337,343,404,581,640,677,765,767,773,855,858,1093,1270,1275,1277,1390,1481,1488,1529,1915,2074,2091,2338,2339,2627,2635,2645,2653,2678,2774,2903,3865,4093,4567,4600,5525,5528,5537,
480;0;4964;5024;0;4,10,24,26,27,38,88,95,97,100,117,144,225,291,337,581,677,719,765,767,773,855,858,949,1068,1093,1172,1270,1275,1277,1346,1358,1390,1481,1488,1529,1875,1915,1947,2074,2091,2338,2339,2627,2635,2645,2653,2678,2711,2723,2774,2778,3865,4093,4567,4581,4604,4627,4628,4629,4630,4631,4632,4633,4634,4635,4636,4637,4638,4639,4640,4641,4642,4643,4644,4645,4646,5525,5528,5537,
469;0;5024;5061;0;4,10,24,26,27,38,88,95,97,100,117,144,225,291,337,398,581,677,719,765,767,773,838,855,858,949,1068,1093,1172,1270,1275,1277,1346,1358,1390,1474,1481,1488,1529,1875,1915,1947,2074,2091,2338,2339,2627,2635,2645,2649,2653,2678,2711,2723,2774,2778,3865,4093,4567,4581,4604,4627,4628,4629,4630,4631,4632,4633,4634,4635,4636,4637,4638,4639,4640,5525,5528,5537,6114,7215,
Machine: 5
485;0;0;174;1;4,10,24,26,27,38,88,95,97,100,117,144,225,291,337,398,429,581,609,677,719,765,767,773,818,838,855,858,949,1068,1093,1172,1270,1275,1277,1346,1390,1474,1481,1488,1529,1809,1915,2074,2091,2338,2339,2627,2635,2645,2653,2678,2774,2775,2776,2777,2778,3865,3970,4093,4567,4604,4606,4632,4634,4771,5022,5023,5024,5025,5026,5027,5028,5029,5030,5031,5032,5525,5528,5537,
363;0;174;326;0;4,10,24,26,27,38,87,88,89,90,95,97,100,117,144,225,291,337,398,429,581,583,677,763,764,765,766,767,768,773,831,833,836,844,855,858,862,863,944,945,949,1093,1214,1270,1275,1277,1390,1474,1481,1488,1513,1514,1529,1809,1915,2074,2091,2338,2339,2627,2635,2645,2653,2678,2774,2775,2776,2777,2778,3865,4093,4567,4604,4606,4632,4634,5030,5525,5528,5537,
368;0;326;474;0;4,24,26,27,38,89,90,95,97,144,276,291,337,429,581,583,677,764,765,768,773,833,836,844,855,858,862,863,944,945,947,949,1046,1093,1174,1214,1270,1275,1277,1371,1390,1474,1481,1488,1513,1524,1525,1529,1532,1533,1534,1535,1536,1537,1538,1809,1915,2091,2338,2339,2627,2635,2645,2653,2678,2774,2775,2776,2777,2778,4093,4567,4604,4606,4632,4634,5030,5525,5528,5537,
413;0;474;492;1;24,27,38,95,137,139,144,276,288,291,292,337,351,395,581,677,765,836,844,855,912,1093,1118,1147,1167,1270,1275,1277,1390,1478,1481,1488,1493,1513,1529,1670,1809,1915,2091,2338,2339,2371,2531,2627,2635,2645,2653,2678,2774,2775,2776,2777,2778,3001,3250,3257,3284,3711,3712,4019,4085,4086,4087,4088,4089,4090,4091,4092,4093,4094,4095,4567,4604,4606,4632,4634,5030,5525,5528,5537,
380;0;492;636;0;24,27,38,95,137,139,144,276,288,291,292,337,351,395,581,677,765,836,844,855,912,1093,1118,1147,1167,1201,1270,1275,1277,1390,1478,1481,1488,1493,1513,1529,1670,1809,1915,2091,2338,2339,2371,2531,2600,2627,2635,2640,2645,2653,2677,2678,2679,2774,2775,2776,2777,2778,2790,3001,3250,3257,3263,3284,3447,3711,4567,4604,4606,4632,4634,4773,5030,5499,5500,5502,5525,5528,5537,6629,
438;0;636;793;0;24,27,38,95,137,139,144,256,276,288,291,337,395,581,677,765,836,844,855,912,1093,1118,1167,1201,1270,1275,1277,1282,1292,1390,1478,1481,1488,1529,1809,1867,2021,2089,2091,2221,2338,2339,2407,2410,2477,2600,2625,2627,2635,2645,2653,2678,2679,2774,2775,2776,2777,2778,3263,3416,3706,3929,4435,4567,4604,4606,4632,4634,5030,5106,5525,5528,5537,5703,6757,7367,7879,8606,9257,9258,
382;0;1440;1523;0;15,24,27,38,95,137,139,144,256,276,288,291,337,395,581,677,765,836,844,855,912,1093,1118,1167,1201,1270,1275,1277,1282,1292,1390,1478,1481,1488,1529,1809,1867,2021,2089,2091,2221,2338,2339,2407,2410,2477,2600,2625,2627,2635,2645,2653,2678,2679,2774,2775,2776,2777,2778,3263,3416,3706,3929,4435,4567,4604,4606,4632,4634,5030,5106,5525,5528,5537,5703,6757,7367,7879,8606,9257,
437;0;1523;1556;0;24,27,38,95,137,139,144,276,288,291,337,395,581,677,765,836,844,855,912,1093,1118,1167,1201,1270,1275,1277,1390,1478,1481,1488,1529,1809,2089,2091,2338,2339,2600,2627,2635,2645,2653,2678,2679,2774,2775,2776,2777,2778,2779,2812,2947,3263,4052,4567,4604,4606,4632,4634,4740,4781,4853,5030,5525,5528,5537,5757,5809,6570,6571,6572,6573,6574,6575,6576,6577,6578,6579,6580,6581,6582,
398;0;1556;1640;1;24,27,38,95,137,139,144,148,276,288,337,377,379,399,400,581,647,677,765,815,836,844,855,912,920,1056,1093,1117,1118,1167,1201,1277,1390,1469,1481,1488,1489,1529,1734,1736,1744,1751,1755,1764,1809,1811,1814,2091,2338,2339,2573,2583,2627,2645,2751,2774,2775,2777,2778,2802,3037,3263,3286,3461,4567,4632,5030,5174,5525,5537,6399,6968,7448,7449,7787,7788,7789,7790,7791,7792,
421;0;1640;1754;0;24,27,38,95,137,139,144,148,276,288,337,377,379,399,400,581,647,677,680,681,765,815,836,844,849,855,912,920,1056,1093,1117,1118,1167,1201,1277,1390,1469,1481,1488,1489,1529,1734,1736,1744,1751,1755,1764,1809,1811,1814,2091,2338,2339,2573,2583,2627,2645,2751,2774,2775,2777,2778,2802,3263,3529,3532,3745,4404,4405,4406,4407,4408,4409,4410,4411,4412,4567,4632,5525,5537,
335;0;1754;1914;1;24,27,38,60,95,137,139,144,148,276,288,337,377,379,399,400,501,515,581,647,677,680,681,765,815,836,844,849,855,912,920,1056,1093,1117,1118,1167,1201,1277,1322,1390,1469,1481,1488,1489,1529,1734,1736,1744,1751,1755,1764,1809,1811,1814,2091,2338,2339,2573,2583,2627,2645,2751,2774,2775,2777,2778,2802,3080,3263,3515,3529,3532,3721,3745,3753,4567,4632,5525,5537,7994,
376;0;1914;1975;0;3,24,27,38,60,95,137,139,144,148,276,288,321,337,377,379,399,400,501,515,581,647,677,680,681,765,769,836,854,855,911,912,1093,1118,1201,1236,1277,1481,1488,1489,1809,1814,2091,2492,2532,2627,2645,2695,2774,2775,2777,2778,2783,3263,4552,4567,4632,4650,5259,5525,5537,5698,5700,7711,7712,7713,7714,7715,7716,7717,7718,7719,7720,7721,7722,7723,7724,7725,7726,7727,
366;0;1975;1990;0;3,24,27,38,60,95,137,139,144,148,276,288,321,337,377,379,399,400,501,515,581,647,677,680,681,765,769,836,854,855,911,912,921,1093,1118,1201,1236,1277,1481,1488,1489,1809,1814,2091,2492,2532,2627,2645,2695,2774,2775,2777,2778,2783,3263,3267,3268,4552,4567,4632,4650,5259,5525,5537,5698,5700,6090,7711,7712,7713,7714,7715,7716,7717,7718,7719,7720,7721,7722,9200,
372;0;1990;2169;0;3,24,27,38,60,95,137,139,144,148,276,288,321,337,377,379,399,400,501,515,581,647,677,680,681,765,769,772,836,854,855,911,912,921,1093,1118,1201,1236,1277,1481,1488,1489,1809,1814,2091,2346,2347,2461,2492,2532,2627,2645,2657,2695,2774,2775,2777,2778,2783,3263,3267,3268,4376,4552,4567,5392,5484,5485,5525,5537,5634,5637,5722,5869,6022,6024,6026,7099,7736,7737,
405;0;2880;3007;0;3,24,27,38,53,60,95,137,139,144,148,276,288,321,337,377,379,399,400,501,515,528,581,647,677,680,681,765,769,772,836,854,855,911,912,921,1093,1118,1201,1236,1277,1481,1488,1489,1809,1814,2091,2346,2347,2461,2492,2532,2627,2645,2657,2695,2774,2775,2777,2778,2783,3263,3267,3268,3797,3798,3799,3800,3801,3802,4376,4552,4567,5392,5484,5485,5525,5537,5634,5637,
379;0;3007;3159;0;3,24,27,38,53,60,95,137,139,144,148,276,288,321,337,377,379,399,400,501,515,528,581,647,677,680,681,765,769,772,836,854,855,872,911,912,921,972,1093,1118,1142,1201,1236,1277,1457,1462,1481,1488,1489,1809,1814,2091,2346,2347,2461,2492,2532,2627,2645,2657,2695,2774,2775,2777,2778,2783,3263,3267,3268,3797,3798,3799,3800,3801,3802,4376,4552,4567,5392,5537,
389;0;3159;3317;0;3,24,27,38,53,60,95,137,139,144,148,276,288,321,337,377,379,399,400,501,515,528,581,647,677,680,681,765,769,772,836,854,855,872,911,912,921,972,1093,1118,1142,1201,1236,1277,1457,1462,1481,1488,1489,1809,1814,2091,2106,2346,2347,2405,2461,2492,2532,2546,2627,2645,2657,2695,2774,2775,2777,2778,2783,3263,3267,3268,3797,3798,3799,3800,3801,4567,5537,6486,
412;0;3317;3461;1;3,24,27,38,53,60,95,137,139,144,148,276,288,291,321,329,337,377,379,399,400,501,515,528,581,647,677,680,681,765,769,772,836,854,855,872,911,912,921,972,1093,1118,1142,1201,1236,1277,1457,1814,1884,2600,2635,2645,2653,2678,2679,2774,3263,4568,4604,4605,4606,4612,4634,4759,4800,5043,5230,5528,5890,5891,5892,5893,5894,5895,5896,5897,5898,5899,5900,5901,
342;0;3461;3635;0;3,24,26,27,38,53,60,61,63,95,137,139,144,148,276,288,291,321,329,337,377,379,399,400,501,515,528,581,647,677,680,681,765,769,772,836,854,855,872,911,912,921,972,1093,1118,1142,1201,1236,1266,1270,1275,1277,1287,1288,1293,1457,1814,1884,2600,2635,2645,2653,2678,2679,2774,3263,4568,4604,4605,4606,4612,4634,4759,4800,5043,5230,5528,5890,5891,5892,
391;0;4320;4389;0;3,24,26,27,38,53,60,61,63,95,97,137,139,144,148,177,276,288,291,302,305,310,313,321,329,337,377,379,396,399,400,429,501,515,528,581,647,677,680,681,765,769,772,836,854,855,872,905,911,912,921,972,1093,1118,1142,1201,1236,1266,1270,1275,1277,1287,1288,1293,1457,1474,1661,1675,1759,1814,1884,2455,2600,2635,2645,2653,2678,2679,2774,5255,
356;0;4389;4534;1;3,24,26,27,38,53,60,61,63,95,97,137,139,144,148,177,276,288,291,302,305,310,313,321,329,337,377,379,396,399,400,429,458,501,515,528,581,647,677,680,681,765,769,772,836,854,855,872,905,911,912,921,972,1093,1118,1142,1201,1236,1266,1270,1293,1543,1587,1859,2074,2089,2611,2958,3381,3382,3861,3862,3863,3864,3865,3866,3867,3868,3869,3870,
463;0;4534;4686;1;3,24,26,27,38,53,60,61,63,95,97,137,139,144,148,177,276,288,291,302,305,310,313,321,329,337,377,379,396,399,400,410,429,458,501,515,528,581,647,677,680,681,739,765,769,772,836,854,855,872,905,911,912,921,972,1085,1087,1093,1118,1142,1201,1236,1266,1270,1293,1327,1543,1587,1723,1859,2074,2089,2482,2483,2611,3734,3778,3877,7592,7593,
439;0;4686;4859;0;3,24,26,27,38,53,60,61,63,95,97,137,139,144,145,148,177,225,276,288,291,302,305,310,313,321,329,337,377,379,396,399,400,410,429,458,501,515,528,581,647,677,680,681,739,765,769,772,836,854,855,872,905,911,912,921,972,1085,1087,1093,1118,1134,1142,1201,1236,1266,1270,1293,1327,1360,1543,1587,1723,1859,2074,2089,2249,2482,2508,3293,
454;0;4859;4936;1;3,24,26,27,38,53,60,61,63,95,97,137,139,144,145,148,177,225,262,267,276,277,288,289,291,295,302,303,305,310,312,313,314,321,329,337,377,379,396,399,400,410,429,438,458,501,515,528,581,640,647,677,680,681,739,765,769,772,836,854,855,872,905,911,912,921,972,1085,1087,1093,1118,1134,1171,2107,2244,2462,5144,5153,5154,5155,
334;0;4936;5041;0;3,24,26,27,38,53,60,61,63,95,97,137,139,144,145,148,177,225,238,241,262,267,276,277,288,289,291,295,302,303,305,310,312,313,314,321,329,337,377,379,382,396,399,400,404,410,429,438,458,501,515,528,581,640,647,677,680,681,739,1234,1430,1473,1478,1800,2109,2818,2821,2824,3132,4889,4890,4891,4892,4893,4894,4895,4896,4897,4898,4899,
END;208;2172;185;200;-3782
TIME;224139
