./input/MyInstancesSameToolSets/n=228,p=0.75,r=0.6,t=1520,v5.csv;./input/Processed/ToolSetInt.csv
6;720;1440
Machine: 0
21;0;0;35;1;3,89,102,136,137,144,288,291,351,390,398,591,764,768,770,833,848,858,1048,1051,1054,1073,1145,1146,1169,1358,1360,1363,1521,1523,1604,1666,1915,1945,1970,2091,2318,2547,2643,2649,2651,2677,2679,2683,2693,2695,2714,2722,3133,3260,3462,3532,4359,4369,4370,4371,4372,4373,4374,4375,4376,4379,4380,5304,5397,6292,7372,7438,8051,8171,8174,8320,8321,8322,8323,8324,8325,8326,8327,8328,
21;1;35;139;1;3,89,102,136,137,144,288,291,351,390,398,591,764,768,770,833,848,858,1048,1051,1054,1073,1145,1146,1169,1358,1360,1363,1521,1523,1604,1666,1915,1945,1970,2091,2318,2547,2643,2649,2651,2677,2679,2683,2693,2695,2714,2722,3133,3260,3462,3532,4359,4369,4370,4371,4372,4373,4374,4375,4376,4379,4380,5304,5397,6292,7372,7438,8051,8171,8174,8320,8321,8322,8323,8324,8325,8326,8327,8328,
103;0;139;291;1;3,89,102,136,137,144,288,291,351,390,398,591,764,768,770,833,848,858,1048,1051,1054,1073,1145,1146,1169,1358,1360,1363,1521,1523,1604,1666,1915,1945,1970,2091,2318,2547,2643,2649,2651,2677,2679,2683,2693,2695,2714,2722,3133,3260,3462,3532,4359,4369,4370,4371,4372,4373,4374,4375,4376,4379,4380,5304,5397,6292,7372,7438,8051,8171,8174,8320,8321,8322,8323,8324,8325,8326,8327,8328,
71;0;291;327;1;3,89,102,136,137,144,288,291,351,390,398,591,764,768,770,833,848,858,1048,1051,1054,1073,1145,1146,1169,1358,1360,1363,1521,1523,1604,1666,1915,1945,1970,2091,2318,2547,2643,2649,2651,2677,2679,2683,2693,2695,2714,2722,3133,3260,3462,3532,4359,4369,4370,4371,4372,4373,4374,4375,4376,4379,4380,5304,5397,6292,7372,7438,8051,8171,8174,8320,8321,8322,8323,8324,8325,8326,8327,8328,
17;0;327;392;1;3,89,102,136,137,144,288,291,351,390,398,591,764,768,770,833,848,858,1048,1051,1054,1073,1145,1146,1169,1358,1360,1363,1521,1523,1604,1666,1915,1945,1970,2091,2318,2547,2643,2649,2651,2677,2679,2683,2693,2695,2714,2722,3133,3260,3462,3532,4359,4369,4370,4371,4372,4373,4374,4375,4376,4379,4380,5304,5397,6292,7372,7438,8051,8171,8174,8320,8321,8322,8323,8324,8325,8326,8327,8328,
86;0;392;468;1;3,89,102,136,137,144,288,291,351,390,398,591,764,768,770,833,848,858,1048,1051,1054,1073,1145,1146,1169,1358,1360,1363,1521,1523,1604,1666,1915,1945,1970,2091,2318,2547,2643,2649,2651,2677,2679,2683,2693,2695,2714,2722,3133,3260,3462,3532,4359,4369,4370,4371,4372,4373,4374,4375,4376,4379,4380,5304,5397,6292,7372,7438,8051,8171,8174,8320,8321,8322,8323,8324,8325,8326,8327,8328,
87;0;468;580;1;3,89,102,136,137,144,288,291,351,390,398,591,764,768,770,833,848,858,1048,1051,1054,1073,1145,1146,1169,1358,1360,1363,1521,1523,1604,1666,1915,1945,1970,2091,2318,2547,2643,2649,2651,2677,2679,2683,2693,2695,2714,2722,3133,3260,3462,3532,4359,4369,4370,4371,4372,4373,4374,4375,4376,4379,4380,5304,5397,6292,7372,7438,8051,8171,8174,8320,8321,8322,8323,8324,8325,8326,8327,8328,
87;1;580;646;1;3,89,102,136,137,144,288,291,351,390,398,591,764,768,770,833,848,858,1048,1051,1054,1073,1145,1146,1169,1358,1360,1363,1521,1523,1604,1666,1915,1945,1970,2091,2318,2547,2643,2649,2651,2677,2679,2683,2693,2695,2714,2722,3133,3260,3462,3532,4359,4369,4370,4371,4372,4373,4374,4375,4376,4379,4380,5304,5397,6292,7372,7438,8051,8171,8174,8320,8321,8322,8323,8324,8325,8326,8327,8328,
78;0;646;678;1;3,8,138,142,144,145,146,149,225,241,262,277,288,289,321,351,390,391,395,396,398,399,400,404,405,429,435,436,591,640,644,645,646,648,934,1052,1056,1062,1093,1146,1151,1398,1474,1475,1478,1479,1481,1484,1920,1922,2102,2106,2155,2222,2223,2318,2508,2529,2530,2645,2679,2682,2693,2926,3108,3267,3268,3527,4968,5244,5379,5390,5391,5706,6192,7883,8170,8171,8391,8449,
78;1;678;826;1;3,8,138,142,144,145,146,149,225,241,262,277,288,289,321,351,390,391,395,396,398,399,400,404,405,429,435,436,591,640,644,645,646,648,934,1052,1056,1062,1093,1146,1151,1398,1474,1475,1478,1479,1481,1484,1920,1922,2102,2106,2155,2222,2223,2318,2508,2529,2530,2645,2679,2682,2693,2926,3108,3267,3268,3527,4968,5244,5379,5390,5391,5706,6192,7883,8170,8171,8391,8449,
96;0;826;947;1;3,8,138,142,144,145,146,149,225,241,262,277,288,289,321,351,390,391,395,396,398,399,400,404,405,429,435,436,591,640,644,645,646,648,934,1052,1056,1062,1093,1146,1151,1398,1474,1475,1478,1479,1481,1484,1920,1922,2102,2106,2155,2222,2223,2318,2508,2529,2530,2645,2679,2682,2693,2926,3108,3267,3268,3527,4968,5244,5379,5390,5391,5706,6192,7883,8170,8171,8391,8449,
96;1;947;1031;1;3,8,138,142,144,145,146,149,225,241,262,277,288,289,321,351,390,391,395,396,398,399,400,404,405,429,435,436,591,640,644,645,646,648,934,1052,1056,1062,1093,1146,1151,1398,1474,1475,1478,1479,1481,1484,1920,1922,2102,2106,2155,2222,2223,2318,2508,2529,2530,2645,2679,2682,2693,2926,3108,3267,3268,3527,4968,5244,5379,5390,5391,5706,6192,7883,8170,8171,8391,8449,
137;0;1031;1170;0;3,8,138,142,144,145,146,149,225,241,262,277,288,289,321,351,390,391,395,396,398,399,400,404,405,429,435,436,591,640,644,645,646,648,934,1052,1056,1062,1093,1146,1151,1398,1474,1475,1478,1479,1481,1484,1920,1922,2102,2106,2155,2222,2223,2318,2508,2529,2530,2645,2679,2682,2693,2926,3108,3267,3268,3527,4968,5244,5379,5390,5391,5706,6192,7883,8170,8171,8391,8449,
137;1;1170;1214;0;3,8,138,142,144,145,146,149,225,241,262,277,288,289,321,351,390,391,395,396,398,399,400,404,405,429,435,436,591,640,644,645,646,648,934,1052,1056,1062,1093,1146,1151,1398,1474,1475,1478,1479,1481,1484,1920,1922,2102,2106,2155,2222,2223,2318,2508,2529,2530,2645,2679,2682,2693,2926,3108,3267,3268,3527,4968,5244,5379,5390,5391,5706,6192,7883,8170,8171,8391,8449,
84;0;1214;1392;1;3,8,138,142,144,145,146,149,225,241,262,277,288,289,321,351,390,391,395,396,398,399,400,404,405,429,435,436,591,640,644,645,646,648,934,1052,1056,1062,1093,1146,1151,1398,1474,1475,1478,1479,1481,1484,1920,1922,2102,2106,2155,2222,2223,2318,2508,2529,2530,2645,2679,2682,2693,2926,3108,3267,3268,3527,4968,5244,5379,5390,5391,5706,6192,7883,8170,8171,8391,8449,
84;1;1392;1461;1;3,8,138,142,144,145,146,149,225,241,262,277,288,289,321,351,390,391,395,396,398,399,400,404,405,429,435,436,591,640,644,645,646,648,934,1052,1056,1062,1093,1146,1151,1398,1474,1475,1478,1479,1481,1484,1920,1922,2102,2106,2155,2222,2223,2318,2508,2529,2530,2645,2679,2682,2693,2926,3108,3267,3268,3527,4968,5244,5379,5390,5391,5706,6192,7883,8170,8171,8391,8449,
100;0;1461;1465;1;3,8,138,142,144,145,146,149,225,241,262,277,288,289,321,351,390,391,395,396,398,399,400,404,405,429,435,436,591,640,644,645,646,648,934,1052,1056,1062,1093,1146,1151,1398,1474,1475,1478,1479,1481,1484,1920,1922,2102,2106,2155,2222,2223,2318,2508,2529,2530,2645,2679,2682,2693,2926,3108,3267,3268,3527,4968,5244,5379,5390,5391,5706,6192,7883,8170,8171,8391,8449,
95;0;1465;1608;1;3,8,138,142,144,145,146,149,225,241,262,277,288,289,321,351,390,391,395,396,398,399,400,404,405,429,435,436,591,640,644,645,646,648,934,1052,1056,1062,1093,1146,1151,1398,1474,1475,1478,1479,1481,1484,1920,1922,2102,2106,2155,2222,2223,2318,2508,2529,2530,2645,2679,2682,2693,2926,3108,3267,3268,3527,4968,5244,5379,5390,5391,5706,6192,7883,8170,8171,8391,8449,
4;0;1608;1640;1;3,8,100,138,142,144,145,146,149,225,231,241,262,277,288,289,321,322,351,377,379,382,390,391,395,396,398,399,429,435,436,591,640,644,647,852,854,938,1052,1056,1062,1117,1118,1146,1171,1398,1447,1474,1475,1478,1479,1481,1484,1661,1667,1668,1669,1736,1768,1920,1922,1973,2102,2106,2222,2318,2362,2391,2636,2638,2645,2926,3099,3527,4968,5138,7840,8125,8126,8127,
2;0;1640;1736;1;3,8,100,138,142,144,145,146,149,225,231,241,262,277,288,289,321,322,342,351,377,379,382,390,391,395,396,398,399,402,429,435,436,591,640,644,647,852,854,892,938,1052,1056,1057,1062,1117,1118,1146,1171,1398,1447,1472,1474,1475,1478,1479,1481,1484,1661,1667,1668,1669,1736,1768,1843,1920,1922,1933,2102,2103,2104,2105,2106,2107,2108,2318,2645,2926,3527,4968,
2;1;1736;1834;1;3,8,100,138,142,144,145,146,149,225,231,241,262,277,288,289,321,322,342,351,377,379,382,390,391,395,396,398,399,402,429,435,436,591,640,644,647,852,854,892,938,1052,1056,1057,1062,1117,1118,1146,1171,1398,1447,1472,1474,1475,1478,1479,1481,1484,1661,1667,1668,1669,1736,1768,1843,1920,1922,1933,2102,2103,2104,2105,2106,2107,2108,2318,2645,2926,3527,4968,
1;0;1834;1883;1;3,8,100,138,142,144,145,146,149,225,231,241,262,277,288,289,321,322,342,351,377,379,382,390,391,395,396,398,399,402,429,435,436,591,640,644,647,852,854,892,1052,1056,1095,1117,1118,1146,1149,1398,1399,1474,1475,1478,1479,1481,1484,1668,1669,1814,1843,1920,1922,1933,2103,2318,2382,2645,2926,3034,3527,4965,4968,4969,4972,4973,5202,5419,5768,5942,5943,7401,
1;1;1883;1898;1;3,8,100,138,142,144,145,146,149,225,231,241,262,277,288,289,321,322,342,351,377,379,382,390,391,395,396,398,399,402,429,435,436,591,640,644,647,852,854,892,1052,1056,1095,1117,1118,1146,1149,1398,1399,1474,1475,1478,1479,1481,1484,1668,1669,1814,1843,1920,1922,1933,2103,2318,2382,2645,2926,3034,3527,4965,4968,4969,4972,4973,5202,5419,5768,5942,5943,7401,
26;0;1898;1958;1;3,8,100,135,138,139,142,144,145,146,149,225,231,241,262,277,288,289,310,321,322,342,351,377,379,382,390,391,395,396,398,399,402,429,435,436,591,640,647,854,892,948,1052,1056,1117,1118,1146,1308,1398,1474,1475,1478,1481,1484,1668,1669,1814,1843,1916,1920,1933,1978,2103,2318,2339,2359,2645,2926,3527,3970,4033,4754,5335,6610,6611,6612,6613,6614,6615,6616,
26;1;1958;2006;1;3,8,100,135,138,139,142,144,145,146,149,225,231,241,262,277,288,289,310,321,322,342,351,377,379,382,390,391,395,396,398,399,402,429,435,436,591,640,647,854,892,948,1052,1056,1117,1118,1146,1308,1398,1474,1475,1478,1481,1484,1668,1669,1814,1843,1916,1920,1933,1978,2103,2318,2339,2359,2645,2926,3527,3970,4033,4754,5335,6610,6611,6612,6613,6614,6615,6616,
102;0;2006;2072;1;3,8,100,135,138,139,142,144,145,146,149,177,225,231,241,262,273,277,288,289,302,305,310,314,317,321,322,342,351,377,379,381,382,390,391,395,396,398,399,402,429,435,436,442,591,640,647,854,892,948,1052,1056,1117,1118,1121,1132,1146,1308,1398,1428,1474,1475,1478,1481,1484,1668,1669,1676,1814,1843,1916,1920,1932,1978,2318,2645,2926,3389,4033,4754,
62;0;2072;2122;1;3,8,100,135,138,139,142,144,145,146,149,177,225,231,241,262,273,277,288,289,302,305,310,314,317,321,322,342,351,377,379,381,382,390,391,395,396,398,399,402,429,435,436,442,591,640,647,854,892,948,1052,1056,1117,1118,1121,1132,1146,1308,1398,1428,1474,1475,1478,1481,1484,1668,1669,1676,1814,1843,1916,1920,1932,1978,2318,2645,2926,3389,4033,4754,
25;0;2122;2193;1;15,16,24,54,55,60,97,111,144,178,179,180,184,225,231,262,268,273,286,288,302,305,307,308,310,312,313,315,323,380,381,384,385,423,432,442,491,503,504,592,593,594,595,596,640,871,892,894,973,1117,1131,1401,1416,1417,1424,1430,1474,1478,1481,1587,1712,1715,1814,1844,2062,2063,2924,2926,3345,3346,4313,4314,4315,4316,4317,4318,5786,6270,6641,6745,
25;1;2193;2330;1;15,16,24,54,55,60,97,111,144,178,179,180,184,225,231,262,268,273,286,288,302,305,307,308,310,312,313,315,323,380,381,384,385,423,432,442,491,503,504,592,593,594,595,596,640,871,892,894,973,1117,1131,1401,1416,1417,1424,1430,1474,1478,1481,1587,1712,1715,1814,1844,2062,2063,2924,2926,3345,3346,4313,4314,4315,4316,4317,4318,5786,6270,6641,6745,
53;0;2330;2342;1;15,16,24,54,55,60,97,111,144,178,179,180,184,225,231,262,268,273,286,288,302,305,307,308,310,312,313,315,323,380,381,384,385,423,432,442,491,503,504,592,593,594,595,596,640,871,892,894,973,1117,1131,1401,1416,1417,1424,1430,1474,1478,1481,1587,1712,1715,1814,1844,2062,2063,2924,2926,3345,3346,4313,4314,4315,4316,4317,4318,5786,6270,6641,6745,
53;1;2342;2463;1;15,16,24,54,55,60,97,111,144,178,179,180,184,225,231,262,268,273,286,288,302,305,307,308,310,312,313,315,323,380,381,384,385,423,432,442,491,503,504,592,593,594,595,596,640,871,892,894,973,1117,1131,1401,1416,1417,1424,1430,1474,1478,1481,1587,1712,1715,1814,1844,2062,2063,2924,2926,3345,3346,4313,4314,4315,4316,4317,4318,5786,6270,6641,6745,
130;0;2463;2551;0;15,16,24,54,55,60,97,111,144,178,179,180,184,225,231,262,268,273,286,288,302,305,307,308,310,312,313,315,323,380,381,384,385,423,432,442,491,503,504,592,593,594,595,596,640,871,892,894,973,1117,1131,1401,1416,1417,1424,1430,1474,1478,1481,1587,1712,1715,1814,1844,2062,2063,2924,2926,3345,3346,4313,4314,4315,4316,4317,4318,5786,6270,6641,6745,
15;0;2551;2687;1;15,16,24,54,55,60,97,111,144,178,179,180,184,225,231,262,268,273,286,288,302,305,307,308,310,312,313,315,323,380,381,384,385,423,432,442,491,503,504,592,593,594,595,596,640,871,892,894,973,1117,1131,1401,1416,1417,1424,1430,1474,1478,1481,1587,1712,1715,1814,1844,2062,2063,2924,2926,3345,3346,4313,4314,4315,4316,4317,4318,5786,6270,6641,6745,
123;0;2687;2699;0;15,16,24,54,55,60,97,111,144,178,179,180,184,225,231,262,268,273,286,288,302,305,307,308,310,312,313,315,323,380,381,384,385,423,432,442,491,503,504,592,593,594,595,596,640,871,892,894,973,1117,1131,1401,1416,1417,1424,1430,1474,1478,1481,1587,1712,1715,1814,1844,2062,2063,2924,2926,3345,3346,4313,4314,4315,4316,4317,4318,5786,6270,6641,6745,
123;1;2699;2782;0;15,16,24,54,55,60,97,111,144,178,179,180,184,225,231,262,268,273,286,288,302,305,307,308,310,312,313,315,323,380,381,384,385,423,432,442,491,503,504,592,593,594,595,596,640,871,892,894,973,1117,1131,1401,1416,1417,1424,1430,1474,1478,1481,1587,1712,1715,1814,1844,2062,2063,2924,2926,3345,3346,4313,4314,4315,4316,4317,4318,5786,6270,6641,6745,
66;0;2782;2960;1;15,16,24,54,55,60,97,111,144,178,179,180,184,225,231,262,268,273,286,288,302,305,307,308,310,312,313,315,323,380,381,384,385,423,432,442,491,503,504,592,593,594,595,596,640,871,892,894,973,1117,1131,1401,1416,1417,1424,1430,1474,1478,1481,1587,1712,1715,1814,1844,2062,2063,2924,2926,3345,3346,4313,4314,4315,4316,4317,4318,5786,6270,6641,6745,
66;1;2960;3050;1;15,16,24,54,55,60,97,111,144,178,179,180,184,225,231,262,268,273,286,288,302,305,307,308,310,312,313,315,323,380,381,384,385,423,432,442,491,503,504,592,593,594,595,596,640,871,892,894,973,1117,1131,1401,1416,1417,1424,1430,1474,1478,1481,1587,1712,1715,1814,1844,2062,2063,2924,2926,3345,3346,4313,4314,4315,4316,4317,4318,5786,6270,6641,6745,
27;0;3050;3197;1;15,16,24,54,55,60,97,111,144,178,179,180,184,225,231,262,268,273,286,288,302,305,307,308,310,312,313,315,323,380,381,384,385,423,432,442,491,503,504,592,593,594,595,596,640,871,892,894,973,1117,1131,1401,1416,1417,1424,1430,1474,1478,1481,1587,1712,1715,1814,1844,2062,2063,2924,2926,3345,3346,4313,4314,4315,4316,4317,4318,5786,6270,6641,6745,
27;1;3197;3270;1;15,16,24,54,55,60,97,111,144,178,179,180,184,225,231,262,268,273,286,288,302,305,307,308,310,312,313,315,323,380,381,384,385,423,432,442,491,503,504,592,593,594,595,596,640,871,892,894,973,1117,1131,1401,1416,1417,1424,1430,1474,1478,1481,1587,1712,1715,1814,1844,2062,2063,2924,2926,3345,3346,4313,4314,4315,4316,4317,4318,5786,6270,6641,6745,
33;0;3270;3366;1;15,16,24,54,55,60,97,111,144,178,179,180,184,225,231,262,268,273,286,288,302,305,307,308,310,312,313,315,323,380,381,384,385,423,432,442,491,503,504,592,593,594,595,596,640,871,892,894,973,1117,1131,1401,1416,1417,1424,1430,1474,1478,1481,1587,1712,1715,1814,1844,2062,2063,2924,2926,3345,3346,4313,4314,4315,4316,4317,4318,5786,6270,6641,6745,
33;1;3366;3432;1;15,16,24,54,55,60,97,111,144,178,179,180,184,225,231,262,268,273,286,288,302,305,307,308,310,312,313,315,323,380,381,384,385,423,432,442,491,503,504,592,593,594,595,596,640,871,892,894,973,1117,1131,1401,1416,1417,1424,1430,1474,1478,1481,1587,1712,1715,1814,1844,2062,2063,2924,2926,3345,3346,4313,4314,4315,4316,4317,4318,5786,6270,6641,6745,
116;0;3432;3463;0;15,16,24,54,55,60,97,111,144,178,179,180,184,225,231,262,268,273,286,288,302,305,307,308,310,312,313,315,323,380,381,384,385,423,432,442,491,503,504,592,593,594,595,596,640,871,892,894,973,1117,1131,1401,1416,1417,1424,1430,1474,1478,1481,1587,1712,1715,1814,1844,2062,2063,2924,2926,3345,3346,4313,4314,4315,4316,4317,4318,5786,6270,6641,6745,
6;0;3463;3577;1;15,16,24,54,55,60,97,111,143,144,178,179,180,184,225,231,262,268,273,286,288,301,302,305,307,308,310,312,313,315,323,350,380,381,384,385,403,423,432,442,491,503,504,592,593,594,595,596,640,871,892,894,912,973,1050,1117,1401,1474,1478,1481,1501,1587,1814,2062,2063,2455,2925,2926,2927,2928,2929,2930,3345,3346,4313,4314,4315,4316,4317,4318,
50;0;3577;3716;1;15,16,24,38,54,55,60,66,111,152,170,185,189,205,206,249,308,374,499,503,504,547,569,577,581,871,872,873,874,964,965,972,973,1047,1142,1157,1249,1274,1281,1282,1283,1304,1456,1460,1461,1481,1541,1587,1935,1936,2025,2062,2063,2860,3345,3346,3381,3595,4003,4012,4262,4313,4314,4315,4316,4317,4318,4452,4456,4457,4620,5124,5125,5126,5127,5128,6094,6532,6694,7339,
29;0;3716;3860;1;15,16,24,38,54,55,60,66,111,152,170,185,189,205,206,249,308,374,499,503,504,547,569,577,581,871,872,873,874,964,965,972,973,1047,1142,1157,1249,1274,1281,1282,1283,1304,1456,1460,1461,1481,1541,1587,1935,1936,2025,2062,2063,2860,3345,3346,3381,3595,4003,4012,4262,4313,4314,4315,4316,4317,4318,4452,4456,4457,4620,5124,5125,5126,5127,5128,6094,6532,6694,7339,
8;0;3860;3950;1;15,16,24,38,54,55,60,66,111,152,170,185,189,205,206,249,308,374,499,503,504,547,569,577,581,871,872,873,874,964,965,972,973,1047,1142,1157,1249,1274,1281,1282,1283,1304,1456,1460,1461,1481,1541,1587,1935,1936,2025,2062,2063,2860,3345,3346,3381,3595,4003,4012,4262,4313,4314,4315,4316,4317,4318,4452,4456,4457,4620,5124,5125,5126,5127,5128,6094,6532,6694,7339,
8;1;3950;4019;1;15,16,24,38,54,55,60,66,111,152,170,185,189,205,206,249,308,374,499,503,504,547,569,577,581,871,872,873,874,964,965,972,973,1047,1142,1157,1249,1274,1281,1282,1283,1304,1456,1460,1461,1481,1541,1587,1935,1936,2025,2062,2063,2860,3345,3346,3381,3595,4003,4012,4262,4313,4314,4315,4316,4317,4318,4452,4456,4457,4620,5124,5125,5126,5127,5128,6094,6532,6694,7339,
104;0;4019;4097;1;15,16,24,38,54,55,60,66,111,152,170,185,189,205,206,249,308,374,499,503,504,547,569,577,581,871,872,873,874,964,965,972,973,1047,1142,1157,1249,1274,1281,1282,1283,1304,1456,1460,1461,1481,1541,1587,1935,1936,2025,2062,2063,2860,3345,3346,3381,3595,4003,4012,4262,4313,4314,4315,4316,4317,4318,4452,4456,4457,4620,5124,5125,5126,5127,5128,6094,6532,6694,7339,
70;0;4097;4121;1;15,16,24,38,54,55,60,66,111,152,170,185,189,205,206,249,308,374,499,503,504,547,569,577,581,871,872,873,874,964,965,972,973,1047,1142,1157,1249,1274,1281,1282,1283,1304,1456,1460,1461,1481,1541,1587,1935,1936,2025,2062,2063,2860,3345,3346,3381,3595,4003,4012,4262,4313,4314,4315,4316,4317,4318,4452,4456,4457,4620,5124,5125,5126,5127,5128,6094,6532,6694,7339,
93;0;4121;4204;1;15,16,24,38,54,55,60,66,111,152,170,185,189,205,206,249,308,374,499,503,504,547,569,577,581,871,872,873,874,964,965,972,973,1047,1142,1157,1249,1274,1281,1282,1283,1304,1456,1460,1461,1481,1541,1587,1935,1936,2025,2062,2063,2860,3345,3346,3381,3595,4003,4012,4262,4313,4314,4315,4316,4317,4318,4452,4456,4457,4620,5124,5125,5126,5127,5128,6094,6532,6694,7339,
93;1;4204;4378;1;15,16,24,38,54,55,60,66,111,152,170,185,189,205,206,249,308,374,499,503,504,547,569,577,581,871,872,873,874,964,965,972,973,1047,1142,1157,1249,1274,1281,1282,1283,1304,1456,1460,1461,1481,1541,1587,1935,1936,2025,2062,2063,2860,3345,3346,3381,3595,4003,4012,4262,4313,4314,4315,4316,4317,4318,4452,4456,4457,4620,5124,5125,5126,5127,5128,6094,6532,6694,7339,
13;0;4378;4393;1;15,16,24,38,54,55,60,66,111,152,170,185,189,205,206,249,308,374,499,503,504,547,569,577,581,871,872,873,874,964,965,972,973,1047,1142,1157,1249,1274,1281,1282,1283,1304,1456,1460,1461,1481,1541,1587,1935,1936,2025,2062,2063,2860,3345,3346,3381,3595,4003,4012,4262,4313,4314,4315,4316,4317,4318,4452,4456,4457,4620,5124,5125,5126,5127,5128,6094,6532,6694,7339,
13;1;4393;4490;1;15,16,24,38,54,55,60,66,111,152,170,185,189,205,206,249,308,374,499,503,504,547,569,577,581,871,872,873,874,964,965,972,973,1047,1142,1157,1249,1274,1281,1282,1283,1304,1456,1460,1461,1481,1541,1587,1935,1936,2025,2062,2063,2860,3345,3346,3381,3595,4003,4012,4262,4313,4314,4315,4316,4317,4318,4452,4456,4457,4620,5124,5125,5126,5127,5128,6094,6532,6694,7339,
79;0;4490;4663;1;15,16,24,38,54,55,60,66,111,152,170,185,189,205,206,249,308,374,499,503,504,547,569,577,581,871,872,873,874,964,965,972,973,1047,1142,1157,1249,1274,1281,1282,1283,1304,1456,1460,1461,1481,1541,1587,1935,1936,2025,2062,2063,2860,3345,3346,3381,3595,4003,4012,4262,4313,4314,4315,4316,4317,4318,4452,4456,4457,4620,5124,5125,5126,5127,5128,6094,6532,6694,7339,
79;1;4663;4725;1;15,16,24,38,54,55,60,66,111,152,170,185,189,205,206,249,308,374,499,503,504,547,569,577,581,871,872,873,874,964,965,972,973,1047,1142,1157,1249,1274,1281,1282,1283,1304,1456,1460,1461,1481,1541,1587,1935,1936,2025,2062,2063,2860,3345,3346,3381,3595,4003,4012,4262,4313,4314,4315,4316,4317,4318,4452,4456,4457,4620,5124,5125,5126,5127,5128,6094,6532,6694,7339,
54;0;4725;4904;1;15,16,24,38,54,55,60,66,111,152,170,185,189,205,206,249,308,374,499,503,504,547,569,577,581,871,872,873,874,964,965,972,973,1047,1142,1157,1249,1274,1281,1282,1283,1304,1456,1460,1461,1481,1541,1587,1935,1936,2025,2062,2063,2860,3345,3346,3381,3595,4003,4012,4262,4313,4314,4315,4316,4317,4318,4452,4456,4457,4620,5124,5125,5126,5127,5128,6094,6532,6694,7339,
54;1;4904;5035;1;15,16,24,38,54,55,60,66,111,152,170,185,189,205,206,249,308,374,499,503,504,547,569,577,581,871,872,873,874,964,965,972,973,1047,1142,1157,1249,1274,1281,1282,1283,1304,1456,1460,1461,1481,1541,1587,1935,1936,2025,2062,2063,2860,3345,3346,3381,3595,4003,4012,4262,4313,4314,4315,4316,4317,4318,4452,4456,4457,4620,5124,5125,5126,5127,5128,6094,6532,6694,7339,
51;0;5035;5207;1;15,16,23,24,25,29,30,51,52,54,59,60,79,152,204,205,206,308,419,502,503,506,581,753,871,964,965,1011,1063,1157,1186,1282,1283,1304,1333,1481,1541,1558,1580,1587,1895,1936,2062,2063,2233,2305,2306,2512,2581,2895,2959,3270,3345,3346,4212,4262,4276,4277,4278,4279,4280,4281,4313,4314,4315,4316,4317,4318,4620,4909,4910,5496,6094,6726,8838,9020,9021,9022,9023,9024,
12;0;5207;5239;1;15,16,23,24,25,29,30,51,52,54,59,60,79,152,204,205,206,308,419,502,503,506,581,753,871,964,965,1011,1063,1157,1186,1282,1283,1304,1333,1481,1541,1558,1580,1587,1895,1936,2062,2063,2233,2305,2306,2512,2581,2895,2959,3270,3345,3346,4212,4262,4276,4277,4278,4279,4280,4281,4313,4314,4315,4316,4317,4318,4620,4909,4910,5496,6094,6726,8838,9020,9021,9022,9023,9024,
12;1;5239;5392;1;15,16,23,24,25,29,30,51,52,54,59,60,79,152,204,205,206,308,419,502,503,506,581,753,871,964,965,1011,1063,1157,1186,1282,1283,1304,1333,1481,1541,1558,1580,1587,1895,1936,2062,2063,2233,2305,2306,2512,2581,2895,2959,3270,3345,3346,4212,4262,4276,4277,4278,4279,4280,4281,4313,4314,4315,4316,4317,4318,4620,4909,4910,5496,6094,6726,8838,9020,9021,9022,9023,9024,
44;0;5392;5399;1;15,16,23,24,25,29,30,51,52,54,59,60,79,152,204,205,206,308,419,502,503,506,581,753,871,964,965,1011,1063,1157,1186,1282,1283,1304,1333,1481,1541,1558,1580,1587,1895,1936,2062,2063,2233,2305,2306,2512,2581,2895,2959,3270,3345,3346,4212,4262,4276,4277,4278,4279,4280,4281,4313,4314,4315,4316,4317,4318,4620,4909,4910,5496,6094,6726,8838,9020,9021,9022,9023,9024,
97;0;5399;5408;1;15,16,23,24,25,29,30,51,52,54,59,60,79,152,204,205,206,308,419,502,503,506,581,753,871,964,965,1011,1063,1157,1186,1282,1283,1304,1333,1481,1541,1558,1580,1587,1895,1936,2062,2063,2233,2305,2306,2512,2581,2895,2959,3270,3345,3346,4212,4262,4276,4277,4278,4279,4280,4281,4313,4314,4315,4316,4317,4318,4620,4909,4910,5496,6094,6726,8838,9020,9021,9022,9023,9024,
97;1;5408;5495;1;15,16,23,24,25,29,30,51,52,54,59,60,79,152,204,205,206,308,419,502,503,506,581,753,871,964,965,1011,1063,1157,1186,1282,1283,1304,1333,1481,1541,1558,1580,1587,1895,1936,2062,2063,2233,2305,2306,2512,2581,2895,2959,3270,3345,3346,4212,4262,4276,4277,4278,4279,4280,4281,4313,4314,4315,4316,4317,4318,4620,4909,4910,5496,6094,6726,8838,9020,9021,9022,9023,9024,
35;0;5495;5615;1;15,16,23,24,25,29,30,51,52,54,59,60,79,152,204,205,206,308,419,502,503,506,581,753,871,964,965,1011,1063,1157,1186,1282,1283,1304,1333,1481,1541,1558,1580,1587,1895,1936,2062,2063,2233,2305,2306,2512,2581,2895,2959,3270,3345,3346,4212,4262,4276,4277,4278,4279,4280,4281,4313,4314,4315,4316,4317,4318,4620,4909,4910,5496,6094,6726,8838,9020,9021,9022,9023,9024,
18;0;5615;5777;1;15,16,23,24,25,29,30,51,52,54,59,60,79,152,204,205,206,308,419,502,503,506,581,753,871,964,965,1011,1063,1157,1186,1282,1283,1304,1333,1481,1541,1558,1580,1587,1895,1936,2062,2063,2233,2305,2306,2512,2581,2895,2959,3270,3345,3346,4212,4262,4276,4277,4278,4279,4280,4281,4313,4314,4315,4316,4317,4318,4620,4909,4910,5496,6094,6726,8838,9020,9021,9022,9023,9024,
18;1;5777;5927;1;15,16,23,24,25,29,30,51,52,54,59,60,79,152,204,205,206,308,419,502,503,506,581,753,871,964,965,1011,1063,1157,1186,1282,1283,1304,1333,1481,1541,1558,1580,1587,1895,1936,2062,2063,2233,2305,2306,2512,2581,2895,2959,3270,3345,3346,4212,4262,4276,4277,4278,4279,4280,4281,4313,4314,4315,4316,4317,4318,4620,4909,4910,5496,6094,6726,8838,9020,9021,9022,9023,9024,
45;0;5927;5982;1;15,16,23,24,25,29,30,51,52,54,59,60,79,152,204,205,206,308,419,502,503,506,581,753,871,964,965,1011,1063,1157,1186,1282,1283,1304,1333,1481,1541,1558,1580,1587,1895,1936,2062,2063,2233,2305,2306,2512,2581,2895,2959,3270,3345,3346,4212,4262,4276,4277,4278,4279,4280,4281,4313,4314,4315,4316,4317,4318,4620,4909,4910,5496,6094,6726,8838,9020,9021,9022,9023,9024,
45;1;5982;6107;1;15,16,23,24,25,29,30,51,52,54,59,60,79,152,204,205,206,308,419,502,503,506,581,753,871,964,965,1011,1063,1157,1186,1282,1283,1304,1333,1481,1541,1558,1580,1587,1895,1936,2062,2063,2233,2305,2306,2512,2581,2895,2959,3270,3345,3346,4212,4262,4276,4277,4278,4279,4280,4281,4313,4314,4315,4316,4317,4318,4620,4909,4910,5496,6094,6726,8838,9020,9021,9022,9023,9024,
41;0;6107;6273;1;15,16,23,24,25,29,30,51,52,54,59,60,79,152,204,205,206,308,419,502,503,506,581,753,871,964,965,1011,1063,1157,1186,1282,1283,1304,1333,1481,1541,1558,1580,1587,1895,1936,2062,2063,2233,2305,2306,2512,2581,2895,2959,3270,3345,3346,4212,4262,4276,4277,4278,4279,4280,4281,4313,4314,4315,4316,4317,4318,4620,4909,4910,5496,6094,6726,8838,9020,9021,9022,9023,9024,
41;1;6273;6393;1;15,16,23,24,25,29,30,51,52,54,59,60,79,152,204,205,206,308,419,502,503,506,581,753,871,964,965,1011,1063,1157,1186,1282,1283,1304,1333,1481,1541,1558,1580,1587,1895,1936,2062,2063,2233,2305,2306,2512,2581,2895,2959,3270,3345,3346,4212,4262,4276,4277,4278,4279,4280,4281,4313,4314,4315,4316,4317,4318,4620,4909,4910,5496,6094,6726,8838,9020,9021,9022,9023,9024,
5;0;6393;6445;1;15,16,20,23,24,25,29,30,51,52,54,59,60,79,152,199,200,201,202,203,204,205,206,207,208,209,210,211,212,213,214,215,216,217,218,219,220,221,222,223,224,308,419,502,503,506,581,753,871,964,965,1011,1063,1157,1186,1282,1283,1304,1333,1481,1541,1558,1580,1587,1936,2062,2063,2305,2959,3345,3346,4212,4262,4313,4314,4315,4316,4317,4318,4620,
60;0;6445;6474;1;15,16,20,23,24,25,29,30,51,52,54,59,60,79,152,159,199,200,201,202,203,204,205,206,207,208,221,308,502,503,581,871,1085,1283,1287,1293,1304,1481,1541,1558,1587,1925,1936,2062,2063,2273,2305,2827,2879,2941,2959,2968,3345,3346,3384,3421,3734,3851,3852,4010,4212,4262,4313,4314,4315,4316,4317,4318,4620,5779,6445,6693,6861,6862,6863,6864,6865,6866,6868,7004,
57;0;6474;6624;1;15,16,26,60,61,202,255,308,412,457,503,528,529,579,632,738,791,875,1007,1268,1269,1270,1271,1273,1275,1277,1283,1286,1287,1289,1293,1294,1295,1304,1322,1419,1481,1509,1541,1558,1691,1781,1782,1785,1796,1898,1940,1992,2028,2190,2212,2221,2240,2264,2265,2305,2410,2413,2471,2472,2485,2935,2937,2938,2940,2941,2942,3598,3702,3704,4182,4217,4262,4620,4621,4622,4623,4624,5132,5133,
57;1;6624;6763;1;15,16,26,60,61,202,255,308,412,457,503,528,529,579,632,738,791,875,1007,1268,1269,1270,1271,1273,1275,1277,1283,1286,1287,1289,1293,1294,1295,1304,1322,1419,1481,1509,1541,1558,1691,1781,1782,1785,1796,1898,1940,1992,2028,2190,2212,2221,2240,2264,2265,2305,2410,2413,2471,2472,2485,2935,2937,2938,2940,2941,2942,3598,3702,3704,4182,4217,4262,4620,4621,4622,4623,4624,5132,5133,
127;0;6763;6910;0;15,16,26,60,61,202,255,308,412,457,503,528,529,579,632,738,791,875,1007,1268,1269,1270,1271,1273,1275,1277,1283,1286,1287,1289,1293,1294,1295,1304,1322,1419,1481,1509,1541,1558,1691,1781,1782,1785,1796,1898,1940,1992,2028,2190,2212,2221,2240,2264,2265,2305,2410,2413,2471,2472,2485,2935,2937,2938,2940,2941,2942,3598,3702,3704,4182,4217,4262,4620,4621,4622,4623,4624,5132,5133,
127;1;6910;6962;0;15,16,26,60,61,202,255,308,412,457,503,528,529,579,632,738,791,875,1007,1268,1269,1270,1271,1273,1275,1277,1283,1286,1287,1289,1293,1294,1295,1304,1322,1419,1481,1509,1541,1558,1691,1781,1782,1785,1796,1898,1940,1992,2028,2190,2212,2221,2240,2264,2265,2305,2410,2413,2471,2472,2485,2935,2937,2938,2940,2941,2942,3598,3702,3704,4182,4217,4262,4620,4621,4622,4623,4624,5132,5133,
19;0;6962;7008;1;15,16,26,60,61,202,255,308,412,457,503,528,529,579,632,738,791,875,1007,1268,1269,1270,1271,1273,1275,1277,1283,1286,1287,1289,1293,1294,1295,1304,1322,1419,1481,1509,1541,1558,1691,1781,1782,1785,1796,1898,1940,1992,2028,2190,2212,2221,2240,2264,2265,2305,2410,2413,2471,2472,2485,2935,2937,2938,2940,2941,2942,3598,3702,3704,4182,4217,4262,4620,4621,4622,4623,4624,5132,5133,
19;1;7008;7072;1;15,16,26,60,61,202,255,308,412,457,503,528,529,579,632,738,791,875,1007,1268,1269,1270,1271,1273,1275,1277,1283,1286,1287,1289,1293,1294,1295,1304,1322,1419,1481,1509,1541,1558,1691,1781,1782,1785,1796,1898,1940,1992,2028,2190,2212,2221,2240,2264,2265,2305,2410,2413,2471,2472,2485,2935,2937,2938,2940,2941,2942,3598,3702,3704,4182,4217,4262,4620,4621,4622,4623,4624,5132,5133,
34;0;7072;7242;1;15,16,26,60,61,202,255,308,412,457,503,528,529,579,632,738,791,875,1007,1268,1269,1270,1271,1273,1275,1277,1283,1286,1287,1289,1293,1294,1295,1304,1322,1419,1481,1509,1541,1558,1691,1781,1782,1785,1796,1898,1940,1992,2028,2190,2212,2221,2240,2264,2265,2305,2410,2413,2471,2472,2485,2935,2937,2938,2940,2941,2942,3598,3702,3704,4182,4217,4262,4620,4621,4622,4623,4624,5132,5133,
34;1;7242;7315;1;15,16,26,60,61,202,255,308,412,457,503,528,529,579,632,738,791,875,1007,1268,1269,1270,1271,1273,1275,1277,1283,1286,1287,1289,1293,1294,1295,1304,1322,1419,1481,1509,1541,1558,1691,1781,1782,1785,1796,1898,1940,1992,2028,2190,2212,2221,2240,2264,2265,2305,2410,2413,2471,2472,2485,2935,2937,2938,2940,2941,2942,3598,3702,3704,4182,4217,4262,4620,4621,4622,4623,4624,5132,5133,
77;0;7315;7364;1;15,16,26,60,61,202,255,308,412,457,503,528,529,579,632,738,791,875,1007,1268,1269,1270,1271,1273,1275,1277,1283,1286,1287,1289,1293,1294,1295,1304,1322,1419,1481,1509,1541,1558,1691,1781,1782,1785,1796,1898,1940,1992,2028,2190,2212,2221,2240,2264,2265,2305,2410,2413,2471,2472,2485,2935,2937,2938,2940,2941,2942,3598,3702,3704,4182,4217,4262,4620,4621,4622,4623,4624,5132,5133,
77;1;7364;7535;1;15,16,26,60,61,202,255,308,412,457,503,528,529,579,632,738,791,875,1007,1268,1269,1270,1271,1273,1275,1277,1283,1286,1287,1289,1293,1294,1295,1304,1322,1419,1481,1509,1541,1558,1691,1781,1782,1785,1796,1898,1940,1992,2028,2190,2212,2221,2240,2264,2265,2305,2410,2413,2471,2472,2485,2935,2937,2938,2940,2941,2942,3598,3702,3704,4182,4217,4262,4620,4621,4622,4623,4624,5132,5133,
48;0;7535;7584;1;15,16,26,60,61,202,255,308,412,457,503,528,529,579,632,738,791,875,1007,1268,1269,1270,1271,1273,1275,1277,1283,1286,1287,1289,1293,1294,1295,1304,1322,1419,1481,1509,1541,1558,1691,1781,1782,1785,1796,1898,1940,1992,2028,2190,2212,2221,2240,2264,2265,2305,2410,2413,2471,2472,2485,2935,2937,2938,2940,2941,2942,3598,3702,3704,4182,4217,4262,4620,4621,4622,4623,4624,5132,5133,
48;1;7584;7620;1;15,16,26,60,61,202,255,308,412,457,503,528,529,579,632,738,791,875,1007,1268,1269,1270,1271,1273,1275,1277,1283,1286,1287,1289,1293,1294,1295,1304,1322,1419,1481,1509,1541,1558,1691,1781,1782,1785,1796,1898,1940,1992,2028,2190,2212,2221,2240,2264,2265,2305,2410,2413,2471,2472,2485,2935,2937,2938,2940,2941,2942,3598,3702,3704,4182,4217,4262,4620,4621,4622,4623,4624,5132,5133,
47;0;7620;7718;1;15,16,26,60,61,100,103,202,255,308,412,457,503,528,529,579,609,632,715,738,791,875,1007,1166,1268,1269,1270,1271,1283,1293,1304,1481,1541,1558,1898,1992,2318,2413,2628,2678,2903,2940,2941,3526,4400,5296,5382,5392,5584,5637,5649,5869,6026,6114,6117,6180,6225,6370,6772,6784,6834,7186,7208,7295,7299,7302,7315,7316,7317,7318,7319,7320,7321,7322,7323,7324,7325,7326,7327,7328,
47;1;7718;7824;1;15,16,26,60,61,100,103,202,255,308,412,457,503,528,529,579,609,632,715,738,791,875,1007,1166,1268,1269,1270,1271,1283,1293,1304,1481,1541,1558,1898,1992,2318,2413,2628,2678,2903,2940,2941,3526,4400,5296,5382,5392,5584,5637,5649,5869,6026,6114,6117,6180,6225,6370,6772,6784,6834,7186,7208,7295,7299,7302,7315,7316,7317,7318,7319,7320,7321,7322,7323,7324,7325,7326,7327,7328,
24;0;7824;7920;1;15,16,17,27,60,61,144,155,202,267,268,272,273,287,289,303,308,434,479,499,503,518,657,662,736,791,902,903,904,905,921,922,936,940,979,987,1204,1205,1206,1207,1208,1209,1210,1211,1212,1269,1293,1304,1451,1481,1541,1558,1752,1898,1992,2172,2413,2689,2940,2941,3126,3127,3128,3254,3382,3602,5308,5507,5633,5649,6426,7203,7204,7205,7206,7207,7209,7804,7806,7812,
24;1;7920;8084;1;15,16,17,27,60,61,144,155,202,267,268,272,273,287,289,303,308,434,479,499,503,518,657,662,736,791,902,903,904,905,921,922,936,940,979,987,1204,1205,1206,1207,1208,1209,1210,1211,1212,1269,1293,1304,1451,1481,1541,1558,1752,1898,1992,2172,2413,2689,2940,2941,3126,3127,3128,3254,3382,3602,5308,5507,5633,5649,6426,7203,7204,7205,7206,7207,7209,7804,7806,7812,
88;0;8084;8161;1;15,16,17,27,60,61,144,155,202,267,268,272,273,287,289,303,308,434,479,499,503,518,657,662,736,791,902,903,904,905,921,922,936,940,979,987,1204,1205,1206,1207,1208,1209,1210,1211,1212,1269,1293,1304,1451,1481,1541,1558,1752,1898,1992,2172,2413,2689,2940,2941,3126,3127,3128,3254,3382,3602,5308,5507,5633,5649,6426,7203,7204,7205,7206,7207,7209,7804,7806,7812,
88;1;8161;8286;1;15,16,17,27,60,61,144,155,202,267,268,272,273,287,289,303,308,434,479,499,503,518,657,662,736,791,902,903,904,905,921,922,936,940,979,987,1204,1205,1206,1207,1208,1209,1210,1211,1212,1269,1293,1304,1451,1481,1541,1558,1752,1898,1992,2172,2413,2689,2940,2941,3126,3127,3128,3254,3382,3602,5308,5507,5633,5649,6426,7203,7204,7205,7206,7207,7209,7804,7806,7812,
138;0;8286;8339;0;15,16,17,27,60,61,144,155,202,267,268,272,273,287,289,303,308,434,479,499,503,518,657,662,736,791,902,903,904,905,921,922,936,940,979,987,1204,1205,1206,1207,1208,1209,1210,1211,1212,1269,1293,1304,1451,1481,1541,1558,1752,1898,1992,2172,2413,2689,2940,2941,3126,3127,3128,3254,3382,3602,5308,5507,5633,5649,6426,7203,7204,7205,7206,7207,7209,7804,7806,7812,
138;1;8339;8427;0;15,16,17,27,60,61,144,155,202,267,268,272,273,287,289,303,308,434,479,499,503,518,657,662,736,791,902,903,904,905,921,922,936,940,979,987,1204,1205,1206,1207,1208,1209,1210,1211,1212,1269,1293,1304,1451,1481,1541,1558,1752,1898,1992,2172,2413,2689,2940,2941,3126,3127,3128,3254,3382,3602,5308,5507,5633,5649,6426,7203,7204,7205,7206,7207,7209,7804,7806,7812,
94;0;8427;8448;1;15,16,17,27,60,61,144,155,202,267,268,272,273,287,289,303,308,434,479,499,503,518,657,662,736,791,902,903,904,905,921,922,936,940,979,987,1204,1205,1206,1207,1208,1209,1210,1211,1212,1269,1293,1304,1451,1481,1541,1558,1752,1898,1992,2172,2413,2689,2940,2941,3126,3127,3128,3254,3382,3602,5308,5507,5633,5649,6426,7203,7204,7205,7206,7207,7209,7804,7806,7812,
134;0;8448;8492;0;15,16,17,27,60,61,144,155,202,267,268,272,273,287,289,303,308,434,479,499,503,518,657,662,736,791,902,903,904,905,921,922,936,940,979,987,1204,1205,1206,1207,1208,1209,1210,1211,1212,1269,1293,1304,1451,1481,1541,1558,1752,1898,1992,2172,2413,2689,2940,2941,3126,3127,3128,3254,3382,3602,5308,5507,5633,5649,6426,7203,7204,7205,7206,7207,7209,7804,7806,7812,
46;0;8492;8520;1;15,16,17,27,60,61,144,155,202,267,268,272,273,287,289,303,308,434,479,499,503,518,657,662,736,791,902,903,904,905,921,922,936,940,979,987,1204,1205,1206,1207,1208,1209,1210,1211,1212,1269,1293,1304,1451,1481,1541,1558,1752,1898,1992,2172,2413,2689,2940,2941,3126,3127,3128,3254,3382,3602,5308,5507,5633,5649,6426,7203,7204,7205,7206,7207,7209,7804,7806,7812,
46;1;8520;8589;1;15,16,17,27,60,61,144,155,202,267,268,272,273,287,289,303,308,434,479,499,503,518,657,662,736,791,902,903,904,905,921,922,936,940,979,987,1204,1205,1206,1207,1208,1209,1210,1211,1212,1269,1293,1304,1451,1481,1541,1558,1752,1898,1992,2172,2413,2689,2940,2941,3126,3127,3128,3254,3382,3602,5308,5507,5633,5649,6426,7203,7204,7205,7206,7207,7209,7804,7806,7812,
Machine: 1
10;0;0;72;1;3,16,24,27,100,135,137,144,175,225,234,249,260,276,288,404,579,581,607,644,647,720,748,760,1093,1133,1207,1268,1269,1270,1273,1278,1293,1294,1295,1322,1470,1478,1545,1587,1669,1679,1726,1809,1906,1944,2109,2174,2178,2220,2230,2250,2407,2434,2471,2721,2941,3070,3265,3266,3603,3630,3702,3703,3721,3797,4033,4112,4211,4217,4353,4492,5662,5663,5993,5994,6494,6565,6681,6682,
68;0;72;173;1;3,16,24,27,100,135,137,144,175,225,234,249,260,276,288,404,579,581,607,644,647,720,748,760,1093,1133,1207,1268,1269,1270,1273,1278,1293,1294,1295,1322,1470,1478,1545,1587,1669,1679,1726,1809,1906,1944,2109,2174,2178,2220,2230,2250,2407,2434,2471,2721,2941,3070,3265,3266,3603,3630,3702,3703,3721,3797,4033,4112,4211,4217,4353,4492,5662,5663,5993,5994,6494,6565,6681,6682,
68;1;173;217;1;3,16,24,27,100,135,137,144,175,225,234,249,260,276,288,404,579,581,607,644,647,720,748,760,1093,1133,1207,1268,1269,1270,1273,1278,1293,1294,1295,1322,1470,1478,1545,1587,1669,1679,1726,1809,1906,1944,2109,2174,2178,2220,2230,2250,2407,2434,2471,2721,2941,3070,3265,3266,3603,3630,3702,3703,3721,3797,4033,4112,4211,4217,4353,4492,5662,5663,5993,5994,6494,6565,6681,6682,
43;0;217;231;1;3,16,24,27,100,135,137,144,175,225,234,249,260,276,288,404,579,581,607,644,647,720,748,760,1093,1133,1207,1268,1269,1270,1273,1278,1293,1294,1295,1322,1470,1478,1545,1587,1669,1679,1726,1809,1906,1944,2109,2174,2178,2220,2230,2250,2407,2434,2471,2721,2941,3070,3265,3266,3603,3630,3702,3703,3721,3797,4033,4112,4211,4217,4353,4492,5662,5663,5993,5994,6494,6565,6681,6682,
43;1;231;283;1;3,16,24,27,100,135,137,144,175,225,234,249,260,276,288,404,579,581,607,644,647,720,748,760,1093,1133,1207,1268,1269,1270,1273,1278,1293,1294,1295,1322,1470,1478,1545,1587,1669,1679,1726,1809,1906,1944,2109,2174,2178,2220,2230,2250,2407,2434,2471,2721,2941,3070,3265,3266,3603,3630,3702,3703,3721,3797,4033,4112,4211,4217,4353,4492,5662,5663,5993,5994,6494,6565,6681,6682,
99;0;283;455;1;3,16,24,27,100,135,137,144,175,225,234,249,260,276,288,404,579,581,607,644,647,720,748,760,1093,1133,1207,1268,1269,1270,1273,1278,1293,1294,1295,1322,1470,1478,1545,1587,1669,1679,1726,1809,1906,1944,2109,2174,2178,2220,2230,2250,2407,2434,2471,2721,2941,3070,3265,3266,3603,3630,3702,3703,3721,3797,4033,4112,4211,4217,4353,4492,5662,5663,5993,5994,6494,6565,6681,6682,
82;0;455;491;1;3,16,24,27,100,135,137,144,175,225,234,249,260,276,288,404,579,581,607,644,647,720,748,760,1093,1133,1207,1268,1269,1270,1273,1278,1293,1294,1295,1322,1470,1478,1545,1587,1669,1679,1726,1809,1906,1944,2109,2174,2178,2220,2230,2250,2407,2434,2471,2721,2941,3070,3265,3266,3603,3630,3702,3703,3721,3797,4033,4112,4211,4217,4353,4492,5662,5663,5993,5994,6494,6565,6681,6682,
49;0;491;514;1;3,16,24,27,100,135,137,144,175,225,234,249,260,276,288,404,579,581,607,644,647,720,748,760,1093,1133,1207,1268,1269,1270,1273,1278,1293,1294,1295,1322,1470,1478,1545,1587,1669,1679,1726,1809,1906,1944,2109,2174,2178,2220,2230,2250,2407,2434,2471,2721,2941,3070,3265,3266,3603,3630,3702,3703,3721,3797,4033,4112,4211,4217,4353,4492,5662,5663,5993,5994,6494,6565,6681,6682,
39;0;514;614;1;3,16,24,27,100,135,137,144,175,225,234,249,260,276,288,404,579,581,607,644,647,720,748,760,1093,1133,1207,1268,1269,1270,1273,1278,1293,1294,1295,1322,1470,1478,1545,1587,1669,1679,1726,1809,1906,1944,2109,2174,2178,2220,2230,2250,2407,2434,2471,2721,2941,3070,3265,3266,3603,3630,3702,3703,3721,3797,4033,4112,4211,4217,4353,4492,5662,5663,5993,5994,6494,6565,6681,6682,
63;0;614;643;1;3,16,24,27,100,135,137,144,175,225,234,249,260,276,288,404,579,581,607,644,647,720,748,760,1093,1133,1207,1268,1269,1270,1273,1278,1293,1294,1295,1322,1470,1478,1545,1587,1669,1679,1726,1809,1906,1944,2109,2174,2178,2220,2230,2250,2407,2434,2471,2721,2941,3070,3265,3266,3603,3630,3702,3703,3721,3797,4033,4112,4211,4217,4353,4492,5662,5663,5993,5994,6494,6565,6681,6682,
73;0;643;813;1;15,16,18,19,20,21,24,25,26,29,34,37,38,39,40,46,54,55,68,76,126,135,144,170,177,178,179,180,181,182,183,196,198,221,304,364,447,483,486,496,506,634,778,1143,1157,1196,1268,1277,1287,1290,1293,1311,1322,1343,1419,1587,1596,1914,2085,2151,2195,2196,2197,2941,3022,3348,3627,3814,3870,4044,4102,5156,5488,5489,5825,5928,6494,7786,7853,7854,
73;1;813;973;1;15,16,18,19,20,21,24,25,26,29,34,37,38,39,40,46,54,55,68,76,126,135,144,170,177,178,179,180,181,182,183,196,198,221,304,364,447,483,486,496,506,634,778,1143,1157,1196,1268,1277,1287,1290,1293,1311,1322,1343,1419,1587,1596,1914,2085,2151,2195,2196,2197,2941,3022,3348,3627,3814,3870,4044,4102,5156,5488,5489,5825,5928,6494,7786,7853,7854,
56;0;973;1053;1;15,16,18,19,20,21,24,25,26,29,34,37,38,39,40,46,54,55,68,76,126,135,144,170,177,178,179,180,181,182,183,196,198,221,304,364,447,483,486,496,506,634,778,1143,1157,1196,1268,1277,1287,1290,1293,1311,1322,1343,1419,1587,1596,1914,2085,2151,2195,2196,2197,2941,3022,3348,3627,3814,3870,4044,4102,5156,5488,5489,5825,5928,6494,7786,7853,7854,
56;1;1053;1083;1;15,16,18,19,20,21,24,25,26,29,34,37,38,39,40,46,54,55,68,76,126,135,144,170,177,178,179,180,181,182,183,196,198,221,304,364,447,483,486,496,506,634,778,1143,1157,1196,1268,1277,1287,1290,1293,1311,1322,1343,1419,1587,1596,1914,2085,2151,2195,2196,2197,2941,3022,3348,3627,3814,3870,4044,4102,5156,5488,5489,5825,5928,6494,7786,7853,7854,
112;0;1083;1098;0;15,16,18,19,20,21,24,25,26,29,34,37,38,39,40,46,54,55,68,76,126,135,144,170,177,178,179,180,181,182,183,196,198,221,304,364,447,483,486,496,506,634,778,1143,1157,1196,1268,1277,1287,1290,1293,1311,1322,1343,1419,1587,1596,1914,2085,2151,2195,2196,2197,2941,3022,3348,3627,3814,3870,4044,4102,5156,5488,5489,5825,5928,6494,7786,7853,7854,
101;0;1098;1207;1;15,16,18,19,20,21,24,25,26,29,34,37,38,39,40,46,54,55,68,76,126,135,144,170,177,178,179,180,181,182,183,196,198,221,304,364,447,483,486,496,506,634,778,1143,1157,1196,1268,1277,1287,1290,1293,1311,1322,1343,1419,1587,1596,1914,2085,2151,2195,2196,2197,2941,3022,3348,3627,3814,3870,4044,4102,5156,5488,5489,5825,5928,6494,7786,7853,7854,
101;1;1207;1251;1;15,16,18,19,20,21,24,25,26,29,34,37,38,39,40,46,54,55,68,76,126,135,144,170,177,178,179,180,181,182,183,196,198,221,304,364,447,483,486,496,506,634,778,1143,1157,1196,1268,1277,1287,1290,1293,1311,1322,1343,1419,1587,1596,1914,2085,2151,2195,2196,2197,2941,3022,3348,3627,3814,3870,4044,4102,5156,5488,5489,5825,5928,6494,7786,7853,7854,
76;0;1251;1304;1;15,16,18,19,20,21,24,25,26,29,34,37,38,39,40,46,54,55,68,76,126,135,144,170,177,178,179,180,181,182,183,196,198,221,304,364,447,483,486,496,506,634,778,1143,1157,1196,1268,1277,1287,1290,1293,1311,1322,1343,1419,1587,1596,1914,2085,2151,2195,2196,2197,2941,3022,3348,3627,3814,3870,4044,4102,5156,5488,5489,5825,5928,6494,7786,7853,7854,
42;0;1304;1465;1;15,16,18,19,20,21,24,25,26,29,34,37,38,39,40,46,54,55,68,76,126,135,144,170,177,178,179,180,181,182,183,196,198,221,304,364,447,483,486,496,506,634,778,1143,1157,1196,1268,1277,1287,1290,1293,1311,1322,1343,1419,1587,1596,1914,2085,2151,2195,2196,2197,2941,3022,3348,3627,3814,3870,4044,4102,5156,5488,5489,5825,5928,6494,7786,7853,7854,
42;1;1465;1506;1;15,16,18,19,20,21,24,25,26,29,34,37,38,39,40,46,54,55,68,76,126,135,144,170,177,178,179,180,181,182,183,196,198,221,304,364,447,483,486,496,506,634,778,1143,1157,1196,1268,1277,1287,1290,1293,1311,1322,1343,1419,1587,1596,1914,2085,2151,2195,2196,2197,2941,3022,3348,3627,3814,3870,4044,4102,5156,5488,5489,5825,5928,6494,7786,7853,7854,
14;0;1506;1542;1;15,16,18,19,20,21,24,25,26,29,34,37,38,39,40,46,54,55,68,76,126,135,144,170,177,178,179,180,181,182,183,196,198,221,304,364,447,483,486,496,506,634,778,1143,1157,1196,1268,1277,1287,1290,1293,1311,1322,1343,1419,1587,1596,1914,2085,2151,2195,2196,2197,2941,3022,3348,3627,3814,3870,4044,4102,5156,5488,5489,5825,5928,6494,7786,7853,7854,
14;1;1542;1702;1;15,16,18,19,20,21,24,25,26,29,34,37,38,39,40,46,54,55,68,76,126,135,144,170,177,178,179,180,181,182,183,196,198,221,304,364,447,483,486,496,506,634,778,1143,1157,1196,1268,1277,1287,1290,1293,1311,1322,1343,1419,1587,1596,1914,2085,2151,2195,2196,2197,2941,3022,3348,3627,3814,3870,4044,4102,5156,5488,5489,5825,5928,6494,7786,7853,7854,
81;0;1702;1743;1;15,16,17,18,19,20,21,24,25,26,29,34,37,38,39,40,46,49,52,54,55,59,68,70,76,110,111,126,135,144,170,177,178,179,180,181,182,183,196,198,221,280,304,364,447,460,483,486,496,506,627,634,635,659,778,787,956,1013,1143,1157,1196,1238,1239,1240,1241,1242,1243,1244,1245,1268,1293,1311,1322,1343,1914,2197,2941,5825,6494,7854,
81;1;1743;1895;1;15,16,17,18,19,20,21,24,25,26,29,34,37,38,39,40,46,49,52,54,55,59,68,70,76,110,111,126,135,144,170,177,178,179,180,181,182,183,196,198,221,280,304,364,447,460,483,486,496,506,627,634,635,659,778,787,956,1013,1143,1157,1196,1238,1239,1240,1241,1242,1243,1244,1245,1268,1293,1311,1322,1343,1914,2197,2941,5825,6494,7854,
65;0;1895;1919;1;15,16,17,18,19,20,21,24,25,26,28,29,34,37,38,39,40,44,45,46,49,52,54,55,59,60,68,70,76,110,111,117,126,135,144,170,177,178,179,180,181,182,196,198,280,364,413,476,494,496,614,615,616,618,778,1268,1293,1311,1322,1343,1344,1461,1718,1914,2091,2197,2326,2341,2941,3891,3956,4645,5825,6423,6494,6778,7793,7794,7795,7854,
65;1;1919;2013;1;15,16,17,18,19,20,21,24,25,26,28,29,34,37,38,39,40,44,45,46,49,52,54,55,59,60,68,70,76,110,111,117,126,135,144,170,177,178,179,180,181,182,196,198,280,364,413,476,494,496,614,615,616,618,778,1268,1293,1311,1322,1343,1344,1461,1718,1914,2091,2197,2326,2341,2941,3891,3956,4645,5825,6423,6494,6778,7793,7794,7795,7854,
11;0;2013;2033;1;15,16,17,18,19,20,21,24,25,26,28,29,34,37,38,39,40,44,45,46,49,52,54,55,59,60,68,70,76,110,111,117,126,135,144,156,196,198,280,415,448,474,494,496,510,551,609,614,615,616,778,816,962,995,1268,1293,1322,1336,1337,1338,1339,1340,1341,1342,1343,1344,1345,1346,1347,1348,1349,1350,1351,1914,2091,2197,2941,5825,6494,7854,
11;1;2033;2083;1;15,16,17,18,19,20,21,24,25,26,28,29,34,37,38,39,40,44,45,46,49,52,54,55,59,60,68,70,76,110,111,117,126,135,144,156,196,198,280,415,448,474,494,496,510,551,609,614,615,616,778,816,962,995,1268,1293,1322,1336,1337,1338,1339,1340,1341,1342,1343,1344,1345,1346,1347,1348,1349,1350,1351,1914,2091,2197,2941,5825,6494,7854,
141;0;2083;2244;0;15,16,17,18,19,20,21,22,23,24,25,26,28,34,35,36,37,38,39,40,41,42,43,44,45,46,48,49,50,51,52,53,54,55,56,57,58,59,60,61,66,68,111,117,135,144,196,198,206,248,280,354,355,356,357,427,494,496,577,609,615,616,778,995,1268,1390,1418,1657,1914,2469,2836,2837,2838,2941,4327,5825,6494,7738,7854,8782,
141;1;2244;2249;0;15,16,17,18,19,20,21,22,23,24,25,26,28,34,35,36,37,38,39,40,41,42,43,44,45,46,48,49,50,51,52,53,54,55,56,57,58,59,60,61,66,68,111,117,135,144,196,198,206,248,280,354,355,356,357,427,494,496,577,609,615,616,778,995,1268,1390,1418,1657,1914,2469,2836,2837,2838,2941,4327,5825,6494,7738,7854,8782,
109;0;2249;2401;0;15,16,17,18,19,20,21,22,23,24,25,26,28,34,35,36,37,38,39,40,41,42,43,44,45,46,48,49,50,51,52,53,54,55,56,57,58,59,60,61,66,68,111,117,135,144,196,198,206,248,280,354,355,356,357,427,494,496,577,609,615,616,778,995,1268,1390,1418,1657,1914,2469,2836,2837,2838,2941,4327,5825,6494,7738,7854,8782,
109;1;2401;2545;0;15,16,17,18,19,20,21,22,23,24,25,26,28,34,35,36,37,38,39,40,41,42,43,44,45,46,48,49,50,51,52,53,54,55,56,57,58,59,60,61,66,68,111,117,135,144,196,198,206,248,280,354,355,356,357,427,494,496,577,609,615,616,778,995,1268,1390,1418,1657,1914,2469,2836,2837,2838,2941,4327,5825,6494,7738,7854,8782,
32;0;2545;2694;1;15,16,17,18,19,20,21,22,23,24,25,26,28,34,35,36,37,38,39,40,41,42,43,44,45,46,48,49,50,51,52,53,54,55,56,57,58,59,60,61,66,68,111,117,135,144,196,198,206,248,280,354,355,356,357,427,494,496,577,609,615,616,778,995,1268,1390,1418,1657,1914,2469,2836,2837,2838,2941,4327,5825,6494,7738,7854,8782,
117;0;2694;2703;0;15,16,17,18,19,20,21,22,23,24,25,26,28,34,35,36,37,38,39,40,41,42,43,44,45,46,48,49,50,51,52,53,54,55,56,57,58,59,60,61,66,68,111,117,135,144,196,198,206,248,280,354,355,356,357,427,494,496,577,609,615,616,778,995,1268,1390,1418,1657,1914,2469,2836,2837,2838,2941,4327,5825,6494,7738,7854,8782,
106;0;2703;2860;1;15,16,17,18,19,20,21,22,23,24,25,26,28,34,35,36,37,38,39,40,41,42,43,44,45,46,48,49,50,51,52,53,54,55,56,57,58,59,60,61,66,68,111,117,135,144,196,198,206,248,280,354,355,356,357,427,494,496,577,609,615,616,778,995,1268,1390,1418,1657,1914,2469,2836,2837,2838,2941,4327,5825,6494,7738,7854,8782,
106;1;2860;2954;1;15,16,17,18,19,20,21,22,23,24,25,26,28,34,35,36,37,38,39,40,41,42,43,44,45,46,48,49,50,51,52,53,54,55,56,57,58,59,60,61,66,68,111,117,135,144,196,198,206,248,280,354,355,356,357,427,494,496,577,609,615,616,778,995,1268,1390,1418,1657,1914,2469,2836,2837,2838,2941,4327,5825,6494,7738,7854,8782,
139;0;2954;3067;0;15,16,17,18,19,20,21,22,23,24,25,26,28,34,35,36,37,38,39,40,41,42,43,44,45,46,48,49,50,51,52,53,54,55,56,57,58,59,60,61,66,68,111,117,135,144,196,198,206,248,280,354,355,356,357,427,494,496,577,609,615,616,778,995,1268,1390,1418,1657,1914,2469,2836,2837,2838,2941,4327,5825,6494,7738,7854,8782,
139;1;3067;3147;0;15,16,17,18,19,20,21,22,23,24,25,26,28,34,35,36,37,38,39,40,41,42,43,44,45,46,48,49,50,51,52,53,54,55,56,57,58,59,60,61,66,68,111,117,135,144,196,198,206,248,280,354,355,356,357,427,494,496,577,609,615,616,778,995,1268,1390,1418,1657,1914,2469,2836,2837,2838,2941,4327,5825,6494,7738,7854,8782,
67;0;3147;3246;1;15,16,17,18,19,20,21,22,23,24,25,26,28,34,35,36,37,38,39,40,41,42,43,44,45,46,48,49,50,51,52,53,54,55,56,57,58,59,60,61,66,68,111,117,135,144,196,198,206,248,280,354,355,356,357,427,494,496,577,609,615,616,778,995,1268,1390,1418,1657,1914,2469,2836,2837,2838,2941,4327,5825,6494,7738,7854,8782,
113;0;3246;3323;0;15,16,17,18,19,20,21,22,23,24,25,26,28,34,35,36,37,38,39,40,41,42,43,44,45,46,48,49,50,51,52,53,54,55,56,57,58,59,60,61,66,68,111,117,135,144,196,198,206,248,280,354,355,356,357,427,494,496,577,609,615,616,778,995,1268,1390,1418,1657,1914,2469,2836,2837,2838,2941,4327,5825,6494,7738,7854,8782,
113;1;3323;3348;0;15,16,17,18,19,20,21,22,23,24,25,26,28,34,35,36,37,38,39,40,41,42,43,44,45,46,48,49,50,51,52,53,54,55,56,57,58,59,60,61,66,68,111,117,135,144,196,198,206,248,280,354,355,356,357,427,494,496,577,609,615,616,778,995,1268,1390,1418,1657,1914,2469,2836,2837,2838,2941,4327,5825,6494,7738,7854,8782,
64;0;3348;3445;1;15,16,17,18,19,20,21,22,23,24,25,26,28,34,35,36,37,38,39,40,41,42,43,44,46,48,49,51,52,53,54,56,57,58,60,61,68,117,135,144,196,198,280,356,412,494,496,609,615,616,778,995,1195,1268,1390,1696,1914,2015,2166,2168,3098,3454,4212,4242,4327,4988,5017,5164,5165,5166,5167,5825,6494,6623,7432,7433,7434,7435,7436,7437,
64;1;3445;3487;1;15,16,17,18,19,20,21,22,23,24,25,26,28,34,35,36,37,38,39,40,41,42,43,44,46,48,49,51,52,53,54,56,57,58,60,61,68,117,135,144,196,198,280,356,412,494,496,609,615,616,778,995,1195,1268,1390,1696,1914,2015,2166,2168,3098,3454,4212,4242,4327,4988,5017,5164,5165,5166,5167,5825,6494,6623,7432,7433,7434,7435,7436,7437,
23;0;3487;3653;1;15,20,24,25,26,28,34,35,41,46,48,52,68,78,95,135,144,196,335,337,490,549,637,692,734,766,805,843,995,1201,1268,1292,1529,2064,2078,2161,2171,2263,2273,2274,2275,2276,2277,2278,2338,2421,2548,2627,2657,2692,2844,2986,3766,3775,4136,4327,4376,5402,5484,5485,5682,5825,6235,6488,7362,7363,7364,7365,7366,7369,7399,7594,8551,8557,8559,8644,9115,9116,9117,9118,
72;0;3653;3778;1;15,20,24,25,26,28,34,35,41,46,48,52,68,78,95,135,144,196,335,337,490,549,637,692,734,766,805,843,995,1201,1268,1292,1529,2064,2078,2161,2171,2263,2273,2274,2275,2276,2277,2278,2338,2421,2548,2627,2657,2692,2844,2986,3766,3775,4136,4327,4376,5402,5484,5485,5682,5825,6235,6488,7362,7363,7364,7365,7366,7369,7399,7594,8551,8557,8559,8644,9115,9116,9117,9118,
72;1;3778;3928;1;15,20,24,25,26,28,34,35,41,46,48,52,68,78,95,135,144,196,335,337,490,549,637,692,734,766,805,843,995,1201,1268,1292,1529,2064,2078,2161,2171,2263,2273,2274,2275,2276,2277,2278,2338,2421,2548,2627,2657,2692,2844,2986,3766,3775,4136,4327,4376,5402,5484,5485,5682,5825,6235,6488,7362,7363,7364,7365,7366,7369,7399,7594,8551,8557,8559,8644,9115,9116,9117,9118,
105;0;3928;4100;1;15,20,24,25,26,28,34,35,41,46,48,52,68,78,95,135,144,196,335,337,490,549,637,692,734,766,805,843,995,1201,1268,1292,1529,2064,2078,2161,2171,2263,2273,2274,2275,2276,2277,2278,2338,2421,2548,2627,2657,2692,2844,2986,3766,3775,4136,4327,4376,5402,5484,5485,5682,5825,6235,6488,7362,7363,7364,7365,7366,7369,7399,7594,8551,8557,8559,8644,9115,9116,9117,9118,
7;0;4100;4187;1;15,20,24,25,26,28,34,35,41,46,48,52,68,78,95,135,144,196,335,337,490,549,637,692,734,766,805,843,995,1201,1268,1292,1529,2064,2078,2161,2171,2263,2273,2274,2275,2276,2277,2278,2338,2421,2548,2627,2657,2692,2844,2986,3766,3775,4136,4327,4376,5402,5484,5485,5682,5825,6235,6488,7362,7363,7364,7365,7366,7369,7399,7594,8551,8557,8559,8644,9115,9116,9117,9118,
75;0;4187;4310;1;15,20,24,25,26,28,34,35,41,46,48,52,68,78,95,135,144,196,335,337,490,549,637,692,734,766,805,843,995,1201,1268,1292,1529,2064,2078,2161,2171,2263,2273,2274,2275,2276,2277,2278,2338,2421,2548,2627,2657,2692,2844,2986,3766,3775,4136,4327,4376,5402,5484,5485,5682,5825,6235,6488,7362,7363,7364,7365,7366,7369,7399,7594,8551,8557,8559,8644,9115,9116,9117,9118,
75;1;4310;4322;1;15,20,24,25,26,28,34,35,41,46,48,52,68,78,95,135,144,196,335,337,490,549,637,692,734,766,805,843,995,1201,1268,1292,1529,2064,2078,2161,2171,2263,2273,2274,2275,2276,2277,2278,2338,2421,2548,2627,2657,2692,2844,2986,3766,3775,4136,4327,4376,5402,5484,5485,5682,5825,6235,6488,7362,7363,7364,7365,7366,7369,7399,7594,8551,8557,8559,8644,9115,9116,9117,9118,
108;0;4322;4472;1;15,20,24,25,26,28,34,35,41,46,48,52,68,78,95,135,144,196,335,337,490,549,637,692,734,766,805,843,995,1201,1268,1292,1529,2064,2078,2161,2171,2263,2273,2274,2275,2276,2277,2278,2338,2421,2548,2627,2657,2692,2844,2986,3766,3775,4136,4327,4376,5402,5484,5485,5682,5825,6235,6488,7362,7363,7364,7365,7366,7369,7399,7594,8551,8557,8559,8644,9115,9116,9117,9118,
108;1;4472;4624;1;15,20,24,25,26,28,34,35,41,46,48,52,68,78,95,135,144,196,335,337,490,549,637,692,734,766,805,843,995,1201,1268,1292,1529,2064,2078,2161,2171,2263,2273,2274,2275,2276,2277,2278,2338,2421,2548,2627,2657,2692,2844,2986,3766,3775,4136,4327,4376,5402,5484,5485,5682,5825,6235,6488,7362,7363,7364,7365,7366,7369,7399,7594,8551,8557,8559,8644,9115,9116,9117,9118,
91;0;4624;4645;1;15,20,24,25,26,28,34,35,41,46,48,52,68,78,95,135,144,196,335,337,490,549,637,692,734,766,805,843,995,1201,1268,1292,1529,2064,2078,2161,2171,2263,2273,2274,2275,2276,2277,2278,2338,2421,2548,2627,2657,2692,2844,2986,3766,3775,4136,4327,4376,5402,5484,5485,5682,5825,6235,6488,7362,7363,7364,7365,7366,7369,7399,7594,8551,8557,8559,8644,9115,9116,9117,9118,
9;0;4645;4788;1;15,20,24,25,26,28,34,35,41,46,48,52,68,78,95,135,144,196,335,337,490,549,637,692,734,766,805,843,995,1201,1268,1292,1529,2064,2078,2161,2171,2263,2273,2274,2275,2276,2277,2278,2338,2421,2548,2627,2657,2692,2844,2986,3766,3775,4136,4327,4376,5402,5484,5485,5682,5825,6235,6488,7362,7363,7364,7365,7366,7369,7399,7594,8551,8557,8559,8644,9115,9116,9117,9118,
9;1;4788;4889;1;15,20,24,25,26,28,34,35,41,46,48,52,68,78,95,135,144,196,335,337,490,549,637,692,734,766,805,843,995,1201,1268,1292,1529,2064,2078,2161,2171,2263,2273,2274,2275,2276,2277,2278,2338,2421,2548,2627,2657,2692,2844,2986,3766,3775,4136,4327,4376,5402,5484,5485,5682,5825,6235,6488,7362,7363,7364,7365,7366,7369,7399,7594,8551,8557,8559,8644,9115,9116,9117,9118,
83;0;4889;5017;1;1,2,3,4,5,6,7,8,9,10,11,12,13,35,68,86,87,90,95,96,101,135,144,149,150,196,202,225,321,342,345,346,347,351,374,395,569,647,741,769,773,844,854,855,858,945,995,1044,1134,1163,1178,1361,1478,1669,1675,1693,1809,1853,1920,1922,1984,1989,2216,2223,2263,2334,2518,2522,2523,2524,2527,2825,2826,2827,2828,3710,4535,5402,6223,6224,
83;1;5017;5165;1;1,2,3,4,5,6,7,8,9,10,11,12,13,35,68,86,87,90,95,96,101,135,144,149,150,196,202,225,321,342,345,346,347,351,374,395,569,647,741,769,773,844,854,855,858,945,995,1044,1134,1163,1178,1361,1478,1669,1675,1693,1809,1853,1920,1922,1984,1989,2216,2223,2263,2334,2518,2522,2523,2524,2527,2825,2826,2827,2828,3710,4535,5402,6223,6224,
74;0;5165;5184;1;1,2,3,4,5,6,7,8,9,10,11,12,13,35,68,86,87,90,95,96,101,135,144,149,150,196,202,225,321,342,345,346,347,351,374,395,569,647,741,769,773,844,854,855,858,945,995,1044,1134,1163,1178,1361,1478,1669,1675,1693,1809,1853,1920,1922,1984,1989,2216,2223,2263,2334,2518,2522,2523,2524,2527,2825,2826,2827,2828,3710,4535,5402,6223,6224,
74;1;5184;5321;1;1,2,3,4,5,6,7,8,9,10,11,12,13,35,68,86,87,90,95,96,101,135,144,149,150,196,202,225,321,342,345,346,347,351,374,395,569,647,741,769,773,844,854,855,858,945,995,1044,1134,1163,1178,1361,1478,1669,1675,1693,1809,1853,1920,1922,1984,1989,2216,2223,2263,2334,2518,2522,2523,2524,2527,2825,2826,2827,2828,3710,4535,5402,6223,6224,
38;0;5321;5457;1;1,2,3,4,5,6,7,8,9,10,11,12,13,35,68,86,87,90,95,96,101,135,144,149,150,196,202,225,321,342,345,346,347,351,374,395,569,647,741,769,773,844,854,855,858,945,995,1044,1134,1163,1178,1361,1478,1669,1675,1693,1809,1853,1920,1922,1984,1989,2216,2223,2263,2334,2518,2522,2523,2524,2527,2825,2826,2827,2828,3710,4535,5402,6223,6224,
38;1;5457;5511;1;1,2,3,4,5,6,7,8,9,10,11,12,13,35,68,86,87,90,95,96,101,135,144,149,150,196,202,225,321,342,345,346,347,351,374,395,569,647,741,769,773,844,854,855,858,945,995,1044,1134,1163,1178,1361,1478,1669,1675,1693,1809,1853,1920,1922,1984,1989,2216,2223,2263,2334,2518,2522,2523,2524,2527,2825,2826,2827,2828,3710,4535,5402,6223,6224,
107;0;5511;5612;1;1,2,3,4,5,6,7,8,9,10,11,12,13,35,68,86,87,90,95,96,101,135,144,149,150,196,202,225,321,342,345,346,347,351,374,395,569,647,741,769,773,844,854,855,858,945,995,1044,1134,1163,1178,1361,1478,1669,1675,1693,1809,1853,1920,1922,1984,1989,2216,2223,2263,2334,2518,2522,2523,2524,2527,2825,2826,2827,2828,3710,4535,5402,6223,6224,
107;1;5612;5777;1;1,2,3,4,5,6,7,8,9,10,11,12,13,35,68,86,87,90,95,96,101,135,144,149,150,196,202,225,321,342,345,346,347,351,374,395,569,647,741,769,773,844,854,855,858,945,995,1044,1134,1163,1178,1361,1478,1669,1675,1693,1809,1853,1920,1922,1984,1989,2216,2223,2263,2334,2518,2522,2523,2524,2527,2825,2826,2827,2828,3710,4535,5402,6223,6224,
58;0;5777;5858;1;1,2,3,4,5,6,7,8,9,10,11,12,13,35,68,86,87,90,95,96,101,135,144,149,150,196,202,225,321,342,345,346,347,351,374,395,569,647,741,769,773,844,854,855,858,945,995,1044,1134,1163,1178,1361,1478,1669,1675,1693,1809,1853,1920,1922,1984,1989,2216,2223,2263,2334,2518,2522,2523,2524,2527,2825,2826,2827,2828,3710,4535,5402,6223,6224,
92;0;5858;5971;1;1,2,3,4,5,6,7,8,9,10,11,12,13,35,68,86,87,90,95,96,101,135,137,144,145,146,149,150,196,225,262,288,295,321,351,377,395,429,647,773,838,852,854,855,891,926,949,1118,1134,1163,1165,1361,1476,1478,1540,1920,1922,1973,2223,2247,2263,2583,2587,2904,3634,4424,4535,4658,5050,5251,5402,5452,5695,5696,5697,5698,5699,5700,5701,5702,
92;1;5971;6064;1;1,2,3,4,5,6,7,8,9,10,11,12,13,35,68,86,87,90,95,96,101,135,137,144,145,146,149,150,196,225,262,288,295,321,351,377,395,429,647,773,838,852,854,855,891,926,949,1118,1134,1163,1165,1361,1476,1478,1540,1920,1922,1973,2223,2247,2263,2583,2587,2904,3634,4424,4535,4658,5050,5251,5402,5452,5695,5696,5697,5698,5699,5700,5701,5702,
55;0;6064;6144;1;1,2,3,4,5,6,7,8,9,10,11,12,13,35,68,86,87,90,95,96,101,135,137,144,145,149,225,262,288,295,308,321,351,390,391,395,429,647,773,838,854,855,891,926,938,949,1117,1118,1134,1145,1146,1147,1148,1163,1164,1165,1166,1167,1168,1169,1170,1171,1172,1173,1174,1175,1176,1177,1361,1476,1478,1920,1922,1973,2223,2247,2263,4535,4658,5402,
55;1;6144;6211;1;1,2,3,4,5,6,7,8,9,10,11,12,13,35,68,86,87,90,95,96,101,135,137,144,145,149,225,262,288,295,308,321,351,390,391,395,429,647,773,838,854,855,891,926,938,949,1117,1118,1134,1145,1146,1147,1148,1163,1164,1165,1166,1167,1168,1169,1170,1171,1172,1173,1174,1175,1176,1177,1361,1476,1478,1920,1922,1973,2223,2247,2263,4535,4658,5402,
98;0;6211;6312;1;1,2,3,4,5,6,7,8,9,10,11,12,35,68,86,90,95,100,135,137,144,145,149,225,262,288,295,321,351,390,391,395,429,647,765,773,838,854,855,926,949,1118,1134,1146,1147,1163,1171,1361,1476,1478,1674,1768,1920,1922,1973,2223,2247,2263,2602,2625,2626,2630,2631,2636,2637,2640,2647,2650,2653,2654,2661,2698,2699,2714,2733,2750,2756,4535,4658,5402,
98;1;6312;6457;1;1,2,3,4,5,6,7,8,9,10,11,12,35,68,86,90,95,100,135,137,144,145,149,225,262,288,295,321,351,390,391,395,429,647,765,773,838,854,855,926,949,1118,1134,1146,1147,1163,1171,1361,1476,1478,1674,1768,1920,1922,1973,2223,2247,2263,2602,2625,2626,2630,2631,2636,2637,2640,2647,2650,2653,2654,2661,2698,2699,2714,2733,2750,2756,4535,4658,5402,
136;0;6457;6621;0;2,3,4,6,8,10,35,68,86,95,135,137,139,144,145,149,225,262,288,290,301,321,341,390,391,395,396,397,404,429,694,764,765,855,948,949,1052,1118,1134,1146,1147,1163,1203,1232,1236,1358,1417,1473,1474,1478,1521,1674,1884,1920,1922,2222,2223,2263,2318,2547,2588,2631,2644,2653,2821,2898,3447,4088,4310,4472,4535,4553,4981,5257,5274,5402,5454,5849,6000,7946,
136;1;6621;6683;0;2,3,4,6,8,10,35,68,86,95,135,137,139,144,145,149,225,262,288,290,301,321,341,390,391,395,396,397,404,429,694,764,765,855,948,949,1052,1118,1134,1146,1147,1163,1203,1232,1236,1358,1417,1473,1474,1478,1521,1674,1884,1920,1922,2222,2223,2263,2318,2547,2588,2631,2644,2653,2821,2898,3447,4088,4310,4472,4535,4553,4981,5257,5274,5402,5454,5849,6000,7946,
40;0;6683;6750;1;2,3,4,6,8,10,35,68,86,95,135,137,139,144,145,149,225,262,288,290,301,321,341,390,391,395,396,397,404,429,694,764,765,855,948,949,1052,1118,1134,1146,1147,1163,1203,1232,1236,1358,1417,1473,1474,1478,1521,1674,1884,1920,1922,2222,2223,2263,2318,2547,2588,2631,2644,2653,2821,2898,3447,4088,4310,4472,4535,4553,4981,5257,5274,5402,5454,5849,6000,7946,
40;1;6750;6895;1;2,3,4,6,8,10,35,68,86,95,135,137,139,144,145,149,225,262,288,290,301,321,341,390,391,395,396,397,404,429,694,764,765,855,948,949,1052,1118,1134,1146,1147,1163,1203,1232,1236,1358,1417,1473,1474,1478,1521,1674,1884,1920,1922,2222,2223,2263,2318,2547,2588,2631,2644,2653,2821,2898,3447,4088,4310,4472,4535,4553,4981,5257,5274,5402,5454,5849,6000,7946,
16;0;6895;6931;1;2,3,4,6,8,10,35,68,86,95,135,137,139,144,145,149,225,262,288,290,301,321,341,390,391,395,396,397,404,429,694,764,765,855,948,949,1052,1118,1134,1146,1147,1163,1203,1232,1236,1358,1417,1473,1474,1478,1521,1674,1884,1920,1922,2222,2223,2263,2318,2547,2588,2631,2644,2653,2821,2898,3447,4088,4310,4472,4535,4553,4981,5257,5274,5402,5454,5849,6000,7946,
16;1;6931;7029;1;2,3,4,6,8,10,35,68,86,95,135,137,139,144,145,149,225,262,288,290,301,321,341,390,391,395,396,397,404,429,694,764,765,855,948,949,1052,1118,1134,1146,1147,1163,1203,1232,1236,1358,1417,1473,1474,1478,1521,1674,1884,1920,1922,2222,2223,2263,2318,2547,2588,2631,2644,2653,2821,2898,3447,4088,4310,4472,4535,4553,4981,5257,5274,5402,5454,5849,6000,7946,
89;0;7029;7113;1;2,3,4,6,8,10,35,68,86,95,135,137,139,144,145,149,225,262,288,290,301,321,341,390,391,395,396,397,404,429,694,764,765,855,948,949,1052,1118,1134,1146,1147,1163,1203,1232,1236,1358,1417,1473,1474,1478,1521,1674,1884,1920,1922,2222,2223,2263,2318,2547,2588,2631,2644,2653,2821,2898,3447,4088,4310,4472,4535,4553,4981,5257,5274,5402,5454,5849,6000,7946,
69;0;7113;7143;1;2,3,4,6,8,10,35,68,86,95,135,137,139,144,145,149,225,262,288,290,301,321,341,390,391,395,396,397,404,429,694,764,765,855,948,949,1052,1118,1134,1146,1147,1163,1203,1232,1236,1358,1417,1473,1474,1478,1521,1674,1884,1920,1922,2222,2223,2263,2318,2547,2588,2631,2644,2653,2821,2898,3447,4088,4310,4472,4535,4553,4981,5257,5274,5402,5454,5849,6000,7946,
69;1;7143;7258;1;2,3,4,6,8,10,35,68,86,95,135,137,139,144,145,149,225,262,288,290,301,321,341,390,391,395,396,397,404,429,694,764,765,855,948,949,1052,1118,1134,1146,1147,1163,1203,1232,1236,1358,1417,1473,1474,1478,1521,1674,1884,1920,1922,2222,2223,2263,2318,2547,2588,2631,2644,2653,2821,2898,3447,4088,4310,4472,4535,4553,4981,5257,5274,5402,5454,5849,6000,7946,
128;0;7258;7313;0;2,3,4,6,8,10,35,68,86,95,135,137,139,144,145,149,225,262,288,290,301,321,341,390,391,395,396,397,404,429,694,764,765,855,948,949,1052,1118,1134,1146,1147,1163,1203,1232,1236,1358,1417,1473,1474,1478,1521,1674,1884,1920,1922,2222,2223,2263,2318,2547,2588,2631,2644,2653,2821,2898,3447,4088,4310,4472,4535,4553,4981,5257,5274,5402,5454,5849,6000,7946,
128;1;7313;7402;0;2,3,4,6,8,10,35,68,86,95,135,137,139,144,145,149,225,262,288,290,301,321,341,390,391,395,396,397,404,429,694,764,765,855,948,949,1052,1118,1134,1146,1147,1163,1203,1232,1236,1358,1417,1473,1474,1478,1521,1674,1884,1920,1922,2222,2223,2263,2318,2547,2588,2631,2644,2653,2821,2898,3447,4088,4310,4472,4535,4553,4981,5257,5274,5402,5454,5849,6000,7946,
3;0;7402;7414;1;2,3,4,6,8,10,35,68,86,95,135,137,139,144,145,149,225,262,288,290,301,321,341,390,391,395,396,397,404,429,694,764,765,855,948,949,1052,1118,1134,1146,1147,1163,1203,1232,1236,1358,1417,1473,1474,1478,1521,1674,1884,1920,1922,2222,2223,2263,2318,2547,2588,2631,2644,2653,2821,2898,3447,4088,4310,4472,4535,4553,4981,5257,5274,5402,5454,5849,6000,7946,
20;0;7414;7514;1;2,3,4,6,8,10,35,68,86,95,135,137,139,144,145,149,198,225,262,288,290,301,321,341,390,391,395,396,397,404,429,614,694,765,778,855,948,949,1118,1147,1163,1236,1297,1473,1474,1478,1784,1884,1920,1922,2197,2223,2263,2339,2346,2347,2577,2653,2805,2875,3701,4356,4553,5392,5791,6966,8332,8400,8401,8651,8863,8864,8865,8866,8867,8868,8869,8870,8871,8872,
20;1;7514;7594;1;2,3,4,6,8,10,35,68,86,95,135,137,139,144,145,149,198,225,262,288,290,301,321,341,390,391,395,396,397,404,429,614,694,765,778,855,948,949,1118,1147,1163,1236,1297,1473,1474,1478,1784,1884,1920,1922,2197,2223,2263,2339,2346,2347,2577,2653,2805,2875,3701,4356,4553,5392,5791,6966,8332,8400,8401,8651,8863,8864,8865,8866,8867,8868,8869,8870,8871,8872,
30;0;7594;7766;1;3,8,15,16,17,19,24,26,34,35,38,40,41,42,44,49,56,58,60,61,68,86,95,135,137,139,144,145,149,225,262,280,281,288,290,301,321,390,395,429,481,505,694,765,778,855,948,949,994,1118,1147,1163,1183,1236,1473,1474,1478,1634,1635,1636,1637,1638,1639,1640,1641,1642,1643,1644,1645,1646,1647,1648,1649,1884,1920,1922,2223,2653,4553,5392,
30;1;7766;7855;1;3,8,15,16,17,19,24,26,34,35,38,40,41,42,44,49,56,58,60,61,68,86,95,135,137,139,144,145,149,225,262,280,281,288,290,301,321,390,395,429,481,505,694,765,778,855,948,949,994,1118,1147,1163,1183,1236,1473,1474,1478,1634,1635,1636,1637,1638,1639,1640,1641,1642,1643,1644,1645,1646,1647,1648,1649,1884,1920,1922,2223,2653,4553,5392,
52;0;7855;8002;1;3,86,95,97,130,135,139,144,149,225,262,276,294,301,333,395,645,667,765,773,835,855,948,1019,1022,1058,1118,1147,1233,1236,1478,1481,1556,1749,2465,2628,2653,3915,3925,4016,4017,4018,4019,4039,4369,4536,4553,4937,5537,5798,6099,6529,6530,6850,7692,7693,7694,7695,7696,7697,7698,7699,7700,7701,7702,7703,7704,7705,7706,7707,7708,7893,8122,8135,8137,8138,8142,8143,8283,8372,
85;0;8002;8111;1;3,86,95,97,130,135,139,144,149,225,262,276,294,301,333,395,645,667,765,773,835,855,948,1019,1022,1058,1118,1147,1233,1236,1478,1481,1556,1749,2465,2628,2653,3915,3925,4016,4017,4018,4019,4039,4369,4536,4553,4937,5537,5798,6099,6529,6530,6850,7692,7693,7694,7695,7696,7697,7698,7699,7700,7701,7702,7703,7704,7705,7706,7707,7708,7893,8122,8135,8137,8138,8142,8143,8283,8372,
0;0;8111;8155;1;3,86,95,97,130,135,139,144,149,225,262,276,294,301,333,395,645,667,765,773,835,855,948,1019,1022,1058,1118,1147,1233,1236,1478,1481,1556,1749,2465,2628,2653,3915,3925,4016,4017,4018,4019,4039,4369,4536,4553,4937,5537,5798,6099,6529,6530,6850,7692,7693,7694,7695,7696,7697,7698,7699,7700,7701,7702,7703,7704,7705,7706,7707,7708,7893,8122,8135,8137,8138,8142,8143,8283,8372,
0;1;8155;8205;1;3,86,95,97,130,135,139,144,149,225,262,276,294,301,333,395,645,667,765,773,835,855,948,1019,1022,1058,1118,1147,1233,1236,1478,1481,1556,1749,2465,2628,2653,3915,3925,4016,4017,4018,4019,4039,4369,4536,4553,4937,5537,5798,6099,6529,6530,6850,7692,7693,7694,7695,7696,7697,7698,7699,7700,7701,7702,7703,7704,7705,7706,7707,7708,7893,8122,8135,8137,8138,8142,8143,8283,8372,
80;0;8205;8213;1;3,86,95,97,130,135,139,144,149,225,262,276,294,301,333,395,645,667,765,773,835,855,948,1019,1022,1058,1118,1147,1233,1236,1478,1481,1556,1749,2465,2628,2653,3915,3925,4016,4017,4018,4019,4039,4369,4536,4553,4937,5537,5798,6099,6529,6530,6850,7692,7693,7694,7695,7696,7697,7698,7699,7700,7701,7702,7703,7704,7705,7706,7707,7708,7893,8122,8135,8137,8138,8142,8143,8283,8372,
80;1;8213;8236;1;3,86,95,97,130,135,139,144,149,225,262,276,294,301,333,395,645,667,765,773,835,855,948,1019,1022,1058,1118,1147,1233,1236,1478,1481,1556,1749,2465,2628,2653,3915,3925,4016,4017,4018,4019,4039,4369,4536,4553,4937,5537,5798,6099,6529,6530,6850,7692,7693,7694,7695,7696,7697,7698,7699,7700,7701,7702,7703,7704,7705,7706,7707,7708,7893,8122,8135,8137,8138,8142,8143,8283,8372,
90;0;8236;8296;1;3,86,95,97,130,135,139,144,149,225,262,276,294,301,333,395,645,667,765,773,835,855,948,1019,1022,1058,1118,1147,1233,1236,1478,1481,1556,1749,2465,2628,2653,3915,3925,4016,4017,4018,4019,4039,4369,4536,4553,4937,5537,5798,6099,6529,6530,6850,7692,7693,7694,7695,7696,7697,7698,7699,7700,7701,7702,7703,7704,7705,7706,7707,7708,7893,8122,8135,8137,8138,8142,8143,8283,8372,
22;0;8296;8456;1;3,86,95,97,130,135,139,144,149,225,262,276,294,301,333,395,645,667,765,773,835,855,948,1019,1022,1058,1118,1147,1233,1236,1478,1481,1556,1749,2465,2628,2653,3915,3925,4016,4017,4018,4019,4039,4369,4536,4553,4937,5537,5798,6099,6529,6530,6850,7692,7693,7694,7695,7696,7697,7698,7699,7700,7701,7702,7703,7704,7705,7706,7707,7708,7893,8122,8135,8137,8138,8142,8143,8283,8372,
22;1;8456;8608;1;3,86,95,97,130,135,139,144,149,225,262,276,294,301,333,395,645,667,765,773,835,855,948,1019,1022,1058,1118,1147,1233,1236,1478,1481,1556,1749,2465,2628,2653,3915,3925,4016,4017,4018,4019,4039,4369,4536,4553,4937,5537,5798,6099,6529,6530,6850,7692,7693,7694,7695,7696,7697,7698,7699,7700,7701,7702,7703,7704,7705,7706,7707,7708,7893,8122,8135,8137,8138,8142,8143,8283,8372,
END
fineshedJobsCount: 191
switchs: 1137
switchsInstances: 30
unfineshedPriorityCount: 6
totalUnfineshed: 37
criticalMachineSwitchs: 581
criticalMachineTime: 8608
Final Solution: 4113
Time: 318627
