./input/MyInstancesDiferentToolSets/n=499,p=0.25,r=0.5,t=748,v0.csv;./input/ToolSetInt.csv
7;720;1440
Machine: 0
374;0;0;101;1;27,55,135,144,145,189,198,225,231,247,251,274,277,336,404,429,490,518,549,557,565,576,640,647,677,734,765,855,856,1015,1117,1270,1277,1293,1304,1322,1339,1463,1478,1479,1481,1920,1922,2154,2231,2305,2645,2689,3715,3739,3811,3831,3870,4220,4327,4334,4437,4664,4912,5290,5976,6340,6360,7026,7831,8119,8219,8289,8379,8380,8383,8384,8386,8387,8388,8389,8390,8468,8469,9158,
17;0;101;177;0;27,55,135,144,145,189,198,225,231,247,251,274,277,336,404,429,490,518,549,557,565,576,640,647,677,734,765,855,856,1015,1117,1270,1277,1293,1304,1322,1339,1463,1478,1479,1481,1920,1922,2154,2231,2305,2645,2689,3715,3739,3811,3831,3870,4220,4327,4334,4437,4664,4912,5290,5976,6340,6360,7026,7831,8119,8219,8289,8379,8380,8383,8384,8386,8387,8388,8389,8390,8468,8469,
92;1;177;341;0;27,55,135,144,145,189,198,225,231,247,251,274,277,336,404,429,490,518,549,557,565,576,640,647,677,734,765,855,856,1015,1117,1270,1277,1293,1304,1322,1339,1463,1478,1479,1481,1920,1922,2154,2231,2305,2645,2689,3715,3739,3811,3831,3870,4220,4327,4334,4437,4664,4912,5290,5976,6340,6360,7026,7831,8119,8219,8289,8379,8380,8383,8384,8386,8387,8388,8389,8390,8468,8469,
101;0;341;391;1;27,55,135,144,145,189,198,225,231,247,251,274,277,336,404,429,490,518,549,557,565,576,640,647,677,734,765,855,856,1015,1117,1270,1277,1293,1304,1322,1339,1463,1478,1479,1481,1920,1922,2154,2231,2305,2645,2689,3715,3739,3811,3831,3870,4220,4327,4334,4437,4664,4912,5290,5976,6340,6360,7026,7831,8119,8219,8289,8379,8380,8383,8384,8386,8387,8388,8389,8390,8468,8469,
93;1;391;395;1;27,55,135,144,145,189,198,225,231,247,251,274,277,336,404,429,490,518,549,557,565,576,640,647,677,734,765,855,856,1015,1117,1270,1277,1293,1304,1322,1339,1463,1478,1479,1481,1920,1922,2154,2231,2305,2645,2689,3715,3739,3811,3831,3870,4220,4327,4334,4437,4664,4912,5290,5976,6340,6360,7026,7831,8119,8219,8289,8379,8380,8383,8384,8386,8387,8388,8389,8390,8468,8469,
74;0;395;478;1;27,55,135,144,145,189,198,225,231,247,251,274,277,336,404,429,490,518,549,557,565,576,640,647,677,734,765,855,856,1015,1117,1270,1277,1293,1304,1322,1339,1463,1478,1479,1481,1920,1922,2154,2231,2305,2645,2689,3715,3739,3811,3831,3870,4220,4327,4334,4437,4664,4912,5290,5976,6340,6360,7026,7831,8119,8219,8289,8379,8380,8383,8384,8386,8387,8388,8389,8390,8468,8469,
149;1;478;558;0;27,55,135,144,145,189,198,225,231,247,251,274,277,336,404,429,490,518,549,557,565,576,640,647,677,734,765,855,856,1015,1117,1270,1277,1293,1304,1322,1339,1463,1478,1479,1481,1920,1922,2154,2231,2305,2645,2689,3715,3739,3811,3831,3870,4220,4327,4334,4437,4664,4912,5290,5976,6340,6360,7026,7831,8119,8219,8289,8379,8380,8383,8384,8386,8387,8388,8389,8390,8468,8469,
477;0;558;669;0;27,55,135,144,145,189,198,225,231,247,251,274,277,336,404,429,490,518,549,557,565,576,640,647,677,734,765,855,856,1015,1117,1270,1277,1293,1304,1322,1339,1463,1478,1479,1481,1920,1922,2154,2231,2305,2645,2689,3715,3739,3811,3831,3870,4220,4327,4334,4437,4664,4912,5290,5976,6340,6360,7026,7831,8119,8219,8289,8379,8380,8383,8384,8386,8387,8388,8389,8390,8468,8469,
473;0;669;696;1;27,55,135,144,145,189,198,225,231,247,251,274,277,336,404,429,490,518,549,557,565,576,640,647,677,734,765,855,856,1015,1117,1270,1277,1293,1304,1322,1339,1463,1478,1479,1481,1920,1922,2154,2231,2305,2645,2689,3715,3739,3811,3831,3870,4220,4327,4334,4437,4664,4912,5290,5976,6340,6360,7026,7831,8119,8219,8289,8379,8380,8383,8384,8386,8387,8388,8389,8390,8468,8469,
42;0;696;868;0;27,55,135,144,145,189,198,225,231,247,251,274,277,336,404,429,490,518,549,557,565,576,640,647,677,734,765,855,856,1015,1117,1270,1277,1293,1304,1322,1339,1463,1478,1479,1481,1920,1922,2154,2231,2305,2645,2689,3715,3739,3811,3831,3870,4220,4327,4334,4437,4664,4912,5290,5976,6340,6360,7026,7831,8119,8219,8289,8379,8380,8383,8384,8386,8387,8388,8389,8390,8468,8469,
106;0;868;889;1;27,55,135,144,145,189,198,225,231,247,251,274,277,336,404,429,490,518,549,557,565,576,640,647,677,734,765,855,856,1015,1117,1270,1277,1293,1304,1322,1339,1463,1478,1479,1481,1920,1922,2154,2231,2305,2645,2689,3715,3739,3811,3831,3870,4220,4327,4334,4437,4664,4912,5290,5976,6340,6360,7026,7831,8119,8219,8289,8379,8380,8383,8384,8386,8387,8388,8389,8390,8468,8469,
122;0;889;909;0;27,55,135,144,145,189,198,225,231,247,251,274,277,336,404,429,490,518,549,557,565,576,640,647,677,734,765,855,856,1015,1117,1270,1277,1293,1304,1322,1339,1463,1478,1479,1481,1920,1922,2154,2231,2305,2645,2689,3715,3739,3811,3831,3870,4220,4327,4334,4437,4664,4912,5290,5976,6340,6360,7026,7831,8119,8219,8289,8379,8380,8383,8384,8386,8387,8388,8389,8390,8468,8469,
25;1;909;1082;1;27,55,135,144,145,189,198,225,231,247,251,274,277,336,404,429,490,518,549,557,565,576,640,647,677,734,765,855,856,1015,1117,1270,1277,1293,1304,1322,1339,1463,1478,1479,1481,1920,1922,2154,2231,2305,2645,2689,3715,3739,3811,3831,3870,4220,4327,4334,4437,4664,4912,5290,5976,6340,6360,7026,7831,8119,8219,8289,8379,8380,8383,8384,8386,8387,8388,8389,8390,8468,8469,
40;1;1082;1158;0;27,55,135,144,145,189,198,225,231,247,251,274,277,336,404,429,490,518,549,557,565,576,640,647,677,734,765,855,856,1015,1117,1270,1277,1293,1304,1322,1339,1463,1478,1479,1481,1920,1922,2154,2231,2305,2645,2689,3715,3739,3811,3831,3870,4220,4327,4334,4437,4664,4912,5290,5976,6340,6360,7026,7831,8119,8219,8289,8379,8380,8383,8384,8386,8387,8388,8389,8390,8468,8469,
30;1;1158;1210;1;27,55,135,144,145,189,198,225,231,247,251,274,277,336,404,429,490,518,549,557,565,576,640,647,677,734,765,855,856,1015,1117,1270,1277,1293,1304,1322,1339,1463,1478,1479,1481,1920,1922,2154,2231,2305,2645,2689,3715,3739,3811,3831,3870,4220,4327,4334,4437,4664,4912,5290,5976,6340,6360,7026,7831,8119,8219,8289,8379,8380,8383,8384,8386,8387,8388,8389,8390,8468,8469,
104;1;1210;1251;0;27,55,135,144,145,189,198,225,231,247,251,274,277,336,404,429,490,518,549,557,565,576,640,647,677,734,765,855,856,1015,1117,1270,1277,1293,1304,1322,1339,1463,1478,1479,1481,1920,1922,2154,2231,2305,2645,2689,3715,3739,3811,3831,3870,4220,4327,4334,4437,4664,4912,5290,5976,6340,6360,7026,7831,8119,8219,8289,8379,8380,8383,8384,8386,8387,8388,8389,8390,8468,8469,
8;0;1251;1276;0;27,55,135,144,145,189,198,225,231,247,251,274,277,336,404,429,490,518,549,557,565,576,640,647,677,734,765,855,856,1015,1117,1270,1277,1293,1304,1322,1339,1463,1478,1479,1481,1920,1922,2154,2231,2305,2645,2689,3715,3739,3811,3831,3870,4220,4327,4334,4437,4664,4912,5290,5976,6340,6360,7026,7831,8119,8219,8289,8379,8380,8383,8384,8386,8387,8388,8389,8390,8468,8469,
54;0;1276;1306;0;27,55,135,144,145,189,198,225,231,247,251,274,277,336,404,429,490,518,549,557,565,576,640,647,677,734,765,855,856,1015,1117,1270,1277,1293,1304,1322,1339,1463,1478,1479,1481,1920,1922,2154,2231,2305,2645,2689,3715,3739,3811,3831,3870,4220,4327,4334,4437,4664,4912,5290,5976,6340,6360,7026,7831,8119,8219,8289,8379,8380,8383,8384,8386,8387,8388,8389,8390,8468,8469,
122;1;1306;1396;0;27,55,135,144,145,189,198,225,231,247,251,274,277,336,404,429,490,518,549,557,565,576,640,647,677,734,765,855,856,1015,1117,1270,1277,1293,1304,1322,1339,1463,1478,1479,1481,1920,1922,2154,2231,2305,2645,2689,3715,3739,3811,3831,3870,4220,4327,4334,4437,4664,4912,5290,5976,6340,6360,7026,7831,8119,8219,8289,8379,8380,8383,8384,8386,8387,8388,8389,8390,8468,8469,
140;0;1396;1460;0;27,55,135,144,145,189,198,225,231,247,251,274,277,336,404,429,490,518,549,557,565,576,640,647,677,734,765,855,856,1015,1117,1270,1277,1293,1304,1322,1339,1463,1478,1479,1481,1920,1922,2154,2231,2305,2645,2689,3715,3739,3811,3831,3870,4220,4327,4334,4437,4664,4912,5290,5976,6340,6360,7026,7831,8119,8219,8289,8379,8380,8383,8384,8386,8387,8388,8389,8390,8468,8469,
36;0;1460;1591;1;27,55,117,135,137,144,145,189,198,225,231,234,247,251,274,277,329,336,404,429,490,518,549,557,565,576,640,647,677,734,765,838,855,856,1015,1117,1270,1277,1293,1304,1322,1339,1463,1474,1478,1479,1481,1669,1671,1920,1922,2154,2231,2305,2337,2645,2689,3715,3739,3811,3831,3870,4220,4327,4334,4437,4630,4645,4664,4912,5290,5725,5976,6340,6360,7026,7831,8119,8469,
24;0;1591;1623;0;27,55,117,137,144,145,189,198,225,231,234,247,251,274,277,329,404,429,490,518,557,640,647,677,765,838,855,1117,1270,1277,1293,1322,1463,1474,1478,1479,1481,1669,1671,1920,1922,2154,2231,2305,2337,2645,3831,3870,4220,4327,4630,5976,6357,6360,6586,6882,7026,7045,7138,7286,7484,7492,7496,7503,7507,7521,7522,7523,7524,7525,7527,7529,7530,7531,7532,7533,7534,7831,8469,
150;1;1623;1669;0;24,27,55,117,137,144,145,189,198,225,231,234,247,249,251,274,277,329,404,429,490,518,529,557,640,647,677,765,838,855,1117,1270,1277,1282,1291,1293,1322,1463,1474,1478,1479,1481,1669,1671,1920,1922,2154,2231,2258,2305,2309,2337,2407,2419,2645,3256,3703,3753,3831,3870,4220,4327,4630,5976,6357,6360,6586,6657,6882,7026,7045,7138,7286,7484,7492,7496,7503,7831,8469,
0;1;1669;1729;1;24,27,55,117,137,144,145,189,198,205,210,225,231,234,247,248,249,251,274,277,329,404,429,490,518,522,529,557,581,632,640,647,677,765,803,838,855,1117,1196,1270,1277,1282,1291,1293,1322,1425,1463,1474,1478,1479,1481,1560,1669,1671,1920,1922,1936,2154,2201,2305,2315,2407,2419,2564,2645,3345,3703,3831,3870,3883,3886,4220,4225,4230,5180,5976,6360,7286,7831,
25;0;1729;1802;1;24,27,55,117,137,144,145,189,198,205,210,225,231,234,247,251,274,277,329,404,429,518,522,529,557,581,632,640,677,715,765,838,855,1117,1196,1270,1291,1293,1322,1425,1463,1474,1478,1479,1481,1560,1922,1936,2154,2201,2305,2315,2407,2475,2564,2628,2645,2661,3345,3703,3870,3883,3886,4220,4230,4802,5180,5525,5722,5869,5976,6352,6360,7254,7255,7256,7257,7258,7259,7260,
393;0;1802;1807;1;17,24,27,55,117,137,144,145,198,202,205,206,210,225,231,234,247,251,274,277,329,404,429,518,522,529,557,581,632,640,677,715,765,794,838,855,987,1117,1196,1270,1291,1293,1322,1425,1463,1474,1478,1479,1481,1560,1922,1936,1992,2154,2201,2305,2315,2407,2413,2475,2564,2628,2645,2661,2937,2941,3345,3703,3870,3883,3886,4220,4230,4982,5180,5525,5722,5869,5976,6360,
414;0;1807;1921;0;24,27,38,40,55,117,137,144,145,198,202,205,206,210,225,231,234,247,251,274,277,329,404,429,486,518,522,529,557,570,581,632,640,677,715,765,838,855,987,1117,1196,1261,1270,1291,1293,1322,1425,1463,1474,1478,1479,1481,1560,1922,1936,2154,2201,2305,2315,2407,2475,2564,2628,2645,2661,2835,3345,3703,3870,3883,3886,4220,4230,5180,5184,5525,5722,5869,5976,6360,
127;1;1921;2086;1;24,38,55,117,137,144,145,198,202,205,206,225,231,234,247,277,329,404,429,518,529,557,632,640,677,715,727,765,838,855,875,1117,1270,1287,1288,1290,1291,1293,1322,1463,1474,1478,1479,1481,1577,1775,1776,1777,1778,1779,1780,1781,1782,1783,1784,1785,1786,1787,1788,1789,1790,1791,1792,1793,1794,1795,1922,1936,2315,2407,2475,2628,2645,2661,4220,5525,5722,5869,5976,6360,
129;1;2086;2223;0;24,26,38,55,117,137,144,145,198,202,205,206,225,231,234,247,277,329,404,429,518,528,529,632,640,677,715,727,765,838,855,875,1117,1242,1270,1271,1272,1275,1276,1278,1283,1287,1288,1290,1291,1293,1322,1419,1463,1474,1478,1479,1481,1577,1702,1777,1779,1781,1782,1783,1785,1787,1793,1795,1922,1936,2315,2407,2475,2628,2645,2661,4220,4282,5525,5722,5869,5976,6360,
89;0;2880;2914;1;24,26,38,55,117,137,144,145,198,202,205,206,225,231,234,247,277,288,329,400,401,404,429,518,528,529,632,640,677,715,727,765,838,855,875,1117,1242,1270,1271,1272,1275,1276,1278,1283,1287,1288,1290,1291,1293,1322,1401,1419,1463,1474,1478,1479,1481,1762,1779,1781,1782,1783,1793,1795,1922,1936,2315,2407,2475,2628,2645,2661,4220,4502,5525,5722,5869,5976,6360,
362;0;2914;2922;1;24,26,38,55,117,137,144,145,185,198,202,205,206,225,231,234,277,288,329,400,404,429,518,528,529,632,640,660,677,715,727,765,791,838,855,868,875,964,1011,1117,1242,1270,1271,1272,1275,1276,1283,1287,1288,1290,1291,1293,1322,1401,1463,1474,1478,1479,1481,1779,1781,1782,1783,1793,1922,1936,2315,2407,2475,2628,2645,2661,2966,3264,4220,5525,5722,5869,5976,6360,
425;0;2922;2956;1;24,26,38,55,100,117,137,144,145,198,202,206,225,231,234,277,288,329,400,404,429,518,528,529,632,640,677,700,715,727,765,838,855,875,1117,1242,1270,1271,1272,1275,1276,1283,1287,1288,1290,1291,1293,1322,1401,1463,1474,1478,1479,1481,1567,1779,1781,1782,1783,1793,1922,1936,2315,2407,2475,2602,2626,2628,2645,2661,2966,4220,4997,5525,5722,5869,5976,6194,6360,
165;0;2956;2996;0;3,24,26,38,55,100,117,137,139,144,145,149,202,225,231,234,262,277,288,301,321,329,400,404,429,518,528,632,640,677,715,765,838,855,875,948,1093,1117,1242,1270,1271,1276,1287,1288,1293,1322,1401,1474,1478,1479,1481,1567,1608,1779,1783,1809,1922,1936,2222,2315,2407,2602,2626,2628,2645,2661,2961,3293,4220,4371,4535,4553,5525,5722,5869,5976,6101,6107,6360,7883,
146;1;2996;3126;0;3,24,26,38,55,100,117,137,139,144,145,149,225,231,234,262,277,288,301,321,329,400,404,429,518,632,640,677,715,765,838,855,948,1117,1242,1271,1276,1287,1288,1293,1322,1474,1478,1479,1481,1567,1779,1922,1936,2315,2407,2602,2626,2628,2645,2661,3209,3210,3488,4220,4371,4553,5525,5722,5869,5976,6107,6360,6930,8340,8397,8763,8765,8766,8767,8768,8769,8770,8773,8774,
471;0;3126;3156;0;3,24,100,102,117,137,139,144,145,149,225,231,234,262,277,288,301,321,329,400,404,429,632,640,677,715,765,771,838,855,948,1117,1204,1271,1276,1287,1288,1293,1322,1474,1478,1479,1481,1529,1936,2407,2460,2602,2605,2626,2628,2645,2650,2661,2679,2681,2984,4220,4412,4449,4945,5525,5530,5722,5859,5868,5869,5976,6022,6107,6360,7301,7653,7826,7871,8583,8682,8683,8684,8685,
128;1;3156;3267;1;3,24,88,97,100,117,137,139,144,145,149,225,231,234,262,277,288,291,301,321,329,400,404,429,632,640,677,715,765,767,773,838,855,948,1117,1271,1276,1287,1288,1293,1322,1474,1478,1479,1481,1529,1530,1914,1915,1936,2407,2602,2626,2628,2645,2650,2661,2668,2714,2806,2898,2988,4093,4220,4412,5525,5530,5722,5868,5869,5976,6022,6098,6099,6107,6360,7217,7423,7653,8129,
138;1;3267;3318;0;1,2,3,4,5,6,7,8,9,10,11,12,13,24,97,100,117,137,139,144,145,149,225,231,234,262,277,288,291,301,321,329,400,404,429,632,640,677,715,765,767,773,838,855,948,1117,1271,1276,1287,1288,1293,1322,1474,1478,1479,1481,1529,1915,1936,2407,2602,2626,2628,2645,2650,2661,2898,2988,4220,5525,5530,5722,5868,5869,5976,6022,6099,6107,6360,7653,
103;1;3318;3354;0;1,2,3,4,8,24,97,100,117,137,139,144,145,149,225,231,234,262,277,288,291,301,321,329,400,404,429,632,640,677,715,765,767,773,838,855,948,1117,1271,1276,1287,1288,1293,1322,1474,1478,1479,1481,1529,1915,1936,2407,2602,2626,2628,2645,2650,2661,2898,2988,4220,5525,5529,5530,5722,5868,5869,5976,6022,6099,6107,6360,7653,8143,8190,8194,8195,8196,8197,8198,
18;1;3354;3422;0;2,24,54,60,97,100,113,137,139,144,145,149,225,231,234,262,277,280,288,291,301,321,329,400,404,429,501,510,632,640,659,677,715,765,773,838,855,948,1117,1271,1276,1287,1288,1293,1322,1474,1478,1479,1481,1936,2407,2602,2626,2628,2645,2650,2661,2870,2924,3414,4135,4220,4313,4316,4318,5496,5525,5530,5722,5868,5869,5976,6022,6099,6107,6360,7653,8143,8190,8196,
3;0;3422;3550;1;2,24,54,60,97,100,113,137,139,144,145,149,225,231,234,262,277,280,288,291,301,321,329,400,404,429,510,632,640,659,677,715,765,773,838,855,948,1117,1271,1276,1287,1288,1293,1322,1474,1478,1479,1481,1936,2407,2602,2626,2628,2645,2650,2661,2924,3414,4220,4313,4316,4318,5496,5525,5530,5722,5868,5869,5976,6022,6099,6107,6360,7365,7652,7653,8143,8190,8196,
486;0;3550;3582;1;2,24,54,60,97,100,137,139,144,145,149,225,231,234,262,277,288,291,301,321,329,400,404,429,510,516,632,640,677,715,765,773,838,855,948,1117,1271,1276,1287,1288,1293,1322,1474,1478,1479,1481,1587,1936,2407,2602,2626,2628,2645,2650,2661,2868,2924,3414,3510,3544,3719,3767,3781,3807,4220,5525,5530,5722,5868,5869,5976,6022,6099,6107,6360,7653,7999,8143,8190,8196,
15;1;3582;3647;1;2,95,97,100,137,139,144,145,149,225,231,234,262,277,288,291,301,308,321,329,391,400,404,429,632,640,677,715,765,773,838,855,891,938,948,1056,1117,1148,1164,1165,1166,1167,1169,1170,1171,1172,1176,1271,1276,1287,1288,1293,1322,1359,1467,1474,1478,1479,1481,1936,2602,2626,2628,2645,2650,2661,4220,5525,5530,5722,5868,5869,5976,6022,6099,6107,6360,7653,8143,8190,
73;1;4320;4344;0;2,79,95,97,100,137,139,144,145,149,225,231,234,262,277,288,291,301,308,321,329,400,404,429,448,578,632,640,677,715,730,765,773,838,855,891,948,1117,1148,1158,1169,1171,1271,1276,1287,1288,1293,1322,1359,1474,1478,1479,1481,1936,2028,2517,2602,2626,2628,2645,2650,2661,3929,3930,3931,3932,4220,5525,5530,5722,5868,5869,5976,6022,6099,6107,6360,7653,8143,8190,
49;1;4344;4447;1;2,95,97,100,137,139,144,145,149,225,231,234,262,277,288,291,301,308,321,329,400,404,429,632,640,677,715,765,773,838,855,891,948,1117,1148,1169,1171,1271,1276,1287,1288,1293,1295,1322,1359,1474,1478,1479,1481,1936,2148,2240,2241,2410,2418,2472,2602,2626,2628,2645,2650,2661,3048,3049,3050,3051,4220,5525,5530,5722,5868,5869,5976,6022,6099,6107,6360,7653,8143,8190,
113;1;4447;4480;0;2,95,97,100,137,139,144,145,149,225,231,234,262,277,288,291,301,308,321,329,400,404,429,632,640,677,715,765,773,814,827,838,855,891,948,1096,1097,1117,1148,1169,1171,1322,1359,1474,1478,1479,1481,1936,2468,2602,2626,2628,2644,2645,2650,2661,2690,4220,5525,5530,5637,5640,5722,5868,5869,5976,6022,6024,6025,6099,6107,6360,6496,6561,6562,6563,6564,7653,8143,8190,
24;1;4480;4494;0;2,95,97,100,103,137,139,144,145,149,225,231,234,262,277,288,291,301,308,321,329,400,404,429,609,632,640,666,677,715,765,773,838,855,891,948,1041,1117,1148,1169,1171,1322,1359,1474,1478,1479,1481,1936,2052,2602,2626,2628,2642,2645,2650,2661,2678,4220,5230,5392,5525,5530,5637,5722,5723,5869,5976,6022,6107,6225,6311,6312,6313,6360,7582,7653,8143,8190,8790,8791,
134;1;4494;4542;0;2,95,97,100,103,137,139,144,145,149,225,231,234,262,277,288,291,301,308,321,329,400,404,429,609,632,640,666,677,715,765,773,838,855,891,948,1041,1117,1148,1169,1171,1322,1359,1474,1478,1479,1481,1936,2052,2602,2626,2628,2642,2645,2650,2661,2678,4220,5230,5392,5525,5530,5637,5722,5723,5869,5976,6022,6107,6225,6311,6312,6313,6360,7582,7653,8143,8190,8790,
65;0;4542;4606;1;2,95,97,100,103,137,139,144,145,149,225,231,234,245,262,277,288,291,301,308,321,329,400,404,429,609,632,640,666,677,715,765,773,838,855,863,891,948,1117,1148,1169,1171,1322,1359,1474,1478,1479,1481,1936,2052,2318,2602,2626,2628,2645,2650,2661,2678,2962,3581,4220,5392,5525,5637,5722,5723,5869,5976,6022,6107,6225,6311,6312,6313,6360,7653,7804,7805,8143,8190,
447;0;4606;4672;0;2,95,97,100,103,137,139,144,145,149,225,231,234,245,262,277,288,291,301,308,321,322,329,379,382,400,404,429,632,640,666,677,715,765,838,855,863,891,948,1118,1146,1148,1169,1171,1236,1322,1359,1474,1478,1479,1481,1936,2052,2250,2602,2626,2628,2645,2661,2678,2697,2951,3260,3284,3581,3698,4220,4469,4470,4471,4472,5525,5723,5976,6022,6107,6360,7653,8143,8190,
381;0;4672;4697;0;2,95,97,100,103,137,139,144,145,149,225,231,234,245,262,277,288,291,301,308,321,322,329,379,382,400,404,429,632,640,666,677,715,765,838,855,863,891,948,1118,1146,1148,1169,1171,1236,1322,1359,1474,1478,1479,1481,1936,2052,2250,2602,2626,2628,2645,2661,2678,2697,2951,3260,3284,3581,3698,4220,4469,4470,4472,5525,5723,5976,6022,6107,6360,7653,8143,8190,
394;0;4697;4796;0;2,95,97,100,103,137,139,144,145,149,225,231,234,245,262,277,288,291,301,308,321,329,379,382,400,404,429,632,640,666,677,715,765,838,855,863,891,948,1118,1146,1148,1169,1171,1236,1322,1359,1474,1478,1481,1521,1936,1972,2052,2602,2626,2628,2645,2646,2649,2661,2678,2951,3260,3284,3581,3698,4470,4472,5525,5538,5723,5976,6022,6107,6360,7320,7653,7654,8143,8190,
68;1;4796;4936;0;2,95,97,100,103,137,139,144,145,149,177,179,225,231,234,245,262,272,273,277,287,288,291,301,304,305,308,311,317,321,329,379,400,404,429,446,632,640,666,677,715,765,838,855,863,891,948,1118,1131,1136,1137,1146,1148,1169,1171,1236,1322,1359,1474,1478,1481,1521,1676,1677,1936,2052,2626,2645,2649,2661,2678,3260,3698,4472,5976,6107,6360,7320,8143,8190,
33;0;4936;5013;0;2,95,97,137,139,144,145,149,177,179,225,231,234,245,262,272,273,287,288,291,301,304,305,308,311,317,321,329,400,404,429,632,640,715,765,838,891,1146,1148,1169,1171,1236,1359,1474,1478,1481,1521,1676,1936,2052,2626,2645,2649,2661,3260,3698,4472,5976,6107,6360,7137,7167,7168,7169,7170,7171,7172,7173,7174,7175,7176,7177,7178,7179,7180,7181,7182,7183,8143,8190,
361;0;5013;5033;0;2,95,97,137,139,144,145,149,177,179,225,231,234,245,262,272,273,287,288,291,301,304,305,308,311,314,317,321,329,400,404,429,632,640,715,765,838,891,1116,1121,1146,1148,1169,1171,1236,1359,1474,1478,1481,1486,1521,1661,1676,1680,1936,2052,2476,2626,2645,2649,2661,3260,3698,4472,5976,6107,6360,7137,7167,7168,7169,7170,7171,7172,7173,7174,7175,8143,8190,
398;0;5033;5138;1;2,95,97,137,139,144,145,149,177,179,225,231,234,245,262,272,273,287,288,291,297,301,304,305,308,311,314,317,321,329,400,404,429,632,640,715,765,838,891,1116,1121,1146,1148,1169,1171,1236,1359,1474,1476,1478,1481,1486,1521,1661,1676,1680,1936,2052,2405,2476,2626,2645,2649,2658,2661,2774,2775,2778,3260,3698,4472,4946,5976,6107,6360,7137,7167,8143,8190,
96;0;5760;5835;1;2,95,97,137,139,144,145,149,177,179,225,231,234,245,262,272,273,287,288,291,297,302,304,305,308,310,311,314,317,321,329,400,404,429,442,632,640,715,765,838,891,1121,1132,1146,1148,1169,1171,1236,1359,1474,1476,1478,1481,1486,1521,1661,1676,1680,1932,1936,2052,2626,2645,2649,2661,2774,2775,2778,3260,3389,3698,4472,4946,5976,6107,6360,7137,8143,8190,
51;1;5835;5982;1;95,97,137,139,144,145,149,177,179,225,231,234,245,262,272,273,287,288,291,302,304,305,308,310,311,314,321,329,400,404,429,632,640,715,765,838,891,1146,1148,1169,1171,1236,1359,1474,1476,1478,1481,1521,1680,1936,2052,2626,2645,2649,2661,2774,2775,2778,3260,3698,4406,4472,4946,5976,6107,7137,8134,8135,8136,8137,8138,8139,8140,8141,8142,8143,8144,8145,8146,8190,
46;0;5982;6051;1;95,97,137,139,144,145,149,177,179,225,231,234,245,262,272,273,287,288,291,302,304,305,308,310,311,314,321,329,400,404,429,632,640,715,765,838,891,1146,1148,1169,1171,1236,1359,1474,1476,1478,1481,1521,1549,1680,1936,2018,2052,2198,2199,2626,2645,2649,2661,2774,2775,2778,2847,2848,3260,3698,3978,3980,4406,4472,4946,5976,6107,7137,8134,8135,8136,8137,8190,
145;0;6051;6128;0;95,97,137,139,144,145,149,177,179,225,231,234,245,262,272,273,287,288,291,302,304,305,308,310,311,314,321,329,400,404,429,632,640,715,765,838,891,1146,1148,1169,1171,1236,1359,1474,1476,1478,1481,1521,1549,1680,1936,2018,2052,2198,2199,2626,2645,2649,2661,2774,2775,2778,2847,2848,3260,3698,3978,3980,4406,4472,4946,5976,6107,7137,8134,8135,8136,8190,8487,
96;1;6128;6163;1;95,97,137,139,144,145,149,177,179,225,231,234,245,262,268,272,273,286,287,288,291,302,304,305,308,310,311,314,321,329,351,395,400,404,429,632,640,715,765,838,891,1146,1148,1169,1171,1236,1359,1474,1476,1478,1481,1521,1549,1624,1680,1740,1936,2052,2225,2626,2645,2649,2661,2695,2774,2775,2778,2848,3260,3698,3793,4472,4946,5976,6107,7033,7034,7137,8190,
341;0;6163;6314;0;95,97,137,139,144,145,149,177,179,225,231,234,245,262,268,272,273,286,287,288,291,302,304,305,308,310,311,314,321,329,351,395,400,404,429,632,640,715,765,838,891,904,1146,1148,1169,1171,1236,1359,1474,1476,1478,1481,1521,1549,1624,1680,1740,1936,2052,2225,2626,2645,2649,2661,2695,2774,2775,2778,2848,3260,3698,3793,4472,4946,5976,6107,7033,7137,8190,
453;0;6314;6474;1;95,97,137,139,144,145,149,177,179,225,231,234,245,262,268,272,273,286,287,288,291,302,304,305,308,310,311,314,321,329,351,395,400,404,429,632,640,715,765,838,891,904,1146,1148,1169,1171,1236,1359,1474,1476,1478,1481,1521,1549,1624,1680,1936,2052,2225,2626,2645,2649,2661,2695,2774,2775,2778,2848,3260,3698,3793,4472,4946,5874,5875,5976,6107,7137,8190,
372;0;6474;6638;1;95,97,137,139,144,145,146,149,177,179,225,226,231,234,245,262,268,272,273,286,288,291,302,304,305,308,310,311,314,321,329,351,390,395,400,404,429,632,640,715,765,838,891,1146,1148,1169,1171,1236,1359,1474,1476,1478,1481,1488,1521,1549,1680,1936,2052,2225,2626,2645,2649,2661,2695,2774,2775,2778,2848,3260,3535,3793,4033,4472,4946,5976,6107,7137,8190,
155;0;7200;7248;1;95,97,137,139,144,145,146,149,177,179,225,226,231,234,245,262,268,272,273,288,291,302,304,305,308,310,311,314,321,329,351,390,395,396,397,400,404,429,632,640,715,765,838,891,949,1146,1148,1169,1171,1236,1359,1417,1474,1476,1478,1481,1488,1521,1549,1680,2052,2225,2626,2645,2649,2661,2695,2774,2775,2778,3260,3793,4033,4472,4946,5976,6107,7137,8190,
95;1;7248;7252;0;95,97,137,139,144,145,146,149,177,179,225,226,231,234,245,262,288,291,302,304,305,308,310,311,314,321,329,351,390,395,396,397,400,404,429,640,715,765,838,891,949,1146,1148,1169,1171,1201,1236,1359,1474,1476,1478,1481,1488,2052,2626,2645,2649,2661,2774,2775,2778,3260,4033,4472,4603,4604,4612,4613,4946,5305,5873,5976,6107,6749,7137,8070,8071,8072,8073,8190,
47;1;7252;7389;0;95,97,137,139,144,145,146,149,177,178,179,184,225,226,231,234,245,262,267,288,291,302,303,304,305,308,310,311,312,314,316,321,329,351,390,395,396,397,400,404,429,640,715,765,838,891,949,1146,1148,1169,1171,1201,1236,1359,1474,1476,1478,1481,1488,2052,2626,2645,2649,2661,2774,2775,2778,3260,4033,4472,4603,4604,4612,4946,5873,5976,6107,7137,8190,
467;0;7389;7436;1;95,97,137,139,144,145,146,149,177,178,225,226,231,234,245,262,267,288,291,302,303,305,310,311,312,314,321,329,351,390,395,396,397,400,404,429,640,715,765,838,891,949,1146,1148,1169,1171,1201,1236,1359,1474,1476,1478,1481,1488,2052,2626,2645,2649,2661,2774,2775,2778,3260,4033,4472,4604,4612,4946,5951,5959,5966,5976,5992,6107,6552,6556,6583,6729,7137,8190,
35;0;7436;7537;0;95,137,139,144,145,146,149,178,225,231,234,245,262,267,288,291,302,303,305,310,311,312,314,321,329,390,395,396,397,400,404,429,436,640,715,765,838,852,891,921,949,1146,1148,1169,1171,1236,1359,1424,1470,1474,1476,1478,1481,1488,2052,2382,2391,2626,2645,2649,2661,2774,2775,2778,3260,4033,4472,4604,4934,4974,5206,5397,5768,5943,6107,6163,6169,6179,6180,8190,
390;0;7537;7583;1;95,137,139,144,145,146,149,178,225,231,234,245,262,267,288,291,302,303,305,310,311,312,314,321,329,390,395,396,397,400,404,429,436,640,715,765,838,852,891,921,949,1146,1148,1169,1171,1236,1359,1424,1470,1474,1476,1478,1481,1488,2052,2382,2391,2509,2510,2626,2645,2649,2661,2774,2775,2778,3260,4033,4472,4604,4934,4974,5206,5943,6163,6169,6179,6193,8190,
88;1;7583;7661;1;95,137,139,143,144,145,146,149,178,225,231,234,245,262,267,288,291,302,303,305,310,311,312,314,321,329,390,395,396,397,400,404,429,436,591,640,645,715,765,838,852,891,949,1057,1146,1148,1169,1171,1236,1424,1470,1474,1476,1478,1481,1488,2052,2128,2382,2391,2626,2645,2649,2661,2774,2775,2778,3045,3260,4033,4472,4604,4934,4974,5206,5741,5749,5943,6169,8190,
141;1;7661;7829;1;95,137,139,143,144,145,146,149,178,225,231,234,245,262,267,288,291,302,303,305,310,311,312,314,321,329,390,395,396,397,400,404,429,436,583,591,640,645,715,765,838,862,891,949,1057,1146,1148,1169,1171,1236,1424,1470,1474,1476,1478,1481,1488,2052,2128,2626,2645,2649,2661,2774,2775,2778,3099,3260,3263,4033,4604,4627,4765,4766,4773,4934,5206,6132,6169,8190,
158;1;7829;7944;0;95,137,139,143,144,145,146,149,178,225,231,234,245,262,267,288,291,302,303,305,310,311,312,314,321,329,390,395,396,397,400,404,429,436,583,591,640,645,715,765,838,862,891,949,1057,1146,1148,1169,1171,1236,1424,1470,1474,1476,1478,1481,1488,2052,2128,2626,2645,2649,2661,2774,2775,2778,3099,3260,3263,4033,4604,4627,4765,4766,4773,4934,5206,6169,8190,
80;1;7944;8039;1;95,137,139,143,144,145,146,149,178,225,234,245,262,267,288,291,302,303,305,310,311,312,314,321,329,340,390,395,396,397,400,404,429,583,591,640,645,715,765,838,851,862,891,949,1057,1146,1148,1169,1171,1236,1424,1474,1476,1478,1481,1488,2626,2645,2649,2661,2774,2775,2778,3260,3263,4033,4604,4627,4773,4934,5206,6517,8190,8196,8198,8199,8200,8201,8202,8203,
93;0;8640;8669;1;95,117,137,139,143,144,145,146,149,178,225,234,245,262,267,288,291,302,303,305,310,311,312,314,321,329,377,390,395,396,397,400,404,429,583,591,640,645,715,765,838,862,891,949,1057,1146,1148,1169,1171,1236,1424,1474,1476,1478,1488,1540,1604,1915,2133,2544,2626,2645,2649,2661,2696,2774,2775,2778,3015,3260,3263,4033,4227,4428,4604,4627,4934,5206,5217,5218,
41;1;8669;8733;0;95,137,139,144,145,146,147,149,178,225,234,245,262,267,288,291,302,303,305,310,311,312,314,321,329,377,390,395,396,397,400,404,429,591,640,645,715,765,838,891,949,1027,1051,1057,1145,1146,1148,1169,1171,1236,1424,1474,1476,1478,1540,1604,1942,1943,1944,2133,2544,2626,2645,2649,2661,2696,2774,2775,2778,3260,3263,4033,4227,4428,4604,4627,4934,5206,5217,5218,
128;0;8733;8765;1;95,137,139,144,145,178,225,234,245,262,267,288,291,302,303,305,310,311,312,314,321,329,377,390,395,396,397,400,404,429,591,640,645,715,765,838,891,949,1027,1051,1057,1145,1146,1148,1169,1171,1236,1242,1281,1424,1474,1478,1540,1590,1604,1779,1942,1943,1944,2133,2207,2518,2544,2626,2645,2649,2661,2696,2774,2775,3260,3263,3347,3409,4227,4428,4604,5206,5217,5218,
14;0;8765;8807;0;95,137,139,144,145,178,225,234,245,262,267,291,302,303,305,310,311,312,313,314,321,329,377,390,395,396,397,400,404,429,438,591,640,645,715,765,838,891,949,1051,1057,1145,1146,1148,1169,1171,1236,1281,1424,1474,1478,1540,1604,1665,2107,2133,2244,2544,2626,2645,2649,2661,2696,2774,2775,3260,3263,4227,4428,4604,5153,5155,5206,5217,5218,5224,5225,5226,5227,5228,
1;1;8807;8843;0;3,95,137,139,144,145,178,225,245,262,291,295,302,303,305,311,312,314,321,329,377,390,395,396,397,400,404,429,438,591,640,645,715,765,838,891,949,1051,1057,1133,1134,1145,1146,1148,1169,1171,1236,1281,1424,1474,1478,1540,1604,1665,1815,2053,2133,2224,2544,2626,2645,2649,2661,2696,2774,2775,3260,3263,3630,4227,4428,4553,4604,4996,5011,5206,5217,5218,5322,5338,
53;1;8843;8882;0;3,95,137,139,144,145,178,225,245,262,291,295,302,303,305,311,312,314,321,329,335,337,377,390,395,396,397,400,404,429,438,591,640,645,715,765,838,843,891,949,1051,1057,1133,1134,1145,1146,1148,1169,1171,1236,1281,1424,1474,1478,1540,1604,1665,2053,2133,2224,2548,2626,2627,2645,2649,2661,2696,2774,2775,3260,3263,3630,4428,4553,4604,4996,5011,5206,5338,
10;0;8882;8980;1;3,95,137,139,144,145,178,225,245,262,276,291,295,302,303,305,311,312,314,321,329,335,337,377,390,395,396,397,400,404,429,438,591,640,645,715,765,833,838,843,891,949,1051,1057,1134,1145,1146,1169,1171,1236,1281,1424,1474,1478,1540,1604,1665,2053,2133,2224,2626,2627,2645,2649,2661,2663,2774,2775,3260,3263,3527,3529,4428,4553,4604,4948,4949,4996,5206,
478;0;8980;9001;1;3,95,137,139,144,145,178,225,245,262,276,291,302,303,305,311,312,314,321,329,390,395,396,397,400,404,429,438,591,640,645,715,765,833,838,843,848,858,949,1051,1057,1073,1134,1145,1146,1169,1171,1236,1281,1424,1474,1478,1523,1604,1666,2547,2626,2627,2645,2649,2661,2663,2677,2683,2693,2774,2775,3260,3263,3527,3529,4371,4372,4373,4374,4375,4376,4553,4604,4949,
377;0;9001;9055;1;3,26,95,137,139,144,145,178,225,245,262,276,291,302,303,305,311,312,314,321,329,390,395,396,397,400,404,429,438,591,640,645,715,765,833,838,843,858,949,1051,1057,1073,1134,1145,1146,1171,1236,1281,1424,1474,1478,1523,1604,2547,2626,2627,2645,2649,2661,2663,2677,2693,2774,2775,3263,3527,3529,4280,4371,4553,4604,4949,8074,8075,8076,8077,8078,8079,8080,8081,
149;0;9055;9089;0;3,26,95,137,139,144,145,178,225,245,262,276,291,302,303,305,311,312,314,321,329,390,395,396,397,400,404,429,438,591,640,645,715,765,769,833,838,843,858,949,1051,1057,1073,1134,1145,1146,1171,1236,1281,1424,1474,1478,1523,1524,1604,2492,2547,2626,2627,2645,2649,2661,2663,2677,2693,2774,2775,2783,3263,3527,3529,4280,4371,4553,4604,4949,8076,8077,8078,
387;0;9089;9189;0;26,95,100,139,144,145,225,245,262,276,302,303,305,311,312,314,321,390,395,396,397,400,404,429,438,645,765,766,767,770,833,834,835,838,854,855,863,949,1043,1051,1057,1145,1146,1281,1424,1453,1474,1478,1526,1527,1529,2370,2626,2633,2645,2661,2711,2774,2775,3263,3459,3511,3512,3513,3516,3517,3518,3519,3520,3526,3527,3528,3529,3530,3531,3532,3533,3534,4604,4949,
151;0;9189;9345;1;26,38,95,100,139,144,145,225,245,262,276,302,303,305,311,312,314,321,390,395,396,397,400,404,429,438,645,765,766,767,770,833,834,835,838,854,855,863,872,949,972,1043,1051,1057,1142,1145,1146,1281,1424,1453,1457,1462,1474,1478,1526,1527,1529,2370,2626,2633,2645,2661,2711,2774,2775,3263,3459,3511,3512,3513,3516,3517,3519,3527,3531,3532,3534,4604,4949,
428;0;9345;9508;0;26,38,44,46,55,95,100,139,144,145,170,218,225,245,262,276,302,303,305,311,312,314,321,390,395,396,397,400,404,429,438,518,645,765,770,833,834,835,838,854,855,863,872,949,1051,1057,1142,1145,1146,1281,1424,1453,1474,1478,1526,1527,1529,1565,1716,2034,2035,2197,2315,2326,2370,2626,2645,2661,2774,2775,3263,3511,3513,3516,3527,3531,3532,4604,4949,
Machine: 1
132;0;0;80;1;26,38,44,55,95,100,103,139,144,145,225,245,262,276,289,294,302,303,305,311,312,314,321,390,395,396,397,400,404,429,430,438,445,645,765,833,834,838,854,855,872,1051,1057,1145,1146,1214,1281,1424,1450,1474,1478,1513,1567,1922,2315,2380,2543,2645,2774,2775,2897,2898,2899,2900,2901,2902,2903,2904,2905,2906,2907,2908,2909,2910,2911,2912,2913,3263,4604,4949,
400;0;80;240;1;26,38,44,55,95,100,139,144,145,225,245,262,276,289,294,302,303,305,311,312,314,321,390,395,396,397,400,404,429,430,438,645,765,833,834,838,854,855,872,1051,1057,1145,1146,1214,1281,1424,1474,1478,1513,1567,1922,2315,2338,2543,2645,2774,2775,2897,2898,2900,2901,2903,2905,3263,4359,4604,4949,8559,8644,9032,9033,9041,9134,9159,9160,9161,9162,9163,9164,
405;0;240;244;0;26,38,44,55,95,100,139,144,145,225,245,262,276,289,294,302,303,305,311,312,314,321,390,395,396,397,400,404,429,430,438,645,765,833,834,838,854,855,872,1051,1057,1145,1146,1214,1281,1424,1474,1478,1513,1567,1783,1922,2220,2315,2338,2543,2645,2774,2775,2897,2898,2900,2901,2903,2905,3263,3410,3797,4359,4438,4604,4949,8559,8644,9032,9033,9041,9134,9159,
378;0;244;324;1;24,26,38,44,55,95,100,139,144,145,225,245,262,276,289,294,302,303,305,311,312,314,321,390,395,396,397,400,404,429,430,438,581,645,765,833,834,838,854,855,872,1051,1057,1145,1146,1214,1281,1286,1424,1474,1478,1513,1567,1783,1922,2220,2315,2338,2543,2645,2774,2775,2897,2898,2900,2901,2903,2905,3263,3336,3410,3708,3797,4359,4438,4604,4949,8559,9032,
42;1;324;384;0;24,26,38,44,55,95,100,139,144,145,225,245,262,276,289,294,302,303,305,311,312,314,321,390,395,396,397,400,404,429,430,438,581,645,765,833,834,838,854,855,872,1051,1057,1145,1146,1214,1281,1286,1424,1474,1478,1513,1567,1783,1922,2220,2315,2338,2543,2645,2774,2775,2897,2898,2900,2901,2903,2905,3263,3336,3708,3745,3797,4604,4949,8559,9000,9010,9032,
23;1;384;434;0;24,26,38,44,55,95,100,139,144,145,225,245,262,276,289,294,302,303,305,311,312,314,321,390,395,396,397,400,404,429,430,438,581,645,765,833,834,838,854,855,872,1051,1057,1145,1146,1214,1281,1286,1363,1424,1474,1478,1513,1567,1783,1922,2220,2315,2338,2381,2543,2645,2774,2775,2824,2897,2898,2900,2901,2903,2905,3263,3336,3708,3797,4604,4949,8559,9000,
154;1;434;530;1;24,26,38,44,55,95,100,139,144,145,225,245,262,276,289,294,302,303,305,311,312,314,321,390,395,396,397,400,404,429,430,438,581,645,765,833,834,838,854,855,872,1051,1057,1145,1146,1214,1281,1286,1363,1424,1474,1478,1513,1567,1783,1922,2159,2220,2305,2315,2338,2543,2645,2774,2775,2824,2897,2898,2900,2901,2903,3263,3336,3708,3797,4604,4949,8559,9000,
85;1;530;584;0;24,26,38,44,55,95,100,139,144,145,180,225,245,262,276,289,294,302,303,305,307,311,312,314,321,379,380,381,384,385,390,395,396,397,400,404,429,430,438,581,592,593,594,645,765,833,834,838,854,855,872,1051,1057,1130,1145,1146,1214,1281,1363,1424,1428,1474,1478,1845,1922,2220,2305,2315,2645,2774,2775,2824,2900,2903,3263,3336,3797,4604,4949,
342;0;584;638;1;24,26,38,44,55,95,100,139,144,145,180,225,233,245,262,274,276,289,294,302,303,305,307,311,312,314,321,379,380,384,390,395,396,397,400,404,429,430,438,581,592,594,645,765,833,834,838,854,855,872,1051,1057,1130,1145,1146,1214,1281,1363,1424,1428,1474,1478,1922,2220,2305,2315,2645,2774,2775,2824,2900,2903,3263,3336,3797,4604,4628,4949,5432,
57;0;638;689;0;24,26,38,44,55,95,100,139,144,145,152,225,233,245,262,274,276,289,294,302,305,307,311,314,321,379,380,384,390,395,396,397,400,404,429,430,438,528,581,645,765,833,834,838,854,855,872,1051,1057,1130,1145,1146,1214,1281,1322,1363,1424,1428,1474,1478,1922,2220,2305,2315,2350,2407,2645,2774,2775,2824,2836,2900,2903,3263,3336,3797,4604,4628,4949,
21;0;689;857;0;24,26,38,44,55,95,100,139,144,145,152,225,245,262,274,276,289,294,302,305,307,311,314,321,379,390,395,396,397,400,404,429,430,438,528,580,581,645,765,833,834,838,854,855,872,1051,1057,1145,1146,1214,1281,1322,1329,1363,1424,1474,1478,1512,1922,2220,2221,2240,2305,2315,2407,2645,2774,2775,2824,2836,2900,2903,3263,3336,3702,3797,4604,4628,4949,
117;1;1440;1597;1;24,26,38,44,55,86,95,100,139,144,145,152,225,245,262,274,276,289,294,305,314,321,379,390,395,396,397,400,404,429,430,438,528,581,645,666,765,833,834,838,854,855,872,1051,1057,1145,1146,1147,1214,1281,1322,1363,1424,1474,1478,1922,2220,2221,2240,2305,2315,2407,2645,2774,2775,2836,2900,2903,2985,2986,2987,2988,2989,2990,3263,3336,3797,4604,4628,4949,
51;0;1597;1763;1;24,26,38,44,55,79,95,100,110,139,144,145,225,245,262,274,276,289,294,314,321,379,390,395,396,397,404,429,430,438,528,581,645,666,765,833,834,838,854,855,872,1031,1051,1057,1145,1146,1214,1217,1225,1240,1281,1322,1363,1424,1474,1478,1507,1508,1509,1510,1511,2156,2220,2221,2240,2305,2315,2407,2645,2774,2775,2900,2903,2988,3263,3336,3797,4604,4628,4949,
52;1;1763;1814;0;24,26,38,44,55,79,95,100,139,144,145,225,245,262,274,276,289,294,314,321,379,390,395,396,397,404,429,430,438,528,581,644,645,666,765,831,833,834,838,854,855,872,898,946,948,1051,1057,1145,1146,1214,1322,1363,1424,1474,1478,1509,1569,1764,2220,2221,2240,2305,2315,2407,2468,2645,2774,2775,2900,2903,2988,3263,3291,3336,3797,4604,4628,4949,5331,
74;1;1814;1844;1;24,26,38,44,55,63,79,95,100,139,144,145,225,245,262,274,276,289,294,314,321,379,390,395,396,397,404,429,430,438,528,581,644,645,666,765,833,834,838,854,855,872,898,946,948,1051,1057,1145,1146,1214,1294,1322,1363,1424,1474,1478,1509,2149,2220,2221,2240,2305,2315,2407,2468,2645,2774,2775,2900,2903,2988,3263,3336,3797,4229,4230,4604,4628,4949,
493;0;1844;1848;1;24,26,38,44,55,63,79,95,100,139,144,145,225,245,262,274,276,289,294,314,321,390,394,395,396,397,404,429,430,438,528,581,644,645,666,765,833,834,838,854,855,872,948,1050,1051,1057,1145,1146,1214,1294,1322,1363,1424,1474,1478,2105,2149,2220,2221,2240,2305,2315,2407,2645,2774,2775,2900,2903,2988,3263,3336,3797,4230,4604,4628,4949,5611,5613,5626,5803,
127;0;1848;1966;1;24,26,27,28,30,38,55,63,79,95,100,139,144,145,155,169,225,251,274,276,294,314,321,390,396,397,404,407,408,415,427,429,430,504,510,528,581,645,748,765,833,838,872,948,1051,1145,1146,1162,1196,1294,1322,1424,1474,1478,1580,1849,2036,2074,2149,2179,2220,2221,2285,2305,2315,2407,2900,3003,3004,3005,3006,3007,3008,3009,3010,3263,3336,3797,4230,4949,
497;0;1966;1996;1;24,26,27,28,30,38,55,63,79,95,100,139,144,145,155,169,225,251,274,276,294,314,321,390,396,397,404,407,408,415,427,429,430,504,510,528,581,645,748,765,833,838,872,948,1051,1145,1146,1162,1196,1294,1322,1424,1474,1478,1580,1849,2036,2074,2149,2179,2220,2221,2285,2305,2315,2407,2499,2900,3003,3004,3005,3008,3263,3336,3797,4230,4412,4949,5116,
135;1;1996;2096;1;24,26,27,28,30,38,55,63,79,95,100,138,139,144,145,155,169,225,251,274,276,294,314,321,390,396,397,404,407,408,415,427,429,430,504,510,528,581,645,748,765,833,838,872,948,1051,1145,1146,1162,1196,1294,1322,1424,1474,1478,1580,1814,1849,2036,2074,2149,2179,2220,2221,2222,2223,2305,2315,2407,2499,2900,3003,3008,3263,3336,3797,4230,4412,4949,
98;0;2096;2128;0;24,26,27,28,38,55,63,79,95,100,138,139,144,145,155,169,225,251,274,276,294,314,321,332,390,396,397,404,408,427,429,430,504,528,581,645,748,765,833,838,872,948,1051,1145,1146,1162,1196,1294,1322,1398,1424,1473,1474,1478,1580,1809,1814,2036,2074,2149,2179,2220,2221,2222,2223,2305,2315,2359,2407,2900,3263,3336,3797,4230,4412,4949,4979,4980,4981,
69;0;2128;2209;0;24,26,27,28,38,55,63,79,95,100,138,139,144,145,155,169,225,251,274,276,294,314,321,332,390,396,397,404,408,427,429,430,504,528,581,645,748,765,833,838,872,948,1051,1145,1146,1162,1196,1294,1322,1398,1424,1473,1474,1478,1580,1809,1814,2036,2074,2149,2179,2220,2221,2222,2223,2305,2315,2359,2407,2900,3263,3336,3797,4230,4412,4949,4979,4980,4981,
7;0;2209;2328;1;24,26,27,28,38,55,63,79,95,100,138,139,144,145,155,225,251,274,276,294,314,321,390,396,397,404,427,429,430,504,528,581,645,748,765,833,838,872,948,1051,1145,1146,1162,1196,1294,1322,1398,1424,1473,1474,1478,1580,1809,1814,2036,2074,2149,2179,2220,2221,2222,2223,2305,2315,2359,2407,2663,2900,3263,3336,3797,4230,4412,4949,7296,8396,8826,8827,8828,
22;0;2880;3050;0;24,26,27,38,55,60,63,74,79,95,100,138,139,144,145,190,208,225,251,256,274,276,314,321,390,396,397,404,429,528,569,581,645,765,833,838,872,948,979,1051,1145,1146,1293,1294,1322,1398,1424,1473,1474,1478,1587,1809,2149,2179,2220,2221,2222,2223,2289,2305,2315,2359,2407,3263,3336,3361,3577,3797,3871,3872,3873,3874,3875,3876,3877,3878,3879,4230,4412,4949,
349;0;3050;3083;0;24,26,27,38,55,60,63,74,95,100,138,139,144,145,208,225,251,256,274,276,314,321,390,396,397,404,429,528,569,581,645,765,833,838,872,948,979,1051,1145,1146,1270,1293,1294,1295,1322,1398,1424,1473,1474,1478,1587,1809,2149,2179,2220,2221,2222,2223,2305,2315,2359,2407,3263,3336,3361,3577,3606,3703,3721,3797,3802,3829,3879,4112,4217,4230,4353,4412,4949,
358;0;3083;3104;0;24,26,27,38,55,60,63,74,95,100,138,139,144,145,208,225,251,256,274,276,314,321,390,396,397,404,429,528,569,581,645,765,833,838,872,948,979,1051,1145,1146,1270,1293,1294,1295,1322,1398,1424,1473,1474,1478,1587,1809,2149,2179,2220,2221,2222,2223,2305,2315,2359,2407,2444,3263,3336,3361,3577,3606,3703,3721,3797,3802,3829,3879,4112,4217,4230,4412,4949,
356;0;3104;3120;1;24,26,27,38,55,60,63,95,100,137,138,139,144,145,178,208,225,251,256,274,276,314,321,390,396,397,404,429,528,569,581,645,765,833,838,872,948,979,1027,1051,1145,1146,1270,1293,1294,1295,1322,1398,1424,1473,1474,1478,1587,1809,1941,1942,1943,1944,1945,2179,2220,2221,2222,2223,2305,2315,2359,2407,3263,3336,3361,3577,3606,3703,3721,4112,4217,4412,4949,
333;0;3120;3168;0;24,26,27,38,55,60,63,95,100,137,138,139,144,145,178,208,225,251,256,274,276,314,321,390,396,397,404,429,528,569,581,645,765,833,838,872,948,979,1051,1145,1146,1270,1293,1294,1295,1322,1398,1424,1473,1474,1478,1587,1809,1941,1943,1945,2179,2220,2221,2222,2223,2305,2315,2359,2407,3263,3336,3361,3577,3606,3703,3721,4112,4217,4412,4949,7363,7549,7550,
38;1;3168;3318;1;24,26,27,38,55,60,63,95,100,137,138,139,144,145,178,208,225,251,256,274,276,314,321,390,396,397,404,429,528,569,581,645,765,833,838,872,948,979,1051,1145,1146,1270,1293,1294,1295,1322,1398,1424,1473,1474,1478,1587,1809,1941,1943,1945,2179,2220,2221,2222,2223,2305,2315,2359,2407,3263,3336,3361,3577,3606,3703,3721,4112,4217,4412,4949,7363,7431,7549,
0;0;3318;3354;1;15,24,25,26,27,35,37,38,42,54,55,57,60,63,95,100,137,138,139,144,145,208,225,251,274,276,314,321,390,396,397,404,429,528,569,581,645,765,833,838,872,948,979,1051,1145,1146,1270,1293,1294,1295,1322,1398,1424,1473,1474,1478,1587,1809,1945,2061,2179,2220,2221,2222,2223,2305,2315,2359,2407,3263,3336,3361,3577,3606,3703,4112,4217,4412,4949,5352,
113;0;3354;3414;0;15,24,25,26,27,38,54,55,60,63,95,100,137,138,139,144,145,208,225,251,274,276,321,390,396,397,404,429,503,528,569,581,645,765,833,838,872,948,1051,1062,1145,1146,1270,1288,1293,1294,1295,1322,1398,1424,1473,1474,1478,1587,1707,1809,1945,2154,2179,2220,2221,2222,2223,2305,2315,2407,3263,3336,3346,3361,3414,3577,3606,3703,4112,4217,4949,5948,7003,7214,
11;0;3414;3507;1;15,24,25,26,27,38,54,55,60,63,95,97,100,137,138,139,144,145,208,225,251,274,276,288,321,390,396,397,404,429,503,528,569,581,645,765,833,838,872,948,1051,1062,1145,1146,1270,1288,1293,1294,1295,1322,1398,1401,1424,1473,1474,1478,1587,1707,1809,1945,2179,2220,2221,2222,2223,2305,2315,2355,2407,3263,3336,3361,3414,3577,3606,3703,4112,4217,4949,
350;0;3507;3519;1;15,24,25,26,27,38,54,55,60,63,95,97,100,137,138,139,144,145,208,225,251,274,276,288,321,390,396,397,404,429,503,528,569,581,645,765,833,838,872,948,1051,1062,1145,1146,1270,1288,1293,1294,1295,1322,1398,1424,1473,1474,1478,1587,1809,1945,2179,2220,2221,2222,2223,2305,2315,2407,3263,3336,3361,3414,3577,3606,3703,4112,4217,4949,5758,5759,5760,
464;0;3519;3530;0;15,24,25,26,27,38,54,55,60,63,95,100,137,138,139,144,145,202,208,225,251,274,276,288,321,390,396,397,404,429,528,569,581,645,765,833,838,872,875,948,987,1051,1145,1146,1270,1288,1293,1294,1295,1322,1398,1423,1424,1473,1474,1478,1587,1809,1945,2163,2179,2220,2221,2222,2223,2305,2315,2407,3263,3336,3361,3577,3606,3703,4112,4217,4280,4949,5645,8118,
7;1;3530;3567;1;15,24,25,26,27,38,54,55,60,63,95,100,137,138,139,144,145,189,208,225,251,274,276,288,321,390,396,397,404,429,528,569,581,645,765,833,838,871,872,873,874,875,876,877,878,879,948,1051,1145,1146,1270,1288,1293,1294,1295,1322,1398,1473,1474,1478,1587,1809,1945,2220,2221,2222,2223,2305,2315,2407,3263,3336,3361,3577,3606,3703,4112,4217,4949,5645,
136;0;3567;3731;1;15,24,25,26,27,38,54,55,60,63,100,137,139,144,145,189,208,225,251,274,276,288,321,390,396,397,404,429,528,569,581,765,833,838,871,872,873,874,875,948,1051,1145,1146,1268,1270,1277,1279,1288,1293,1294,1295,1322,1473,1474,1478,1587,1809,1945,2080,2220,2222,2223,2305,2315,2407,2796,3263,3336,3361,3577,3609,3703,4217,4949,5645,6957,7029,7071,7072,7073,
469;0;4320;4484;0;15,24,25,26,27,38,54,55,60,63,100,137,139,144,145,189,208,225,251,274,276,288,321,390,396,397,404,429,528,569,581,730,765,833,838,871,872,873,874,875,948,1051,1145,1146,1268,1270,1277,1279,1288,1293,1294,1295,1322,1473,1474,1478,1572,1587,1809,1945,2080,2220,2222,2223,2305,2315,2407,2796,3263,3336,3361,3577,3609,3610,3703,4217,4949,5645,6957,
10;1;4484;4523;1;15,24,25,26,27,38,54,55,60,61,63,100,137,139,144,145,188,206,208,225,251,274,276,288,321,390,396,397,404,429,490,491,516,528,547,569,581,736,765,796,838,871,872,873,874,875,948,965,1051,1145,1146,1268,1270,1277,1283,1288,1293,1294,1322,1473,1474,1478,1558,1587,1809,1945,2220,2222,2223,2305,2407,3263,3336,3361,3577,3609,3703,3993,4217,5857,
89;1;4523;4635;1;15,24,25,26,27,38,54,55,60,61,63,100,137,139,144,145,188,206,208,225,251,274,276,288,321,390,396,397,404,429,490,491,516,528,547,569,581,736,765,796,838,871,872,873,874,875,948,1051,1145,1146,1268,1270,1277,1283,1288,1293,1294,1322,1473,1474,1478,1558,1587,1809,1945,2022,2220,2222,2223,2305,2407,3263,3336,3361,3577,3609,3703,3993,4217,
454;0;4635;4756;1;15,24,25,26,27,38,54,55,60,61,63,100,137,139,144,145,188,206,208,225,251,274,276,288,321,390,396,397,404,429,490,491,516,528,547,569,581,736,765,796,838,871,872,873,874,875,948,1051,1145,1146,1268,1270,1277,1283,1288,1293,1294,1322,1473,1474,1478,1558,1587,1809,1945,2220,2222,2223,2305,2407,3263,3336,3361,3577,3609,3703,3993,4217,6137,
106;1;4756;4865;1;15,16,17,20,24,25,26,27,34,38,40,45,54,55,60,61,63,100,137,139,144,145,188,208,225,251,274,276,288,321,390,396,397,404,429,448,490,494,528,569,581,736,765,838,871,872,873,874,875,948,1051,1145,1146,1268,1270,1277,1288,1293,1294,1322,1473,1474,1478,1558,1582,1587,1809,1945,2220,2222,2223,2305,2407,3263,3336,3361,3577,3609,3703,4217,
415;0;4865;4869;0;15,16,17,24,25,26,27,34,38,54,55,60,61,63,100,137,139,144,145,188,208,225,251,274,276,288,321,390,396,397,398,404,429,490,528,569,581,736,765,838,871,872,873,874,875,948,1051,1145,1146,1268,1270,1277,1288,1293,1294,1322,1473,1474,1478,1558,1582,1587,1809,1945,2220,2222,2223,2305,2407,2649,3263,3336,3361,3577,3609,3703,4217,6114,7215,
30;0;4869;4881;1;15,16,17,19,24,25,26,27,34,38,54,55,60,61,63,100,137,139,144,145,188,208,225,251,274,276,288,321,390,396,397,398,404,429,490,528,569,581,736,765,838,871,872,873,874,875,948,1051,1145,1146,1268,1270,1277,1288,1293,1294,1322,1473,1474,1478,1558,1582,1587,1809,1945,2220,2222,2223,2305,2407,3263,3336,3361,3577,3609,3627,3703,3740,3741,4217,
105;1;4881;5019;1;8,15,16,17,19,24,25,26,27,34,38,54,55,60,61,63,100,137,139,144,145,208,225,251,274,276,288,321,390,396,397,398,404,429,490,528,569,581,765,838,871,872,873,874,875,948,1051,1134,1145,1146,1268,1270,1277,1288,1293,1294,1322,1473,1474,1478,1558,1582,1587,1757,1809,1945,2220,2222,2223,2305,2407,3263,3336,3361,3577,3609,3627,3703,4217,
55;0;5019;5175;0;15,16,19,24,25,26,27,34,38,54,60,61,63,100,137,144,145,225,251,274,276,288,321,390,396,397,398,404,449,476,479,528,569,581,765,838,871,872,873,874,948,1051,1145,1146,1268,1270,1271,1275,1277,1288,1293,1294,1322,1334,1473,1474,1478,1558,1587,1945,2220,2222,2223,2407,3070,3263,3336,3348,3349,3355,3360,3361,3577,3609,3703,3774,4217,4909,5474,5487,
483;0;5760;5797;0;15,16,19,24,25,26,27,34,38,54,60,61,63,100,137,144,145,193,225,251,274,276,288,321,390,396,397,398,404,410,449,476,479,528,569,581,765,838,871,872,873,874,948,1051,1145,1146,1268,1270,1271,1275,1277,1288,1293,1294,1322,1334,1473,1474,1478,1558,1587,1945,2220,2222,2223,2407,3070,3263,3336,3348,3349,3355,3360,3361,3577,3609,3703,3774,4217,
33;1;5797;5954;0;3,15,16,19,24,25,26,27,34,38,54,60,61,63,100,137,144,145,193,225,251,274,276,288,321,390,396,397,398,404,410,449,476,528,569,581,765,838,871,872,873,874,948,1048,1051,1054,1145,1146,1268,1270,1271,1275,1277,1288,1293,1294,1322,1358,1473,1474,1478,1558,1587,1604,1725,1805,1945,2220,2222,2223,2407,3263,3348,3349,3577,3609,3703,3774,4217,
156;1;5954;6129;1;3,15,16,19,24,25,26,27,34,38,54,60,61,63,100,137,144,145,225,251,274,276,288,321,390,396,397,398,404,528,569,581,598,765,838,871,872,873,874,948,1048,1051,1054,1145,1146,1268,1270,1275,1277,1287,1288,1292,1293,1294,1322,1358,1473,1474,1478,1558,1587,1604,1782,1945,2220,2222,2223,2239,2241,2242,2263,2407,3026,3027,3263,3577,3609,3703,4217,
465;0;6129;6255;1;3,15,16,19,24,25,26,27,34,38,54,60,61,63,100,137,144,145,225,251,274,275,276,288,321,390,396,397,398,404,569,581,765,769,838,843,871,872,873,874,948,951,1048,1051,1054,1072,1145,1146,1270,1275,1277,1287,1288,1293,1322,1358,1473,1474,1478,1518,1558,1587,1604,1610,2220,2222,2223,2239,2263,2398,2588,2680,3263,3577,3609,3703,4217,4747,5531,5757,
346;0;6255;6287;0;3,15,16,19,24,25,26,27,34,38,54,60,61,63,100,137,144,145,225,251,275,276,288,321,390,396,397,398,404,569,581,742,765,769,838,843,871,872,873,874,948,1048,1051,1054,1145,1146,1262,1270,1275,1277,1287,1288,1293,1322,1358,1473,1474,1478,1518,1558,1563,1587,1604,2216,2220,2222,2223,2239,2263,2876,3263,3577,3609,3703,3807,3808,3809,3810,4217,4747,
133;0;6287;6331;0;3,15,16,19,24,25,26,27,34,38,54,60,61,63,100,137,144,145,225,249,251,275,276,288,321,390,396,397,398,404,569,581,765,838,843,871,872,873,874,948,1048,1051,1054,1145,1146,1262,1270,1275,1277,1287,1288,1293,1322,1358,1473,1474,1478,1518,1558,1587,1604,2064,2216,2220,2222,2223,2239,2263,2934,3263,3577,3609,3703,4217,4747,4841,4913,6977,7990,8354,
161;1;6331;6415;0;3,15,16,19,24,25,26,27,34,38,54,60,61,63,100,137,144,145,225,249,251,275,276,288,321,390,396,397,398,404,569,581,765,838,843,871,872,873,874,948,1048,1051,1054,1145,1146,1262,1270,1275,1277,1287,1288,1293,1322,1358,1473,1474,1478,1518,1558,1587,1604,2216,2220,2222,2223,2239,2263,3263,3577,3609,3703,4217,4747,5080,5984,5992,6377,6584,6585,
71;0;6415;6456;0;3,15,16,19,24,25,26,27,34,38,54,60,61,63,100,137,144,145,225,249,251,275,276,288,321,390,396,397,398,404,569,581,765,838,843,871,872,873,874,948,1048,1051,1054,1145,1146,1262,1270,1275,1277,1287,1288,1293,1322,1358,1473,1474,1478,1518,1558,1587,1604,2216,2220,2222,2223,2239,2263,3263,3337,3577,3609,3703,4747,5984,5992,6584,7712,7720,7721,
155;1;6456;6497;1;3,15,16,19,24,25,26,27,34,38,54,60,61,63,100,137,144,145,225,249,251,275,276,288,321,390,396,397,398,404,569,581,765,838,843,871,872,873,874,948,1048,1051,1054,1145,1146,1262,1270,1275,1277,1287,1288,1293,1322,1358,1473,1474,1478,1518,1558,1587,1604,2216,2220,2222,2223,2239,2263,3263,3337,3577,3609,3703,4747,5984,5992,6584,7712,7720,7721,
60;1;6497;6550;0;3,15,16,19,24,25,26,27,34,38,54,60,61,63,100,137,144,145,225,249,251,275,276,288,321,390,396,397,398,404,569,581,765,838,843,871,872,873,874,948,1048,1051,1054,1145,1146,1262,1270,1275,1277,1287,1288,1293,1322,1358,1473,1474,1478,1518,1558,1587,1604,2216,2220,2222,2223,2239,2263,3263,3337,3577,3609,3703,4747,5984,5992,6584,7712,7720,7721,
101;1;6550;6644;1;3,15,16,19,24,25,26,27,34,38,54,60,61,63,100,101,137,144,145,146,225,249,251,276,288,321,390,396,397,398,404,569,581,765,838,871,872,873,874,1048,1051,1054,1145,1146,1262,1270,1275,1277,1287,1288,1293,1322,1358,1473,1474,1478,1518,1604,1726,2220,2222,2223,2239,2263,3263,3577,3609,3703,4035,4219,5777,5984,5987,5992,6090,6513,6584,7926,7927,7958,
165;1;7200;7208;0;3,15,16,19,24,25,26,27,34,38,54,60,61,63,100,101,136,137,144,145,146,225,249,251,276,288,321,390,396,397,398,404,569,581,765,838,871,872,873,874,1048,1051,1054,1145,1146,1262,1270,1275,1277,1287,1288,1293,1322,1358,1360,1363,1473,1474,1478,1518,1604,1726,1970,1971,2220,2222,2223,2239,2263,3263,3577,3609,3703,4035,5984,5987,5992,6090,6513,
369;0;7208;7284;1;3,15,16,19,24,25,26,27,34,38,54,60,61,63,100,101,136,137,144,145,146,225,249,251,276,288,321,390,396,397,398,404,569,581,765,838,871,872,873,874,1048,1051,1054,1145,1146,1262,1270,1275,1277,1287,1288,1293,1322,1358,1360,1363,1473,1474,1478,1518,1604,1726,1970,1971,2220,2222,2223,2239,2263,2829,3263,3577,3609,3703,4489,5262,5984,5987,5992,
1;0;7284;7370;0;3,15,16,19,24,25,26,27,34,38,54,60,61,63,100,101,136,137,144,145,225,249,251,276,288,321,366,390,396,397,398,404,457,581,728,765,838,871,872,873,874,1048,1051,1054,1145,1146,1270,1275,1277,1287,1288,1293,1322,1358,1363,1473,1474,1478,1518,1604,1970,1971,2174,2220,2222,2223,2232,2239,2263,2941,3060,3263,3421,3422,3577,3609,3703,3831,3842,3948,
22;1;7370;7381;0;3,15,16,19,24,25,26,27,34,38,54,60,61,63,100,101,136,137,144,145,225,249,251,276,288,321,366,390,396,397,398,404,457,581,728,765,838,871,872,873,874,1048,1051,1054,1145,1146,1266,1270,1275,1277,1287,1288,1293,1322,1358,1363,1473,1474,1478,1518,1604,1970,1971,2174,2220,2222,2223,2232,2239,2263,2941,3060,3263,3421,3422,3577,3703,3831,3948,
126;0;7381;7401;0;3,15,16,19,24,25,26,27,34,38,54,60,61,100,101,136,137,144,145,225,249,251,276,288,321,366,390,396,397,398,404,457,520,581,728,765,838,871,872,873,874,1048,1051,1054,1145,1146,1266,1270,1275,1277,1287,1288,1293,1322,1358,1363,1473,1474,1478,1518,1604,1970,1971,2174,2220,2222,2223,2232,2239,2263,2419,2837,2941,3060,3263,3421,3577,3703,3831,
2;0;7401;7461;0;3,15,16,19,24,25,26,27,34,38,54,60,61,100,101,136,137,144,145,225,249,251,276,288,321,366,390,396,397,398,404,457,581,655,662,765,838,871,872,873,874,1048,1051,1054,1145,1146,1266,1270,1275,1277,1287,1288,1293,1322,1358,1363,1473,1474,1478,1518,1604,1970,1971,2174,2220,2222,2223,2232,2239,2263,2419,2512,2941,3060,3263,3421,3577,3703,3831,
154;0;7461;7517;1;3,15,16,19,24,25,26,27,34,36,38,44,54,60,100,101,136,137,144,145,225,251,276,288,321,366,390,396,397,398,404,421,457,581,655,765,838,871,872,873,874,1048,1051,1054,1145,1146,1179,1247,1261,1270,1275,1277,1287,1288,1293,1322,1358,1363,1473,1474,1478,1518,1604,1605,1606,1970,1971,2220,2222,2223,2239,2263,2419,2512,2941,3060,3263,3703,3831,
139;0;7517;7637;0;3,15,16,19,24,25,26,34,38,44,54,60,100,136,137,144,145,149,225,241,262,276,277,288,321,390,391,396,397,398,404,421,457,581,765,838,871,872,873,874,1048,1051,1093,1118,1146,1179,1214,1247,1261,1275,1277,1287,1293,1322,1358,1363,1468,1473,1474,1478,1518,1604,1606,2109,2220,2222,2223,2239,2263,2451,2512,2709,2926,2941,3060,3263,3703,3831,5243,6125,
462;0;7637;7655;1;1,3,16,24,38,54,100,137,144,149,225,226,262,270,276,277,288,321,329,391,396,397,398,404,581,765,838,871,872,873,874,1051,1069,1093,1146,1204,1214,1293,1473,1474,1475,1476,1477,1478,1518,1599,1667,1803,1825,2109,2134,2222,2223,2451,3060,3108,3263,3278,3703,4033,4535,4857,4891,4902,4925,4926,4927,4928,4929,4930,4931,4932,4933,4934,4935,4936,4937,4938,4939,5296,
105;0;7655;7710;1;1,3,16,24,38,54,100,137,144,149,225,226,262,270,276,277,288,321,329,391,396,397,398,404,581,607,765,838,871,872,873,874,1051,1069,1093,1146,1204,1214,1293,1473,1474,1475,1476,1477,1478,1518,1530,1667,1803,1825,2109,2134,2222,2223,2451,3060,3108,3263,3278,3703,4033,4535,4857,4891,4902,4925,4926,4927,4928,4929,4930,4931,4932,4933,4934,4935,4936,4937,4938,4939,
32;0;7710;7722;0;1,3,16,24,38,54,100,137,144,149,225,226,262,270,276,277,288,321,329,391,396,397,398,404,581,607,765,838,871,872,873,874,1051,1069,1093,1146,1204,1214,1293,1473,1474,1475,1476,1477,1478,1518,1530,1667,1803,1825,2109,2134,2222,2223,2451,3060,3108,3263,3278,3703,4033,4535,4857,4891,4902,4925,4926,4927,4928,4929,4930,4931,4932,4933,4934,4937,4939,8496,8497,
395;0;7722;7764;0;1,3,16,24,38,54,100,137,144,149,225,226,262,270,276,277,288,321,329,391,396,397,398,404,581,607,765,838,871,872,873,874,1051,1069,1093,1146,1204,1214,1293,1473,1474,1475,1476,1477,1478,1518,1530,1667,1803,1825,2109,2134,2222,2223,2451,3060,3108,3263,3278,3703,4033,4535,4857,4891,4902,4925,4926,4927,4928,4929,4930,4931,4932,4933,4934,4937,4939,7360,8496,
145;1;7764;7768;0;1,3,16,24,38,54,100,137,144,149,225,226,262,276,277,288,321,329,351,391,396,397,398,404,581,591,607,677,765,838,871,872,873,874,1051,1069,1093,1146,1204,1214,1293,1473,1474,1476,1478,1518,1530,1667,2109,2134,2222,2223,2627,2645,2678,2679,2774,2775,2778,3060,3263,3447,3703,4332,4535,4600,4604,4627,4852,4853,4854,4855,4856,4857,4858,4859,4860,4931,4937,
49;0;7768;7789;1;1,3,16,24,38,54,100,137,144,149,225,226,262,276,277,288,321,329,351,391,396,397,398,404,581,640,677,765,838,871,872,873,874,1051,1069,1093,1146,1214,1293,1473,1474,1476,1478,1518,1530,1667,2109,2134,2222,2223,2627,2645,2678,2679,2687,2774,2775,2776,2778,2790,3019,3060,3263,3447,3703,4535,4604,4605,4931,4937,4946,5370,6629,7428,8147,8653,8654,8655,8656,8657,
459;0;7789;7908;1;1,3,16,24,38,54,100,137,144,149,225,226,262,276,277,288,321,329,351,391,396,397,398,404,581,640,677,765,838,871,872,873,874,1051,1069,1093,1146,1214,1293,1473,1474,1476,1478,1518,1530,1667,2109,2134,2222,2223,2627,2645,2678,2679,2687,2774,2775,2776,2778,2790,3019,3060,3263,3447,3703,4535,4604,4605,4931,4937,4946,5370,6136,6145,6629,7428,8147,8282,8356,
141;0;7908;7956;1;1,3,16,24,38,54,100,137,144,149,225,226,262,276,277,288,321,329,351,391,396,397,398,404,581,640,677,765,838,871,872,873,874,1051,1069,1093,1146,1214,1293,1473,1474,1476,1478,1518,1530,1667,2109,2134,2222,2223,2627,2645,2678,2679,2687,2774,2775,2776,2778,2790,3019,3060,3263,3447,3703,4535,4604,4605,4931,4937,4946,5370,6136,6145,6629,7428,8147,8282,8356,
6;0;7956;8116;1;1,3,16,24,38,54,100,137,144,149,225,226,262,276,277,288,321,329,351,391,396,397,398,404,581,640,677,765,838,871,872,873,874,1051,1069,1093,1146,1214,1293,1473,1474,1476,1478,1518,1530,1667,2109,2134,2222,2223,2627,2645,2678,2679,2687,2774,2775,2776,2778,2790,3019,3060,3263,3447,3703,4535,4604,4605,4931,4937,4946,5370,6136,6145,6629,7368,7428,8147,8282,
87;0;8640;8670;1;24,38,54,100,104,137,144,149,225,262,276,288,297,321,329,351,396,397,398,404,438,581,640,677,765,834,838,854,871,872,873,874,931,947,949,1051,1146,1151,1168,1214,1293,1474,1478,1518,1519,1528,1667,1674,2222,2223,2491,2627,2645,2667,2678,2679,2737,2774,2775,2778,3060,3263,3531,3638,3703,4400,4605,4937,5456,5656,5774,5841,6022,6441,7320,7463,8022,8095,8303,8578,
135;0;8670;8725;1;24,38,54,100,137,144,149,225,262,276,288,297,321,329,351,396,397,398,404,438,581,640,677,765,834,838,854,871,872,873,874,912,931,947,949,1051,1146,1151,1168,1214,1293,1474,1478,1518,1519,1528,1608,1667,1674,1763,2222,2223,2458,2491,2627,2645,2678,2679,2774,2775,2778,3060,3120,3121,3263,3284,3435,3531,3638,3703,4605,4937,5841,6022,6234,6441,7463,8095,8303,
80;0;8725;8773;1;24,38,54,100,137,144,149,225,262,276,288,292,297,321,329,351,396,397,398,404,581,640,677,691,765,834,838,854,871,872,873,874,912,949,1051,1146,1151,1168,1214,1293,1474,1478,1518,1519,1528,1667,1674,1763,2106,2222,2223,2627,2645,2678,2679,2774,2775,2777,2778,3060,3121,3263,3284,3435,3638,3703,4567,4568,4569,4570,4571,4605,4937,5841,6022,6441,7463,8095,8303,
125;1;8773;8781;0;24,38,54,100,137,144,149,225,262,276,288,292,297,321,329,351,396,397,398,404,581,640,677,691,765,834,838,854,871,872,873,874,912,949,1051,1146,1151,1168,1214,1293,1474,1478,1518,1519,1528,1667,1674,1763,2106,2222,2223,2627,2645,2678,2679,2774,2775,2777,2778,3060,3121,3263,3284,3435,3638,3703,4567,4568,4569,4570,4571,4605,4937,5841,6022,6441,7463,8095,8303,
136;1;8781;8822;1;24,38,54,100,137,144,149,225,262,276,288,292,297,321,329,351,396,397,398,404,581,640,677,765,834,838,854,871,872,873,874,912,949,1051,1146,1151,1168,1214,1293,1463,1474,1478,1518,1519,1528,1667,1674,1716,1763,2106,2222,2627,2645,2678,2679,2774,2775,2777,2778,2894,2895,2896,3060,3121,3263,3284,3435,3638,3703,4567,4569,4605,4937,5841,6022,6441,7463,8095,8303,
6;1;8822;8870;1;24,38,54,100,137,143,144,149,225,262,276,288,292,297,321,329,351,396,397,398,404,581,640,677,765,834,838,854,871,872,873,874,912,949,1051,1146,1151,1168,1214,1293,1361,1463,1474,1478,1518,1519,1528,1667,1674,1763,2106,2222,2627,2645,2678,2679,2774,2775,2777,2778,2988,3060,3121,3263,3284,3435,3638,3703,4567,4569,4605,4937,5841,6022,6441,7036,7463,8095,8303,
339;0;8870;8914;1;24,38,54,100,117,137,143,144,149,225,262,276,288,292,297,321,329,351,396,397,398,404,581,640,677,765,834,838,854,871,872,873,874,949,1051,1146,1151,1168,1214,1293,1463,1474,1478,1518,1519,1528,1667,1674,1763,2627,2645,2678,2679,2774,2775,2777,2778,2802,3060,3121,3263,3435,3638,3703,4569,4605,4606,4612,4628,4775,4937,5052,6022,6841,7463,8007,8008,8009,8010,8095,
41;0;8914;8944;0;24,38,54,100,117,137,143,144,149,225,262,276,288,292,297,321,329,351,396,397,398,404,581,640,677,765,834,838,854,871,872,873,874,949,1051,1146,1151,1168,1214,1293,1463,1474,1478,1518,1519,1528,1667,1674,1763,1779,2273,2286,2627,2645,2678,2679,2774,2775,2777,2778,2802,3060,3121,3263,3384,3435,3638,3703,4569,4605,4606,4612,4775,4937,4993,5672,6022,7463,8095,
15;0;8944;9030;1;24,38,54,100,117,137,143,144,149,189,225,262,276,288,292,297,321,329,351,396,397,398,404,581,640,677,765,834,838,854,871,872,873,874,949,1051,1142,1146,1151,1168,1214,1293,1456,1460,1461,1463,1474,1478,1518,1519,1528,1667,1674,1763,1779,2286,2627,2645,2678,2679,2774,2775,2777,2778,2802,3121,3263,3435,3638,3703,4569,4605,4606,4612,4775,4937,6022,7463,8095,
94;0;9030;9049;0;24,54,100,117,137,143,144,149,170,189,225,262,276,288,292,297,321,329,351,396,397,398,404,581,597,631,640,677,765,834,838,854,871,872,949,1051,1146,1151,1168,1214,1293,1463,1474,1478,1518,1519,1528,1667,1674,1763,1779,2286,2627,2645,2678,2679,2774,2775,2777,2778,2802,3121,3263,3435,3638,3703,4272,4569,4605,4606,4612,4775,4937,5645,6022,7463,8095,8601,8602,
487;0;9049;9065;1;24,54,89,94,100,117,144,149,225,276,288,292,321,329,396,397,398,404,581,583,586,640,677,765,770,833,834,838,854,890,949,1151,1168,1214,1293,1447,1474,1478,1518,1519,1524,1528,1529,1667,1763,2286,2602,2627,2659,2678,2679,2693,2721,2774,2775,2777,2778,3263,3511,3527,3581,3582,3638,3703,4537,4574,4732,4802,4937,4949,5339,5340,5341,5342,5343,5344,5345,5346,5347,6022,
142;0;9065;9077;0;4,24,54,87,89,90,94,100,117,144,149,225,276,288,292,321,329,396,397,398,404,581,640,677,764,765,768,770,833,834,836,838,854,858,862,944,945,949,1151,1214,1293,1447,1474,1478,1515,1516,1517,1518,1519,1520,1521,1522,1523,1524,1525,1526,1527,1529,1667,1763,2286,2602,2627,2678,2679,2693,2774,2775,2777,2778,3263,3527,3703,4537,4937,4949,5339,5341,6022,
424;0;9077;9087;1;4,24,54,87,89,90,94,100,117,144,149,225,276,288,292,321,329,396,397,398,404,581,640,677,765,770,833,834,836,838,854,858,862,944,945,949,1214,1293,1447,1474,1478,1515,1516,1518,1519,1521,1524,1527,1529,1667,1763,2286,2602,2627,2678,2679,2693,2774,2775,2777,2778,3263,3527,3703,4537,4937,4949,5339,5341,6022,8787,8788,8968,8969,8970,8971,8972,8973,8974,
364;0;9087;9163;1;4,24,54,87,89,90,94,100,117,144,149,225,276,288,290,291,292,321,329,396,397,398,404,581,640,677,765,770,833,834,838,854,858,862,945,949,1117,1214,1293,1447,1474,1478,1515,1516,1518,1519,1521,1524,1527,1529,1667,1763,2286,2602,2627,2678,2679,2690,2693,2774,2775,2777,2778,3263,3527,3703,4537,4633,4937,4949,5259,5339,5341,6022,6731,6732,6742,8787,8788,
87;1;9163;9183;1;24,54,90,100,117,138,144,149,225,276,288,290,291,292,321,329,396,397,398,404,581,640,644,645,677,765,838,854,862,892,896,911,949,1075,1117,1214,1293,1447,1472,1474,1478,1521,1529,1623,1661,1667,1763,1973,2103,2286,2427,2428,2429,2430,2431,2432,2433,2434,2435,2436,2437,2438,2439,2440,2441,2442,2627,2678,2679,2690,2774,2775,2777,2778,3263,3703,4949,6022,8787,8788,
144;1;9183;9211;1;24,54,90,100,117,138,144,149,225,276,288,290,291,292,321,329,396,397,398,404,581,640,644,645,677,765,838,854,862,892,896,911,949,1075,1117,1214,1291,1293,1295,1447,1472,1474,1478,1521,1529,1623,1661,1667,1763,1973,2103,2240,2286,2427,2428,2429,2430,2432,2435,2436,2440,2441,2627,2678,2679,2690,2774,2775,2777,2778,2794,3263,3606,3703,4343,4949,6022,8787,8788,
162;0;9211;9359;1;24,54,90,100,117,138,144,149,225,276,288,290,291,292,321,329,396,397,398,404,581,640,644,645,647,677,765,838,854,855,862,892,896,911,949,1075,1117,1214,1291,1293,1295,1398,1447,1472,1474,1478,1521,1529,1623,1661,1667,1763,1973,2103,2240,2286,2428,2429,2432,2435,2436,2440,2441,2627,2678,2679,2690,2774,2775,2777,2778,2794,3263,3606,3703,4949,6022,8787,8788,
36;1;9359;9523;1;24,54,60,90,100,117,138,144,149,225,276,288,290,291,292,321,329,396,397,398,404,581,640,644,645,647,677,765,838,854,855,862,892,911,949,1075,1117,1214,1291,1293,1295,1398,1447,1472,1474,1478,1521,1529,1623,1661,1667,1763,1973,2103,2240,2259,2428,2429,2432,2435,2436,2440,2441,2627,2678,2679,2690,2774,2775,2777,2778,2794,3263,3606,3703,4949,6022,8787,8788,
END;176;1418;147;32;1432
TIME;2178341
