input/MyInstancesDiferentToolSets/n=212,p=0.75,r=0.4,t=296,v0.csv;./input/Processed/ToolSetInt.csv
6;720;1440;8640
Machine: 0
151;0;0;6;1;27,126,145,198,225,231,233,274,290,291,377,395,397,407,429,472,949,1268,1279,1836,1884,2064,2146,2147,2559,2645,2658,2767,2774,2775,2776,2778,2779,2812,2875,2941,2947,3263,3986,3987,3988,3989,4052,4604,4605,4606,4740,4781,4853,4854,5331,5340,5370,5683,5684,5685,5686,5687,5688,5689,5757,5809,5894,6424,6570,6571,6572,6573,6574,6575,6576,6577,6578,6579,6580,6581,6582,6791,7029,8400,
165;0;6;16;1;27,126,145,198,225,231,233,274,290,291,377,395,397,407,429,472,949,1268,1279,1836,1884,2064,2146,2147,2559,2645,2658,2767,2774,2775,2776,2778,2779,2812,2875,2941,2947,3263,3986,3987,3988,3989,4052,4604,4605,4606,4740,4781,4853,4854,5331,5340,5370,5683,5684,5685,5686,5687,5688,5689,5757,5809,5894,6424,6570,6571,6572,6573,6574,6575,6576,6577,6578,6579,6580,6581,6582,6791,7029,8400,
161;0;16;31;1;27,126,145,198,225,231,233,274,290,291,377,395,397,407,429,472,949,1268,1279,1836,1884,2064,2146,2147,2559,2645,2658,2767,2774,2775,2776,2778,2779,2812,2875,2941,2947,3263,3986,3987,3988,3989,4052,4604,4605,4606,4740,4781,4853,4854,5331,5340,5370,5683,5684,5685,5686,5687,5688,5689,5757,5809,5894,6424,6570,6571,6572,6573,6574,6575,6576,6577,6578,6579,6580,6581,6582,6791,7029,8400,
205;0;31;50;1;27,126,145,198,225,231,233,274,290,291,377,395,397,407,429,472,949,1268,1279,1836,1884,2064,2146,2147,2559,2645,2658,2767,2774,2775,2776,2778,2779,2812,2875,2941,2947,3263,3986,3987,3988,3989,4052,4604,4605,4606,4740,4781,4853,4854,5331,5340,5370,5683,5684,5685,5686,5687,5688,5689,5757,5809,5894,6424,6570,6571,6572,6573,6574,6575,6576,6577,6578,6579,6580,6581,6582,6791,7029,8400,
174;0;50;83;1;27,126,145,198,225,231,233,274,290,291,377,395,397,407,429,472,949,1268,1279,1836,1884,2064,2146,2147,2559,2645,2658,2767,2774,2775,2776,2778,2779,2812,2875,2941,2947,3263,3986,3987,3988,3989,4052,4604,4605,4606,4740,4781,4853,4854,5331,5340,5370,5683,5684,5685,5686,5687,5688,5689,5757,5809,5894,6424,6570,6571,6572,6573,6574,6575,6576,6577,6578,6579,6580,6581,6582,6791,7029,8400,
62;0;83;100;1;27,126,137,145,198,225,231,233,274,288,290,291,329,377,395,397,407,429,472,838,839,901,949,1118,1170,1268,1279,1809,1836,1884,2064,2146,2147,2504,2559,2645,2658,2767,2774,2775,2776,2778,2779,2812,2875,2941,2947,3263,3435,3986,3987,3988,3989,4052,4604,4605,4606,4612,4740,4759,4781,4800,4853,4854,5043,5370,5685,5890,5891,5892,5894,5895,5898,5899,5901,6126,6127,6128,6129,6130,
62;1;100;118;1;2,4,27,95,126,137,145,148,198,225,231,233,274,288,290,291,300,329,377,393,395,397,401,407,429,472,838,839,901,949,1050,1051,1052,1118,1133,1150,1170,1232,1233,1268,1279,1604,1801,1806,1809,1836,1884,2064,2146,2147,2355,2504,2559,2645,2658,2767,2774,2775,2776,2778,2779,2812,2817,2818,2875,2941,2947,3263,3435,3986,3987,3988,3989,4605,4740,4759,4854,5370,5685,5890,
183;0;118;159;1;2,4,27,95,126,137,145,148,198,225,231,233,262,274,288,290,291,300,329,377,393,395,397,401,407,429,472,838,839,901,949,1050,1051,1052,1118,1133,1150,1170,1232,1233,1268,1279,1604,1801,1806,1809,1836,1884,2064,2146,2147,2355,2504,2559,2645,2658,2676,2767,2774,2775,2776,2778,2779,2812,2817,2818,2875,2941,2947,3263,3986,3988,4605,4740,4759,4854,5370,5685,5890,6748,
207;0;159;208;1;2,4,27,95,97,126,137,144,145,148,178,179,198,225,231,233,262,274,288,290,291,300,307,311,312,329,377,393,395,397,401,407,429,472,838,839,901,949,1039,1040,1050,1051,1052,1118,1133,1150,1170,1232,1233,1268,1279,1604,1801,1806,1809,1836,1884,2064,2146,2147,2355,2504,2559,2645,2658,2774,2775,2778,2779,2941,3263,3986,3988,4605,4740,4759,4854,5370,5685,5890,
206;0;208;260;1;2,4,27,95,97,126,137,144,145,148,149,178,179,198,225,231,233,241,262,274,277,288,290,291,300,307,311,312,321,329,377,391,393,395,397,400,401,407,429,472,838,839,901,949,1039,1040,1050,1051,1052,1118,1133,1150,1170,1232,1233,1268,1279,1478,1604,1801,1809,2147,2355,2645,2658,2774,2775,2778,2779,2941,3263,3986,3988,4605,4740,4759,4854,5370,5685,5890,
179;0;260;313;1;2,3,4,27,95,97,126,137,139,144,145,148,149,178,179,198,225,231,233,241,262,274,277,288,290,291,300,307,311,312,321,329,333,377,391,393,395,397,400,401,407,429,769,838,948,949,1050,1051,1052,1118,1170,1233,1268,1279,1478,1604,1633,1749,1809,2147,2355,2645,2658,2774,2775,2778,2779,2941,3263,3986,3988,4471,4553,4605,4740,4759,4854,5370,5685,5890,
188;0;313;377;1;2,3,4,27,95,97,126,137,139,144,145,148,149,178,179,189,198,225,231,241,262,277,288,290,291,311,312,321,329,377,391,395,397,400,401,407,429,729,769,838,948,949,1050,1051,1052,1118,1170,1268,1269,1279,1295,1478,1604,1809,2147,2216,2217,2218,2219,2220,2221,2355,2645,2658,2774,2775,2778,2779,2941,3263,3986,3988,4553,4605,4740,4759,4854,5370,5685,5890,
186;0;377;446;1;2,3,4,27,95,97,126,137,139,144,145,148,149,178,179,189,198,225,231,241,262,277,288,290,291,311,312,321,329,377,391,395,397,400,401,407,429,729,769,838,948,949,1050,1051,1052,1118,1170,1268,1269,1279,1295,1478,1604,1809,2147,2216,2217,2218,2219,2220,2355,2645,2658,2774,2775,2778,2779,2941,3263,3986,3988,4553,4605,4740,4759,4854,5370,5685,5890,8486,
52;0;446;610;0;2,3,4,27,95,97,126,137,139,144,145,148,149,178,179,189,198,225,231,241,262,277,288,290,291,311,312,321,329,377,391,395,397,400,401,407,429,729,769,838,948,949,1050,1051,1052,1118,1170,1268,1269,1279,1295,1478,1558,1587,1604,1809,2147,2216,2217,2218,2219,2355,2645,2658,2774,2775,2778,2779,2941,3263,3986,3988,4553,4605,4740,4759,4854,5370,5685,5890,
52;1;610;697;0;3,4,27,95,137,139,144,145,149,152,175,178,179,189,197,225,241,262,277,288,290,291,321,329,377,391,395,400,407,415,429,551,729,769,838,875,948,949,1051,1118,1170,1268,1269,1279,1291,1295,1341,1545,1558,1604,1777,2068,2147,2148,2174,2233,2258,2774,2775,2778,2856,2873,2941,3263,3409,3802,3829,3986,4060,4553,4605,4854,4864,4866,4868,4869,4871,5370,5779,5780,
66;0;697;798;0;3,4,26,27,88,95,137,139,144,145,146,149,241,262,277,288,291,314,321,377,390,398,400,407,415,429,528,698,841,843,847,875,948,949,1051,1070,1118,1121,1268,1270,1287,1289,1447,1604,1680,1783,1816,2264,2265,2941,2949,2950,2951,2952,2953,2954,2955,2956,3309,3606,3785,3786,3787,3788,3789,3790,3791,3792,4033,4217,4277,4487,4488,4489,4490,4491,4492,5976,6105,6340,
66;1;798;907;0;3,4,26,27,88,95,137,139,144,145,146,149,241,262,277,288,291,314,321,377,390,398,400,407,415,429,528,698,841,843,847,875,948,949,1051,1070,1118,1121,1268,1270,1287,1289,1447,1604,1680,1783,1816,2264,2265,2941,2949,2950,2951,2952,2953,2954,2955,2956,3309,3606,3785,3786,3787,3788,3789,3790,3791,3792,4033,4217,4277,4487,4488,4489,4490,4491,4492,5976,6105,6340,
59;0;907;984;0;3,4,26,27,88,95,137,139,144,145,146,149,241,262,277,288,291,314,321,377,390,398,400,407,415,429,528,698,841,843,847,875,948,949,1051,1070,1118,1121,1268,1270,1287,1289,1447,1604,1680,1783,1816,2264,2265,2941,2949,2950,2951,2952,2953,2954,2955,2956,3309,3606,3785,3786,3787,3788,3789,3790,3791,3792,4033,4217,4277,4487,4488,4489,4490,4491,4492,5976,6105,6340,
59;1;984;1115;0;3,4,26,27,88,95,137,139,144,145,146,149,241,262,277,288,291,314,321,377,390,398,400,407,415,429,528,698,841,843,847,875,948,949,1051,1070,1118,1121,1268,1270,1287,1289,1447,1604,1680,1783,1816,2264,2265,2941,2949,2950,2951,2952,2953,2954,2955,2956,3309,3606,3785,3786,3787,3788,3789,3790,3791,3792,4033,4217,4277,4487,4488,4489,4490,4491,4492,5976,6105,6340,
35;0;1115;1272;0;3,4,26,27,88,95,137,139,144,145,146,149,241,262,277,288,291,314,321,377,390,398,400,407,415,429,528,698,841,843,847,875,948,949,1051,1070,1118,1121,1268,1270,1287,1289,1447,1604,1680,1783,1816,2264,2265,2941,2949,2950,2951,2952,2953,2954,2955,2956,3309,3606,3785,3786,3787,3788,3789,3790,3791,3792,4033,4217,4277,4487,4488,4489,4490,4491,4492,5976,6105,6340,
35;1;1272;1316;0;3,4,26,27,88,95,137,139,144,145,146,149,241,262,277,288,291,314,321,377,390,398,400,407,415,429,528,698,841,843,847,875,948,949,1051,1070,1118,1121,1268,1270,1287,1289,1447,1604,1680,1783,1816,2264,2265,2941,2949,2950,2951,2952,2953,2954,2955,2956,3309,3606,3785,3786,3787,3788,3789,3790,3791,3792,4033,4217,4277,4487,4488,4489,4490,4491,4492,5976,6105,6340,
21;0;1440;1468;0;3,4,26,27,95,137,139,144,145,146,149,228,234,262,268,288,291,314,377,390,398,400,407,415,429,430,528,606,608,609,875,927,948,949,1051,1068,1095,1118,1121,1207,1268,1287,1347,1378,1395,1406,1417,1447,1525,1604,1671,1913,2094,2337,2339,2531,2691,2715,2941,3111,4031,4161,4425,4475,5067,5138,5140,5141,5144,5147,5149,5228,5323,7683,8595,8596,8597,8598,8599,8600,
21;1;1468;1621;0;3,4,26,27,95,137,139,144,145,146,149,228,234,262,268,288,291,314,377,390,398,400,407,415,429,430,528,591,606,608,609,875,927,948,949,1051,1054,1068,1095,1117,1118,1120,1121,1124,1207,1268,1287,1347,1378,1395,1406,1417,1447,1525,1604,1671,1735,1736,1763,1913,2094,2337,2339,2531,2691,2715,2898,2941,3111,4031,4161,4425,4475,4834,5067,5138,5140,5257,5511,5512,
34;0;1621;1753;0;3,4,26,27,28,30,95,137,139,144,145,146,149,155,169,228,234,251,262,268,288,291,314,377,390,398,400,407,408,415,427,429,430,504,510,528,591,606,608,609,748,875,927,948,949,1051,1054,1068,1095,1117,1118,1120,1121,1162,1196,1207,1268,1287,1447,1525,1580,1604,1671,1735,1849,2036,2074,2179,2285,2715,2898,2941,3003,3004,3005,3006,3007,3008,3009,3010,
34;1;1753;1786;0;3,4,20,24,25,26,27,28,30,37,39,41,43,48,50,54,76,95,137,139,144,145,146,149,155,169,194,217,228,234,251,262,268,288,291,314,377,390,398,400,407,408,415,427,429,430,504,510,512,528,591,606,748,875,927,948,949,1051,1054,1095,1117,1118,1121,1196,1207,1268,1287,1447,1525,1604,1671,1735,2715,2898,2941,4286,5513,7243,7657,7658,
58;0;1786;1884;0;3,4,20,24,25,26,27,28,30,37,39,41,43,48,50,54,76,95,137,139,144,145,146,149,155,169,194,217,228,234,251,262,268,288,291,314,377,390,398,400,407,408,415,427,429,430,504,510,528,591,748,927,948,949,1048,1051,1054,1095,1117,1118,1121,1145,1196,1207,1268,1287,1358,1447,1525,1604,1671,1725,1735,1805,1945,1970,1971,2715,2898,2941,
58;1;1884;1951;0;3,4,24,26,30,37,54,95,100,137,138,139,144,145,146,149,228,234,251,262,268,288,291,297,314,377,390,395,398,400,415,429,528,591,640,677,748,766,836,854,863,927,948,949,1051,1054,1095,1117,1118,1121,1147,1172,1196,1268,1287,1447,1453,1469,1502,1525,1604,1661,1664,1667,1668,1670,1671,1673,1674,1735,1944,1972,1973,1974,1975,1976,1977,1978,2715,2941,
39;0;1951;1955;0;3,4,24,26,30,37,54,79,95,100,137,138,139,144,145,146,149,228,234,251,262,268,288,291,297,314,377,390,395,398,400,415,429,448,528,578,591,640,677,730,748,766,836,854,863,927,948,949,1051,1054,1095,1117,1118,1121,1147,1158,1172,1196,1268,1287,1447,1453,1469,1502,1525,1604,1661,1671,1674,1735,1944,1973,2028,2517,2715,2941,3929,3930,3931,3932,
39;1;1955;2115;0;3,4,24,26,30,37,54,79,95,100,137,138,139,144,145,146,149,228,234,251,262,268,288,291,297,314,377,390,395,398,400,415,429,448,528,578,591,640,677,730,748,836,854,863,927,948,949,1051,1054,1095,1117,1118,1121,1147,1196,1268,1274,1287,1293,1295,1297,1447,1469,1502,1525,1604,1671,1674,1702,1735,1944,1973,2261,2419,2420,2444,2446,2715,2941,4206,
0;0;2115;2163;0;24,26,34,54,95,139,144,145,170,190,202,225,245,273,290,297,314,329,395,398,506,528,597,631,640,647,769,854,891,1024,1095,1118,1147,1178,1196,1272,1283,1287,1293,1295,1354,1360,1474,1476,1480,1484,1558,1669,1750,1920,1994,2152,2261,2941,3022,3034,3345,3630,3715,4272,4407,4552,4553,4675,5099,5135,5206,5207,5263,5351,5375,5376,5645,5706,6184,7215,7216,7217,8601,8602,
0;1;2163;2237;0;24,26,34,54,95,139,144,145,170,190,202,225,245,273,290,297,314,329,395,398,506,528,597,631,640,647,769,854,891,1024,1095,1118,1147,1178,1196,1272,1283,1287,1293,1295,1354,1360,1474,1476,1480,1484,1558,1669,1750,1920,1994,2152,2261,2941,3022,3034,3345,3630,3715,4272,4407,4552,4553,4675,5099,5135,5206,5207,5263,5351,5375,5376,5645,5706,6184,7215,7216,7217,8601,8602,
210;0;2237;2354;0;24,26,34,54,95,139,144,145,170,190,202,225,245,273,290,297,314,329,395,398,506,528,597,631,640,647,769,854,891,1024,1095,1118,1147,1178,1196,1272,1283,1287,1293,1295,1354,1360,1474,1476,1480,1484,1558,1669,1750,1920,1994,2152,2261,2941,3022,3034,3345,3630,3715,4272,4407,4552,4553,4675,5099,5135,5206,5207,5263,5351,5375,5376,5645,5706,6184,7215,7216,7217,8601,8602,
60;0;2354;2388;0;24,26,34,54,95,139,144,145,170,190,202,225,245,273,290,297,314,329,395,398,506,528,597,631,640,647,769,854,891,1024,1095,1118,1147,1178,1196,1272,1283,1287,1293,1295,1354,1360,1474,1476,1480,1484,1558,1669,1750,1920,1994,2152,2261,2941,3022,3034,3345,3630,3715,4272,4407,4552,4553,4675,5099,5135,5206,5207,5263,5351,5375,5376,5645,5706,6184,7215,7216,7217,8601,8602,
60;1;2880;2957;0;24,26,34,54,60,95,139,144,145,152,170,190,202,225,245,273,290,297,314,329,395,398,506,528,569,597,631,640,647,769,854,868,891,1024,1095,1118,1147,1178,1196,1272,1283,1287,1293,1295,1354,1360,1474,1476,1480,1484,1558,1669,1750,1920,1994,2152,2230,2261,2273,2941,3022,3034,3345,3630,3715,4272,4407,4552,4553,4675,5099,5135,5206,5207,5263,5351,5375,5487,5932,7997,
18;0;2957;2971;0;24,26,34,54,60,95,139,144,145,152,170,189,190,202,205,225,245,246,273,290,297,314,329,395,398,506,528,568,569,597,631,640,647,752,769,854,868,891,979,1089,1118,1147,1196,1242,1272,1287,1293,1295,1354,1474,1476,1480,1484,1598,1669,1750,1999,2065,2086,2230,2261,2941,3345,3396,3404,3630,3855,3880,3881,3882,3883,3884,3885,3886,3887,3888,3889,3890,4553,5487,
18;1;2971;3035;0;24,26,34,54,60,95,139,144,145,152,170,189,190,202,205,225,245,255,273,290,297,314,329,395,398,528,640,647,769,854,891,1118,1147,1242,1269,1272,1275,1277,1279,1280,1287,1293,1295,1322,1354,1390,1474,1476,1480,1484,1669,1750,1893,1999,2230,2261,2577,2795,2842,2941,3345,3413,3630,3831,3869,3986,4007,4021,4553,5487,6957,6958,6959,6960,6961,6962,6963,6964,6965,6966,
198;0;3035;3101;0;24,26,34,54,60,95,139,144,145,152,170,189,190,202,205,225,245,255,273,278,290,297,314,329,395,398,515,528,640,647,769,854,891,965,1118,1147,1242,1269,1272,1275,1277,1279,1280,1287,1293,1295,1322,1354,1390,1419,1474,1476,1480,1484,1669,1750,1893,1999,2230,2261,2577,2795,2842,2941,3345,3413,3630,3831,3869,3986,4007,4021,4553,5487,6957,6958,6959,6960,6961,6966,
184;0;3101;3157;0;24,26,34,54,60,95,139,144,145,152,170,189,190,202,205,225,245,255,273,278,290,297,314,329,395,398,515,528,640,647,769,854,891,965,1118,1147,1242,1269,1272,1275,1277,1279,1280,1287,1293,1295,1322,1354,1390,1419,1474,1476,1480,1484,1669,1750,1893,1999,2230,2261,2577,2795,2842,2941,3345,3413,3539,3630,3831,3869,3986,4007,4021,4553,5487,6957,6958,6959,6960,6966,
200;0;3157;3201;0;24,26,34,54,60,95,139,144,145,152,170,189,190,202,205,225,245,255,273,278,290,297,314,329,395,398,515,528,529,640,647,748,754,769,854,891,965,1118,1147,1242,1268,1269,1272,1275,1277,1279,1280,1287,1288,1291,1293,1294,1295,1322,1354,1390,1419,1474,1476,1480,1484,1669,1750,1893,1999,2080,2147,2230,2941,3345,3597,3630,3703,3704,4451,4553,5487,6018,6966,7041,
181;0;3201;3241;0;4,24,26,34,54,60,87,89,90,95,139,144,145,152,170,189,190,202,225,245,273,290,297,314,329,395,398,528,640,647,754,764,768,769,770,833,836,854,858,862,891,1046,1118,1147,1214,1242,1268,1277,1279,1280,1288,1293,1322,1354,1390,1474,1476,1480,1484,1515,1516,1518,1519,1520,1521,1522,1526,1527,1528,1529,1669,1750,1999,2230,2941,3345,3630,4553,5487,6966,
178;0;3241;3310;1;4,24,26,30,34,54,60,87,89,90,95,139,144,145,225,245,297,314,329,395,398,415,484,640,647,753,764,768,770,833,836,854,858,862,891,995,1118,1147,1160,1214,1242,1277,1280,1288,1293,1322,1354,1463,1474,1476,1480,1484,1515,1516,1518,1519,1520,1521,1522,1526,1527,1528,1529,1657,1669,1719,1750,1935,2941,3336,3627,3630,4225,4510,4553,5435,5487,5488,5489,6966,
204;0;3310;3385;1;4,24,26,30,34,54,60,87,89,90,95,139,144,145,225,245,297,314,329,395,398,415,484,640,647,753,764,768,770,833,836,854,858,862,891,995,1118,1147,1160,1214,1242,1277,1280,1281,1288,1293,1322,1354,1463,1474,1476,1480,1484,1515,1516,1518,1519,1520,1521,1522,1526,1527,1528,1529,1590,1657,1669,1719,1750,1779,1935,2207,2518,2941,3336,3347,3409,3630,4553,6966,
22;0;3385;3432;1;4,24,26,30,34,54,60,87,89,90,95,139,144,145,225,245,248,250,297,314,329,395,398,415,484,640,647,753,764,768,770,833,836,854,858,862,891,995,1118,1147,1214,1274,1277,1280,1288,1293,1322,1354,1474,1476,1480,1484,1515,1516,1518,1519,1520,1521,1522,1526,1527,1528,1529,1669,1750,1935,2419,2941,3269,3598,3630,3797,4439,4459,4460,4461,4462,4463,4553,6966,
22;1;3432;3464;1;4,24,26,30,34,54,60,87,89,90,95,139,144,145,225,245,248,250,297,314,329,395,398,415,484,640,647,753,764,768,770,833,836,854,858,862,891,995,1118,1147,1214,1274,1277,1280,1288,1293,1322,1354,1474,1476,1480,1484,1515,1516,1518,1519,1520,1521,1522,1526,1527,1528,1529,1669,1750,1935,2419,2941,3269,3598,3630,3797,4439,4459,4460,4461,4462,4553,4803,6966,
209;0;3464;3544;1;4,24,26,30,34,54,60,87,89,90,95,139,144,145,225,245,291,292,297,314,329,395,398,640,647,690,764,768,770,833,836,854,858,862,891,1118,1147,1214,1277,1288,1293,1322,1474,1476,1480,1484,1515,1516,1518,1519,1520,1521,1522,1526,1527,1528,1529,1556,1669,1674,1750,2642,2677,2679,2774,2775,2778,2941,3263,3447,3630,4462,4553,4854,4855,5370,5499,5502,5673,6966,
40;0;3544;3573;1;4,24,26,30,34,54,60,87,89,90,95,139,144,145,177,178,179,181,182,183,184,225,245,291,292,297,314,329,395,398,640,647,764,768,770,833,836,854,858,862,891,1118,1147,1214,1277,1288,1293,1322,1474,1476,1480,1484,1515,1516,1518,1519,1520,1521,1522,1526,1527,1528,1529,1669,1674,1750,2642,2677,2679,2774,2775,2778,2941,3263,3447,3630,4462,4553,5432,6966,
40;1;3573;3628;1;4,26,95,137,144,234,288,295,329,368,377,395,400,404,591,647,765,838,848,858,911,949,1073,1169,1170,1266,1277,1288,1293,1359,1474,1476,1481,1523,1529,1666,1669,1674,2120,2501,2547,2626,2642,2649,2677,2683,2693,2713,2715,2778,3108,3260,3307,3447,3915,4371,4372,4373,4374,4375,4376,4419,4420,4470,4514,4816,5454,5935,5936,5937,5938,5939,5940,6332,6334,6335,7890,7891,8113,8114,
196;0;3628;3716;1;4,26,95,137,144,234,288,295,329,368,377,395,400,404,591,647,765,838,848,858,911,949,1073,1169,1170,1266,1277,1288,1293,1359,1474,1476,1481,1523,1529,1666,1669,1674,2120,2501,2547,2626,2642,2649,2677,2683,2693,2713,2715,2778,3108,3260,3307,3447,3915,4371,4372,4373,4374,4375,4376,4419,4420,4470,4514,4816,5454,5935,5936,5937,5938,5939,5940,6332,6334,6335,7890,7891,8113,8114,
20;0;3716;3741;1;4,26,95,137,144,234,288,295,329,368,377,395,400,404,591,647,765,838,848,858,911,949,1073,1169,1170,1266,1277,1288,1293,1359,1474,1476,1481,1523,1529,1666,1669,1674,2120,2501,2547,2626,2642,2649,2677,2683,2693,2713,2715,2778,3108,3260,3307,3447,3915,4371,4372,4373,4374,4375,4376,4419,4420,4470,4514,4816,5454,5935,5936,5937,5938,5939,5940,6332,6334,6335,7890,7891,8113,8114,
20;1;3741;3809;1;4,26,95,137,144,234,288,295,329,368,377,395,400,404,591,647,765,838,848,858,911,949,1073,1169,1170,1266,1277,1288,1293,1359,1474,1476,1481,1523,1529,1666,1669,1674,2120,2501,2547,2626,2642,2649,2677,2683,2693,2713,2715,2778,3108,3260,3307,3447,3915,4371,4372,4373,4374,4375,4376,4419,4420,4470,4514,4816,5454,5935,5936,5937,5938,5939,5940,6332,6334,6335,7890,7891,8113,8114,
32;0;4320;4392;1;4,26,95,137,144,234,288,295,329,368,377,391,395,400,404,429,591,647,765,838,848,858,911,949,1051,1073,1146,1169,1170,1266,1277,1288,1293,1359,1361,1401,1474,1476,1477,1481,1523,1529,1666,1669,1674,2109,2120,2501,2547,2626,2642,2649,2677,2683,2693,2713,2715,2778,3108,3121,3260,3307,3447,3915,4371,4372,4373,4374,4375,4376,4419,4420,4470,4514,4816,5454,5935,5936,5937,6181,
32;1;4392;4418;1;4,26,95,137,144,234,288,295,329,368,377,391,395,400,404,429,591,647,677,765,838,848,858,911,949,1051,1073,1146,1169,1170,1266,1277,1288,1293,1359,1361,1401,1474,1476,1477,1481,1523,1529,1666,1669,1674,2109,2120,2501,2547,2626,2627,2628,2642,2645,2649,2677,2683,2692,2693,2713,2777,2778,3260,3447,3516,3915,4470,4603,4605,4759,4760,4761,5229,5230,5231,5232,5233,5234,5235,
170;0;4418;4539;1;4,26,95,97,137,144,234,288,295,329,368,377,390,391,395,400,401,404,429,591,647,677,765,838,848,858,911,949,1050,1051,1052,1054,1073,1117,1146,1169,1170,1266,1277,1288,1293,1359,1361,1401,1474,1476,1477,1481,1523,1529,1666,1669,1674,2109,2120,2134,2355,2426,2501,2547,2626,2627,2628,2642,2645,2649,2677,2683,2692,2693,2713,2777,2778,3260,3447,3516,3915,4470,4603,5230,
44;0;4539;4580;1;4,26,95,97,137,144,228,234,288,295,329,368,377,390,391,395,400,401,404,429,591,647,677,765,838,848,858,911,949,1050,1051,1052,1054,1057,1073,1117,1134,1146,1169,1170,1266,1277,1288,1293,1359,1361,1401,1474,1476,1477,1481,1523,1529,1666,1669,1674,1944,2109,2120,2134,2224,2355,2400,2426,2501,2547,2626,2627,2628,2642,2645,2649,2677,2683,2692,2778,3260,3915,4470,5230,
44;1;4580;4664;1;4,26,95,97,137,144,225,228,234,269,288,295,329,368,377,390,391,395,400,401,404,429,591,647,677,682,765,838,848,858,911,949,1050,1051,1052,1054,1057,1073,1117,1134,1146,1169,1293,1361,1363,1401,1473,1474,1476,1477,1481,1523,1529,1538,1669,1676,1822,2054,2109,2134,2627,2628,2645,2649,2778,3260,3915,4470,4535,4719,4792,4954,4955,4956,4957,4958,4959,4960,4961,5230,
169;0;4664;4794;1;4,26,87,89,90,95,97,137,144,225,228,234,288,329,390,391,400,404,429,591,647,677,764,765,768,770,833,836,838,848,858,862,944,945,949,1050,1051,1052,1054,1057,1117,1134,1146,1151,1214,1293,1361,1401,1473,1474,1476,1477,1481,1515,1516,1517,1518,1519,1520,1521,1522,1523,1524,1525,1526,1527,1529,1669,1676,2109,2134,2627,2628,2645,2649,2778,3260,3915,4470,5230,
27;0;4794;4888;1;4,26,87,89,90,95,97,137,144,225,228,234,288,329,390,391,400,404,429,591,647,677,715,765,770,833,838,848,862,944,945,949,1050,1051,1052,1054,1057,1117,1134,1146,1293,1361,1401,1473,1474,1476,1477,1481,1515,1516,1519,1520,1529,1669,1676,2109,2134,2475,2627,2628,2645,2649,2661,2778,3260,3915,4470,4802,5230,5525,5722,5869,6352,7254,7255,7256,7257,7258,7259,7260,
27;1;4888;4929;1;26,95,118,144,225,390,400,404,591,617,618,620,715,765,827,838,1050,1051,1052,1054,1057,1096,1097,1098,1293,1310,1315,1361,1412,1413,1414,1415,1529,1676,1877,1879,2271,2348,2576,2578,2627,2628,2645,3260,3572,3573,3574,4083,4084,4130,4755,4922,5585,5714,5825,5869,6030,6564,6589,6772,6966,7818,7865,7904,7905,7906,7907,7908,7909,7910,7911,7912,7913,7914,7915,7916,7917,7918,7919,7920,
199;0;4929;5071;1;7,8,15,26,30,79,93,95,149,150,156,177,181,251,262,267,268,272,286,302,305,306,308,310,313,314,374,390,392,394,398,507,838,1049,1050,1051,1052,1053,1054,1057,1058,1059,1121,1131,1236,1258,1293,1322,1425,1430,1529,1587,1676,1814,2177,2188,2216,2583,2627,2941,3048,3577,3578,3579,3591,3599,3600,3601,3802,3988,4112,4462,4950,4951,4952,4953,6015,6706,7370,7371,
23;0;5071;5079;1;7,8,15,26,30,79,93,95,149,150,156,177,181,251,262,267,268,272,286,302,305,306,308,310,313,314,374,390,392,394,398,507,838,1049,1050,1051,1052,1053,1054,1057,1058,1059,1121,1131,1236,1258,1293,1322,1425,1430,1529,1587,1676,1814,2177,2188,2216,2583,2627,2941,3048,3577,3578,3579,3591,3599,3600,3601,3802,3988,4112,4462,4950,4951,4952,4953,6015,6706,7370,7371,
23;1;5079;5221;1;7,8,15,26,30,79,93,95,149,150,156,177,181,251,262,267,268,272,286,302,305,306,308,310,313,314,374,390,392,394,398,507,838,1049,1050,1051,1052,1053,1054,1057,1058,1059,1121,1131,1236,1258,1293,1322,1425,1430,1529,1587,1676,1814,2177,2188,2216,2583,2627,2941,3048,3577,3578,3579,3591,3599,3600,3601,3802,3988,4112,4462,4950,4951,4952,4953,6015,6706,7370,7371,
173;0;5221;5375;1;7,8,15,26,30,79,93,95,149,150,156,177,181,251,262,267,268,272,286,302,305,306,308,310,313,314,374,390,392,394,398,507,838,1049,1050,1051,1052,1053,1054,1057,1058,1059,1121,1131,1236,1258,1293,1322,1425,1430,1529,1587,1676,1814,2177,2188,2216,2583,2627,2941,3048,3577,3578,3579,3591,3599,3600,3601,3802,3988,4112,4462,4950,4951,4952,4953,6015,6706,7370,7371,
163;0;5375;5532;1;7,8,15,26,30,79,93,95,149,150,156,177,181,251,262,267,268,272,286,302,305,306,308,310,313,314,374,390,392,394,398,507,838,1049,1050,1051,1052,1053,1054,1057,1058,1059,1121,1131,1236,1258,1293,1322,1425,1430,1529,1587,1676,1814,2177,2188,2216,2583,2627,2941,3048,3577,3578,3579,3591,3599,3600,3601,3802,3988,4112,4462,4950,4951,4952,4953,6015,6706,7370,7371,
155;0;5532;5690;1;7,8,15,26,30,79,93,95,149,150,156,177,181,251,262,267,268,272,286,302,305,306,308,310,313,314,374,390,392,394,398,507,838,1049,1050,1051,1052,1053,1054,1057,1058,1059,1121,1131,1236,1258,1293,1322,1425,1430,1529,1587,1676,1814,2177,2188,2216,2583,2627,2941,3048,3577,3578,3579,3591,3599,3600,3601,3802,3988,4112,4462,4950,4951,4952,4953,6015,6706,7370,7371,
153;0;5690;5850;1;7,8,15,26,30,79,93,95,149,150,156,177,181,251,262,267,268,272,286,302,305,306,308,310,313,314,374,390,392,394,398,507,838,1049,1050,1051,1052,1053,1054,1057,1058,1059,1121,1131,1236,1258,1293,1322,1425,1430,1529,1587,1676,1814,2177,2188,2216,2583,2627,2941,3048,3577,3578,3579,3591,3599,3600,3601,3802,3988,4112,4462,4950,4951,4952,4953,6015,6706,7370,7371,
203;0;5850;6012;1;7,8,15,26,30,79,93,95,149,150,156,177,181,245,251,262,267,268,272,286,302,305,306,308,310,313,314,374,390,392,394,398,507,591,696,765,773,838,854,914,1049,1050,1051,1052,1053,1054,1057,1058,1059,1121,1131,1236,1293,1322,1447,1513,1529,1814,2593,2627,2731,2931,2962,2989,3161,3260,4310,4574,4732,5107,8427,9173,9174,9177,9178,9179,9180,9183,9186,9192,
56;0;6012;6054;1;7,8,15,26,30,79,93,95,102,149,150,156,177,181,245,251,262,267,268,272,286,302,305,306,308,310,313,314,374,390,392,394,398,507,591,696,715,765,771,773,838,854,914,1049,1050,1051,1052,1053,1204,1293,1322,1529,1814,2460,2602,2605,2627,2628,2645,2650,2679,2681,2984,4412,4449,4945,5530,5859,5868,5869,6022,7301,7653,7826,7871,8583,8682,8683,8684,8685,
56;1;6054;6180;1;1,3,8,30,93,143,148,245,251,262,267,268,272,277,308,314,323,390,394,398,400,404,591,838,854,1049,1052,1055,1149,1167,1204,1210,1293,1361,1469,1535,1603,1604,1735,1737,1738,1740,1741,1742,1743,1744,1745,1748,1750,1751,1752,1753,1754,1755,1757,1760,1762,1764,1765,1767,1769,1770,1771,1811,1812,1814,2603,2627,2628,2645,2646,3250,3630,6022,6415,6416,7056,7057,7058,8583,
67;0;6180;6257;1;1,3,8,30,93,143,148,245,251,262,267,268,272,277,301,308,314,323,390,394,398,400,404,591,838,854,1049,1052,1055,1149,1167,1204,1210,1293,1361,1469,1535,1603,1604,1735,1737,1738,1740,1741,1742,1743,1744,1745,1748,1750,1751,1752,1753,1754,1755,1757,1760,1762,1764,1765,1767,1769,1770,1771,1811,1812,1814,2133,2603,2627,2628,2645,2646,3250,3630,4472,6022,6415,6416,8583,
67;1;6257;6350;1;1,3,8,30,93,143,148,245,251,262,267,268,272,277,301,308,314,323,390,394,398,400,404,591,838,854,1049,1052,1055,1147,1149,1167,1204,1210,1293,1348,1361,1469,1528,1535,1603,1604,1735,1737,1738,1740,1741,1742,1743,1744,1745,1748,1750,1752,1757,2589,2627,2628,2645,2779,2808,3745,4472,5531,5532,6022,7318,7460,7816,7886,8391,8583,8978,8979,8980,8981,8982,8983,8984,8985,
168;0;6350;6522;1;3,8,24,30,34,37,46,54,55,100,144,225,245,251,262,276,277,297,314,321,329,390,398,400,404,580,655,778,815,838,854,855,1052,1114,1118,1140,1198,1304,1311,1336,1718,1757,1809,2318,2391,2407,2600,2628,2645,2770,2774,2775,2778,3174,3263,4122,4424,4553,4567,4739,4740,4802,4946,5230,5633,5685,5825,6022,6033,6244,6784,7425,7426,7427,7428,7429,7430,8957,8958,8959,
47;0;6522;6623;1;3,8,24,30,34,37,46,54,55,100,144,225,245,251,262,276,277,297,314,321,329,390,398,400,404,580,655,778,815,838,854,855,1052,1114,1118,1140,1198,1304,1311,1336,1718,1757,1809,2318,2391,2407,2600,2628,2645,2770,2774,2775,2778,3174,3263,4122,4424,4553,4567,4739,4740,4802,4946,5230,5633,5685,5825,6022,6033,6244,6784,7425,7426,7427,7428,7429,7430,8957,8958,8959,
47;1;6623;6701;1;3,8,24,30,34,37,46,54,55,100,144,225,245,251,262,276,277,297,314,321,329,390,398,400,404,580,655,778,815,838,854,855,1052,1114,1118,1140,1198,1304,1311,1336,1718,1757,1809,2318,2391,2407,2600,2628,2645,2770,2774,2775,2778,3174,3263,4122,4424,4553,4567,4739,4740,4802,4946,5230,5633,5685,5825,6022,6033,6244,6784,7425,7426,7427,7428,7429,7430,8957,8958,8959,
11;0;6701;6778;1;3,8,24,30,34,37,46,54,55,100,144,225,245,251,262,276,277,297,314,321,329,390,398,400,404,580,655,778,815,838,854,855,1052,1114,1118,1140,1198,1304,1311,1336,1718,1757,1809,2318,2391,2407,2600,2628,2645,2770,2774,2775,2778,3174,3263,4122,4424,4553,4567,4739,4740,4802,4946,5230,5633,5685,5825,6022,6033,6244,6784,7425,7426,7427,7428,7429,7430,8957,8958,8959,
11;1;7200;7306;1;3,8,24,30,34,37,46,54,55,88,100,104,144,225,245,251,262,276,277,297,314,321,329,390,398,400,404,438,580,586,655,767,770,778,815,833,838,844,854,855,862,863,931,947,949,1052,1114,1118,1140,1198,1304,1311,1336,1519,1520,1718,1757,1809,2318,2391,2407,2491,2600,2645,2778,3531,3638,4567,4740,5456,5656,5774,6022,6441,7583,7585,8022,8095,8303,8304,
6;0;7306;7480;1;2,3,8,24,30,34,37,46,54,55,88,100,104,139,144,145,225,245,251,262,276,277,297,314,321,329,390,398,400,404,438,580,586,640,655,767,770,778,815,833,838,844,854,855,862,863,931,933,947,948,949,1052,1093,1114,1118,1140,1198,1304,1311,1336,1476,1478,1479,1519,1520,1718,1757,1809,1973,2318,2391,2407,2425,2536,2645,2778,4567,4740,5181,5182,
6;1;7480;7502;1;2,3,8,24,30,34,37,46,54,55,88,100,104,139,144,145,225,245,251,262,276,277,297,314,321,329,354,355,356,357,390,398,400,404,438,580,586,640,655,767,770,778,815,833,838,844,854,855,862,863,931,933,947,948,949,1052,1093,1114,1118,1140,1198,1304,1311,1336,1476,1478,1479,1519,1520,1718,1757,1809,1973,2318,2391,2407,2645,2778,4567,4740,
25;0;7502;7531;1;2,3,8,24,30,34,37,46,54,55,88,100,104,139,144,145,225,245,249,251,262,276,277,297,314,321,329,354,355,356,357,390,398,400,404,438,580,586,640,655,767,770,778,815,833,838,844,854,855,862,863,931,933,947,948,949,1052,1093,1114,1118,1140,1198,1304,1311,1336,1476,1478,1479,1519,1520,1718,1757,1809,1895,2645,2778,3349,3421,4567,4740,
25;1;7531;7708;1;2,3,8,24,30,34,37,46,54,55,88,100,104,139,144,145,225,244,245,249,251,262,276,277,297,314,321,329,354,355,356,357,390,397,398,400,404,438,580,586,640,655,767,770,778,815,833,838,844,854,855,862,863,931,933,947,948,949,1052,1093,1114,1118,1476,1478,1479,1757,1809,2493,2645,2658,2778,2816,4567,4627,4652,4740,5411,5603,5604,5605,
73;0;7708;7845;1;2,3,8,24,30,34,37,46,54,55,88,100,104,139,144,145,225,231,234,244,245,249,251,262,276,277,297,314,321,329,354,355,356,357,390,397,398,400,404,438,580,586,640,655,767,770,778,815,833,838,844,854,855,862,863,931,933,947,948,949,1052,1071,1093,1114,1118,1474,1476,1478,1479,1757,1809,2493,2645,2649,2658,2778,2816,4470,6196,6197,
73;1;7845;7925;1;2,3,8,24,30,34,37,46,55,60,100,139,144,145,146,225,231,234,245,251,262,277,288,289,314,321,332,390,398,400,404,429,438,581,640,655,767,838,891,948,1052,1134,1146,1398,1401,1424,1473,1474,1476,1477,1478,1479,1480,1484,1757,1809,2116,2117,2259,2359,2509,2645,4322,4323,4405,4979,4980,4981,5050,6093,8134,8137,8143,8231,8271,8272,8285,8291,8468,8469,
69;0;7925;8081;1;2,3,8,24,30,34,37,46,55,60,100,139,144,145,146,225,231,234,245,251,262,277,288,289,314,321,332,390,398,400,404,429,438,581,640,655,767,838,891,948,1052,1134,1146,1398,1401,1424,1473,1474,1476,1477,1478,1479,1480,1484,1757,1809,2116,2117,2259,2359,2509,2645,4322,4323,4405,4979,4980,4981,5050,6093,8134,8137,8143,8231,8271,8272,8285,8291,8468,8469,
69;1;8081;8149;1;2,3,8,24,30,34,37,46,55,60,100,139,144,145,146,225,231,234,245,251,262,277,288,289,314,321,332,390,398,400,404,429,438,581,640,655,767,838,891,948,1052,1134,1146,1398,1401,1424,1473,1474,1476,1477,1478,1479,1480,1484,1757,1809,2116,2117,2259,2359,2509,2645,4322,4323,4405,4979,4980,4981,5050,6093,8134,8137,8143,8231,8271,8272,8285,8291,8468,8469,
7;0;8149;8280;1;2,3,8,24,30,34,37,46,55,60,100,139,144,145,146,225,231,234,245,251,262,277,288,289,314,321,332,390,398,400,404,429,438,581,640,655,767,838,891,948,1052,1134,1146,1398,1401,1424,1473,1474,1476,1477,1478,1479,1480,1484,1757,1809,2116,2117,2259,2359,2509,2645,4322,4323,4405,4979,4980,4981,5050,6093,8134,8137,8143,8231,8271,8272,8285,8291,8468,8469,
7;1;8280;8378;1;2,3,8,24,30,34,37,46,55,60,100,139,144,145,146,225,231,234,245,251,262,277,288,289,314,321,332,390,398,400,404,429,438,581,640,655,767,838,891,948,1052,1134,1146,1398,1401,1424,1473,1474,1476,1477,1478,1479,1480,1484,1757,1809,2116,2117,2259,2359,2509,2645,4322,4323,4405,4979,4980,4981,5050,6093,8134,8137,8143,8231,8271,8272,8285,8291,8468,8469,
24;0;8378;8475;1;2,3,8,24,30,34,37,46,55,60,100,139,144,145,146,225,231,234,245,251,262,277,288,289,314,321,332,390,398,400,404,429,438,581,640,655,767,838,891,948,1052,1134,1146,1398,1401,1424,1473,1474,1476,1477,1478,1479,1480,1484,1757,1809,2116,2117,2259,2359,2509,2645,4322,4323,4405,4979,4980,4981,5050,6093,8134,8137,8143,8231,8271,8272,8285,8291,8468,8469,
24;1;8475;8611;1;2,3,8,24,30,34,37,46,55,60,100,139,144,145,146,225,231,234,245,251,262,277,288,289,314,321,332,390,398,400,404,429,438,581,640,655,767,838,891,948,1052,1134,1146,1398,1401,1424,1473,1474,1476,1477,1478,1479,1480,1484,1757,1809,2116,2117,2259,2359,2509,2645,4322,4323,4405,4979,4980,4981,5050,6093,8134,8137,8143,8231,8271,8272,8285,8291,8468,8469,
Machine: 1
156;0;0;19;1;86,144,146,276,289,398,436,666,836,952,1043,1117,1147,1149,1473,1479,1481,1920,2461,2466,2626,2661,2903,2985,2986,2987,2988,2989,2990,3133,3633,4405,4472,4473,4675,4964,4965,4966,4967,4971,4972,4973,4974,5049,5525,5722,5731,5733,5795,6225,6360,6369,6926,7284,7644,7648,8216,8219,8221,8225,8227,8228,8551,8559,9049,9050,9051,9052,9053,9054,9055,9056,9057,9058,9059,9060,9061,9062,9063,9064,
159;0;19;53;1;86,144,146,276,289,398,436,666,836,952,1043,1117,1147,1149,1473,1479,1481,1920,2461,2466,2626,2661,2903,2985,2986,2987,2988,2989,2990,3133,3633,4405,4472,4473,4675,4964,4965,4966,4967,4971,4972,4973,4974,5049,5525,5722,5731,5733,5795,6225,6360,6369,6926,7284,7644,7648,8216,8219,8221,8225,8227,8228,8551,8559,9049,9050,9051,9052,9053,9054,9055,9056,9057,9058,9059,9060,9061,9062,9063,9064,
187;0;53;89;1;86,144,146,276,289,398,436,666,836,952,1043,1117,1147,1149,1473,1479,1481,1920,2461,2466,2626,2661,2903,2985,2986,2987,2988,2989,2990,3133,3633,4405,4472,4473,4675,4964,4965,4966,4967,4971,4972,4973,4974,5049,5525,5722,5731,5733,5795,6225,6360,6369,6926,7284,7644,7648,8216,8219,8221,8225,8227,8228,8551,8559,9049,9050,9051,9052,9053,9054,9055,9056,9057,9058,9059,9060,9061,9062,9063,9064,
154;0;89;131;1;86,144,146,276,289,398,436,666,836,952,1043,1117,1147,1149,1473,1479,1481,1920,2461,2466,2626,2661,2903,2985,2986,2987,2988,2989,2990,3133,3633,4405,4472,4473,4675,4964,4965,4966,4967,4971,4972,4973,4974,5049,5525,5722,5731,5733,5795,6225,6360,6369,6926,7284,7644,7648,8216,8219,8221,8225,8227,8228,8551,8559,9049,9050,9051,9052,9053,9054,9055,9056,9057,9058,9059,9060,9061,9062,9063,9064,
193;0;131;178;1;86,144,146,276,289,398,436,666,836,952,1043,1117,1147,1149,1473,1479,1481,1920,2461,2466,2626,2661,2903,2985,2986,2987,2988,2989,2990,3133,3633,4405,4472,4473,4675,4964,4965,4966,4967,4971,4972,4973,4974,5049,5525,5722,5731,5733,5795,6225,6360,6369,6926,7284,7644,7648,8216,8219,8221,8225,8227,8228,8551,8559,9049,9050,9051,9052,9053,9054,9055,9056,9057,9058,9059,9060,9061,9062,9063,9064,
197;0;178;230;1;86,144,146,276,289,343,398,436,666,836,952,1043,1051,1117,1147,1149,1473,1479,1481,1920,2461,2466,2626,2661,2903,2985,2986,2987,2988,2989,2990,3133,3633,4259,4365,4405,4472,4473,4675,4964,4965,4966,4967,4971,4972,4973,4974,5049,5525,5637,5722,5731,5733,5795,6225,6360,6369,6370,6371,6372,6373,6374,6926,7284,7644,7648,8216,8219,8221,8225,8227,8228,8551,8559,9049,9050,9051,9052,9053,9054,
152;0;230;283;1;86,144,146,276,289,301,343,398,436,666,836,952,1043,1051,1117,1146,1147,1149,1473,1476,1479,1481,1920,2461,2466,2626,2661,2903,2985,2986,2987,2988,2989,2990,3133,3633,4259,4365,4405,4472,4473,4675,4964,4965,4966,4967,4971,4972,4973,4974,5049,5525,5637,5722,5731,5733,5795,6225,6360,6369,6370,6371,6372,6373,6374,6926,7284,7644,7648,8216,8219,8221,8225,8227,8228,8551,8559,9049,9050,9051,
176;0;283;338;1;86,95,144,145,146,149,262,276,289,301,304,343,377,379,397,398,429,436,644,666,836,952,1043,1051,1057,1117,1146,1147,1149,1473,1476,1479,1481,1812,1920,2461,2466,2536,2626,2661,2903,2985,2986,2987,2988,2989,2990,3133,3293,3633,4259,4365,4405,4472,4473,4675,4964,4965,4966,4967,4971,4972,4973,4974,5049,5457,5525,5637,5722,5731,5733,5795,6225,6360,6369,6370,6371,6372,6373,8551,
171;0;338;398;1;55,86,95,144,145,146,149,205,208,262,276,289,301,304,343,377,379,397,398,419,429,436,487,553,554,644,666,836,952,1043,1051,1057,1117,1146,1147,1149,1282,1473,1476,1479,1481,1512,1587,1812,1920,2461,2466,2512,2536,2626,2661,2903,2985,2986,2987,2988,2989,2990,3133,3293,3577,3633,4259,4365,4405,4472,4473,4675,4964,4965,4966,4967,5376,5457,5525,5722,6225,6360,8551,9202,
190;0;398;463;1;55,86,95,144,145,146,149,177,205,208,225,262,269,276,289,301,304,343,377,379,396,397,398,419,429,436,487,553,554,644,666,836,952,1043,1051,1057,1117,1146,1147,1149,1282,1473,1476,1479,1481,1512,1538,1587,1676,1812,1920,2054,2461,2466,2512,2536,2626,2661,2903,2985,2986,3633,4259,4472,4545,4675,4956,4957,4958,4959,4960,4961,4962,4963,5457,5525,5722,6225,6360,8551,
177;0;463;529;1;55,61,86,95,144,145,146,149,150,177,196,205,208,225,262,269,276,289,301,304,343,377,379,396,397,398,419,429,436,487,516,553,554,644,666,836,952,1043,1047,1051,1057,1117,1146,1147,1149,1157,1196,1282,1293,1473,1476,1479,1481,1512,1538,1587,1676,1812,1920,1988,2054,2412,2413,2414,2461,2466,2512,2626,2661,2903,3633,4259,4472,4675,5457,5525,5722,6225,6360,8551,
191;0;529;598;1;55,61,86,95,144,145,146,149,150,177,196,205,208,225,262,269,276,289,291,292,301,304,343,377,379,396,397,398,419,429,436,516,644,666,690,765,836,952,1043,1051,1117,1146,1293,1473,1476,1479,1481,1512,1587,1676,1812,1920,2461,2512,2626,2661,2677,2679,2774,2775,2778,2903,3263,3447,3633,4259,4472,4675,4854,4855,5370,5457,5499,5500,5502,5525,5722,6225,6360,8551,
175;0;598;675;1;55,61,86,95,144,145,146,149,150,177,196,205,208,225,262,269,276,289,291,292,301,304,343,377,379,396,397,398,419,429,436,516,644,666,690,765,836,952,1043,1051,1117,1146,1293,1473,1476,1479,1481,1512,1587,1676,1812,1920,2461,2512,2626,2661,2677,2679,2774,2775,2778,2903,3263,3447,3633,4259,4472,4675,4854,4855,5370,5457,5499,5525,5722,6225,6360,8469,8470,8551,
53;0;675;825;0;20,24,74,95,97,139,144,225,234,262,267,268,272,273,277,287,289,291,295,303,305,310,312,313,314,377,395,438,632,640,838,892,904,912,1118,1166,1171,1200,1478,1493,1513,1549,1680,1728,1729,1812,1936,1973,2018,2107,2198,2199,2244,2365,2371,2405,2462,2847,2848,3000,3126,3436,3437,3438,3439,3440,3441,3442,3443,3444,3445,3978,3979,3980,5144,5153,5154,5155,5457,7950,
53;1;825;946;0;20,24,74,95,97,139,144,225,234,262,267,268,272,273,277,287,289,291,295,303,305,310,312,313,314,377,395,438,632,640,838,892,904,912,1118,1166,1171,1200,1478,1493,1513,1549,1680,1728,1729,1812,1936,1973,2018,2107,2198,2199,2244,2365,2371,2405,2462,2847,2848,3000,3126,3436,3437,3438,3439,3440,3441,3442,3443,3444,3445,3978,3979,3980,5144,5153,5154,5155,5457,7950,
1;0;946;1055;0;20,24,74,95,97,139,144,225,234,262,267,268,272,273,277,287,289,291,295,303,305,310,312,313,314,377,395,438,632,640,838,892,904,912,1118,1166,1171,1200,1478,1493,1513,1549,1680,1728,1729,1812,1936,1973,2018,2107,2198,2199,2244,2365,2371,2405,2462,2847,2848,3000,3126,3436,3437,3438,3439,3440,3441,3442,3443,3444,3445,3978,3979,3980,5144,5153,5154,5155,5457,7950,
1;1;1055;1212;0;20,24,74,95,97,139,144,225,234,262,267,268,272,273,277,287,289,291,295,303,305,310,312,313,314,377,395,438,632,640,838,892,904,912,1118,1166,1171,1200,1478,1493,1513,1549,1680,1728,1729,1812,1936,1973,2018,2107,2198,2199,2244,2365,2371,2405,2462,2847,2848,3000,3126,3436,3437,3438,3439,3440,3441,3442,3443,3444,3445,3978,3979,3980,5144,5153,5154,5155,5457,7950,
51;0;1212;1391;0;20,24,74,95,97,139,144,225,234,262,267,268,272,273,277,287,289,291,295,303,305,310,312,313,314,377,395,438,632,640,838,892,904,912,1118,1166,1171,1200,1478,1493,1513,1549,1680,1728,1729,1812,1936,1973,2018,2107,2198,2199,2244,2365,2371,2405,2462,2847,2848,3000,3126,3436,3437,3438,3439,3440,3441,3442,3443,3444,3445,3978,3979,3980,5144,5153,5154,5155,5457,7950,
51;1;1440;1500;0;20,24,74,95,97,137,139,144,225,231,234,262,267,268,272,273,277,287,288,289,291,295,303,305,310,312,313,314,329,377,395,404,438,632,640,838,892,904,912,949,1118,1166,1171,1200,1474,1478,1493,1513,1549,1680,1728,1729,1811,1812,1936,1973,2018,2107,2198,2199,2244,2365,2371,2405,2462,2847,2848,3000,3104,3126,3436,3437,4630,4859,5274,5457,5458,5459,5460,5461,
38;0;1500;1575;0;20,24,74,95,97,137,139,144,225,231,234,262,267,268,272,273,277,287,288,289,291,295,303,305,310,312,313,314,329,377,395,404,438,632,640,715,838,892,904,912,949,1118,1166,1171,1200,1474,1478,1481,1493,1513,1549,1680,1728,1729,1811,1812,1936,1973,2018,2107,2198,2199,2244,2371,2405,6225,7213,7296,7301,7316,7868,8199,8364,8581,8798,9125,9126,9127,9128,9129,
38;1;1575;1734;0;20,24,74,79,95,97,137,139,144,170,225,231,234,262,267,268,272,273,277,287,288,289,291,295,303,305,310,312,313,314,329,377,395,404,438,632,640,715,838,892,904,912,949,968,1031,1118,1166,1171,1200,1474,1478,1481,1493,1513,1549,1680,1728,1729,1811,1812,1936,1973,2018,2107,2168,2198,2199,2244,2371,2405,3331,3775,5804,5805,6225,7213,7296,7301,7316,7868,
49;0;1734;1768;0;18,20,24,34,38,51,74,79,95,97,137,139,144,170,225,231,234,262,267,268,272,273,277,287,288,289,291,295,303,305,310,312,313,314,329,377,395,404,438,549,573,632,640,715,838,892,904,912,949,968,1031,1118,1166,1171,1200,1474,1478,1481,1493,1513,1549,1680,1728,1729,1811,1812,1936,1973,2018,2027,2107,2168,2198,2199,2244,2371,2405,3314,7296,7316,
49;1;1768;1940;0;18,20,24,34,38,51,55,58,74,79,95,97,137,139,144,170,225,231,234,247,262,267,268,272,273,277,287,288,289,291,295,303,305,310,312,313,314,329,377,395,404,438,549,573,632,640,715,838,892,904,912,949,968,1031,1118,1166,1171,1474,1478,1481,1493,1513,1680,1973,2371,2405,2418,2420,2537,2836,3609,3691,3706,3842,3852,5998,5999,6014,7296,7316,
54;0;1940;2055;0;18,20,24,34,38,51,55,58,74,79,95,97,137,139,144,170,177,178,179,183,184,225,231,234,247,262,267,268,272,273,277,287,288,289,291,295,302,303,304,305,310,311,312,313,314,323,329,377,384,395,404,438,549,632,640,715,838,892,949,1118,1128,1129,1130,1131,1166,1171,1474,1478,1481,1493,1513,1680,1973,2371,2405,2537,3609,3842,7296,7316,
54;1;2055;2123;0;24,34,51,79,95,97,137,139,144,170,177,178,179,225,231,234,247,262,272,277,288,289,291,295,302,305,310,313,314,323,329,377,395,404,429,438,609,632,640,715,818,838,892,949,1118,1166,1171,1474,1478,1481,1513,1680,1809,1973,2371,2405,2537,2774,2775,2776,2777,2778,3609,3842,3970,4606,4771,5022,5023,5024,5025,5026,5027,5028,5029,5030,5031,5032,7296,7316,
201;0;2123;2291;0;3,24,27,29,137,139,144,145,177,225,231,234,262,277,288,291,295,305,314,329,377,404,429,855,891,948,1133,1134,1148,1236,1270,1293,1294,1295,1474,1478,1479,1540,1604,1815,2053,2133,2220,2224,2407,2544,2696,3346,3606,3630,3703,3721,3797,3802,3829,4112,4217,4220,4227,4314,4318,4353,4428,4553,4996,5011,5206,5217,5218,5322,5338,6042,7487,8551,8552,8553,8554,8555,8556,8557,
180;0;2291;2456;0;3,24,27,29,137,139,144,145,177,225,231,234,262,277,288,291,295,305,314,329,377,404,429,855,891,948,1133,1134,1148,1236,1270,1293,1294,1295,1474,1478,1479,1540,1604,1815,2053,2133,2220,2224,2407,2544,2696,3346,3606,3630,3703,3721,3797,3802,3829,4112,4217,4220,4227,4314,4318,4353,4428,4553,4996,5011,5206,5217,5218,5322,5338,6042,7487,8551,8552,8553,8554,8555,8556,8557,
195;0;2456;2614;0;3,24,27,29,137,139,144,145,177,225,231,234,262,277,288,291,295,305,314,329,377,404,429,855,891,948,1133,1134,1148,1236,1270,1293,1294,1295,1474,1478,1479,1540,1604,1815,2053,2133,2220,2224,2407,2544,2696,3346,3606,3630,3703,3721,3797,3802,3829,4112,4217,4220,4227,4314,4318,4353,4428,4553,4996,5011,5206,5217,5218,5322,5338,6042,7487,8551,8552,8553,8554,8555,8556,8557,
5;0;2614;2746;0;3,24,27,29,137,139,144,145,177,225,231,234,262,277,288,291,295,305,314,329,377,404,429,855,891,948,1133,1134,1148,1236,1270,1293,1294,1295,1474,1478,1479,1540,1604,1815,2053,2133,2220,2224,2407,2544,2696,3346,3606,3630,3703,3721,3797,3802,3829,4112,4217,4220,4227,4314,4318,4353,4428,4553,4996,5011,5206,5217,5218,5322,5338,6042,7487,8551,8552,8553,8554,8555,8556,8557,
5;1;2746;2763;0;3,24,27,29,137,139,144,145,177,225,231,234,262,277,288,291,295,305,314,329,377,404,429,855,891,948,1133,1134,1148,1236,1270,1293,1294,1295,1474,1478,1479,1540,1604,1815,2053,2133,2220,2224,2407,2544,2696,3346,3606,3630,3703,3721,3797,3802,3829,4112,4217,4220,4227,4314,4318,4353,4428,4553,4996,5011,5206,5217,5218,5322,5338,6042,7487,8551,8552,8553,8554,8555,8556,8557,
13;0;2763;2799;0;3,24,27,29,137,139,144,145,177,225,231,234,262,277,288,291,295,305,314,329,377,404,429,855,891,948,1133,1134,1148,1236,1270,1293,1294,1295,1474,1478,1479,1540,1604,1815,2053,2133,2220,2224,2407,2544,2696,3346,3606,3630,3703,3721,3797,3802,3829,4112,4217,4220,4227,4314,4318,4353,4428,4553,4996,5011,5206,5217,5218,5322,5338,6042,7487,8551,8552,8553,8554,8555,8556,8557,
13;1;2880;2924;0;3,24,27,29,137,139,144,145,177,181,225,231,234,262,277,288,291,295,302,305,308,310,313,314,317,329,377,380,401,403,404,429,442,855,891,948,1121,1133,1134,1148,1236,1270,1293,1294,1295,1430,1472,1474,1478,1479,1540,1604,1655,1676,1815,1932,2053,2133,2220,2224,2407,2544,2696,3120,3121,3346,3606,3630,3703,3721,3797,3802,3829,4112,4217,4220,4227,4314,4553,5206,
208;0;2924;2999;0;3,24,27,137,139,144,145,177,181,225,231,234,262,277,288,291,302,305,308,313,314,329,377,403,404,429,442,855,891,948,1121,1134,1148,1236,1270,1293,1294,1430,1472,1474,1478,1479,1540,1676,1932,2220,2224,2407,2696,3121,3178,3207,3209,3210,3214,3606,3630,3703,4217,4553,5206,6013,8265,8339,8340,8397,8763,8764,8765,8766,8767,8768,8769,8770,8771,8772,8773,8774,8775,8776,
42;0;2999;3028;0;3,24,27,95,137,139,144,145,149,177,181,225,231,234,262,277,288,291,302,305,308,313,314,329,377,391,403,404,429,442,838,855,891,938,948,1056,1117,1121,1134,1148,1164,1165,1166,1167,1169,1170,1171,1172,1176,1236,1270,1293,1294,1359,1430,1467,1472,1474,1478,1479,1540,1676,1932,2220,2224,2407,2696,3121,3178,3207,3209,3210,3214,3606,3630,3703,4217,4553,5206,6013,
42;1;3028;3039;0;3,24,27,95,137,139,144,145,149,177,181,225,231,234,262,277,288,291,302,305,308,313,314,329,377,391,403,404,429,442,838,855,948,1056,1121,1134,1171,1172,1236,1270,1293,1294,1359,1430,1472,1474,1478,1479,1540,1676,1932,2220,2224,2407,2696,3121,3178,3207,3209,3210,3214,3310,3606,3630,3703,4217,4553,5076,5078,5206,5951,5952,5976,5987,5992,6013,6355,6729,7077,7641,
158;0;3039;3070;0;3,24,27,95,137,139,144,145,177,181,225,231,234,262,277,288,291,302,305,308,313,314,329,377,391,403,404,429,442,838,855,948,1056,1121,1134,1171,1172,1270,1293,1294,1359,1430,1472,1474,1478,1479,1676,1932,2220,2224,2407,2696,3121,3178,3207,3209,3210,3214,3606,3663,3677,3679,3686,3690,3703,4217,4553,5082,5206,6003,6004,6005,6006,6007,6008,6009,6010,6011,6012,6013,
164;0;3070;3085;0;3,24,27,95,137,139,144,145,177,181,225,231,234,262,277,288,291,302,305,308,313,314,329,351,377,391,403,404,429,442,838,855,948,1056,1121,1134,1171,1172,1270,1293,1294,1359,1430,1472,1474,1478,1479,1676,1932,2220,2224,2407,2696,2774,2777,2778,2802,2807,2812,3121,3178,3207,3209,3210,3214,3263,3606,3663,3677,3679,3703,4217,4553,4600,4605,4606,5025,5206,9046,9047,
157;0;3085;3093;0;3,24,27,95,137,139,144,145,177,181,225,231,234,262,277,288,291,302,305,308,313,314,329,351,377,391,403,404,429,442,838,855,948,1056,1121,1134,1171,1172,1270,1293,1294,1359,1430,1472,1474,1478,1479,1676,1932,2220,2224,2407,2696,2774,2777,2778,2802,2807,2812,3121,3178,3207,3209,3210,3214,3263,3606,3663,3677,3679,3703,4217,4553,4600,4605,4606,5025,5206,6145,8290,
194;0;3093;3171;1;3,24,27,95,137,139,144,145,177,181,225,231,234,262,277,288,291,302,305,308,313,314,329,351,377,391,403,404,429,442,838,855,948,1056,1121,1134,1171,1172,1270,1293,1294,1359,1419,1430,1472,1474,1478,1479,1676,1932,2220,2224,2407,2696,2774,2777,2778,2884,3121,3178,3207,3209,3210,3214,3263,3606,3610,3703,3808,4217,4553,4605,4606,5206,6145,7333,7334,7335,7336,7337,
185;0;3171;3254;1;24,26,27,95,137,139,144,145,177,181,225,231,234,262,288,291,302,305,308,313,314,329,377,403,429,442,528,536,855,948,1056,1268,1269,1270,1288,1290,1293,1294,1322,1329,1419,1430,1472,1474,1478,1479,1676,1932,2224,2240,2263,2264,2265,2407,2447,2485,2774,2777,2778,3121,3178,3207,3263,3606,3702,3703,3708,4217,4357,4453,4605,4606,4810,4811,4812,4813,4814,4815,5206,6145,
182;0;3254;3341;1;24,26,27,95,137,139,144,145,177,181,225,231,234,262,276,288,291,302,305,308,313,314,329,377,403,429,442,528,536,715,765,833,855,948,1056,1268,1269,1270,1288,1290,1293,1294,1322,1329,1419,1430,1472,1474,1478,1479,1676,1932,2224,2240,2263,2264,2265,2407,2447,2485,2663,2774,2777,2778,3121,3178,3207,3263,3527,3529,3606,3703,4217,4357,4605,4606,4948,4949,5206,6145,
202;0;3341;3431;1;24,26,27,117,137,144,145,177,181,225,231,288,302,305,308,313,314,329,377,397,403,429,442,528,839,901,1118,1288,1293,1294,1308,1322,1329,1419,1430,1472,1474,1676,1809,1915,1932,2091,2263,2264,2407,2485,2504,2573,2645,2774,2775,2777,2778,3121,3263,3435,3606,4217,4357,4605,4606,4612,4759,4761,4822,5191,5299,5492,5665,5890,5891,5892,5899,5901,6126,6362,6363,6364,6366,6367,
192;0;3431;3529;1;24,26,27,117,137,144,145,177,181,225,231,288,302,305,308,313,314,329,366,377,397,403,429,442,528,559,581,839,901,1118,1288,1293,1294,1308,1322,1329,1419,1430,1472,1474,1676,1809,1915,1932,2091,2263,2264,2273,2407,2485,2504,2573,2645,2774,2775,2777,2778,3060,3121,3263,3421,3422,3435,3606,3820,3831,4217,4357,4605,4606,4612,4759,4761,4822,5191,5299,5487,5644,5995,6869,
189;0;3529;3634;1;24,26,49,144,145,152,177,181,225,288,302,305,308,313,314,403,426,429,442,516,528,529,567,595,1013,1091,1280,1287,1288,1293,1294,1322,1329,1419,1430,1472,1474,1572,1676,1809,1922,1932,1933,1940,2179,2221,2230,2263,2264,2407,2419,2485,2774,2777,2778,2826,3026,3094,3121,3130,3263,3409,3606,4217,4357,4440,4605,4606,4647,4672,5102,5103,5104,5105,5106,5876,6152,6385,7346,7347,
15;0;3634;3735;1;24,26,49,144,145,152,177,181,225,288,302,305,308,313,314,403,426,429,442,516,528,529,567,595,1013,1091,1280,1287,1288,1293,1294,1322,1329,1419,1430,1472,1474,1572,1676,1809,1922,1932,1933,1940,2179,2221,2230,2263,2264,2407,2419,2485,2774,2777,2778,2826,3026,3094,3121,3130,3263,3409,3606,4217,4357,4440,4605,4606,4647,4672,5102,5103,5104,5105,5106,5876,6152,6385,7346,7347,
15;1;3735;3746;1;24,26,49,144,145,152,177,181,225,288,302,305,308,313,314,403,426,429,442,516,528,529,567,595,1013,1091,1280,1287,1288,1293,1294,1322,1329,1419,1430,1472,1474,1572,1676,1809,1922,1932,1933,1940,2179,2221,2230,2263,2264,2407,2419,2485,2774,2777,2778,2826,3026,3094,3121,3130,3263,3409,3606,4217,4357,4440,4605,4606,4647,4672,5102,5103,5104,5105,5106,5876,6152,6385,7346,7347,
9;0;3746;3801;1;24,26,49,144,145,152,177,181,225,288,302,305,308,313,314,403,426,429,442,516,528,529,567,595,1013,1091,1280,1287,1288,1293,1294,1322,1329,1419,1430,1472,1474,1572,1676,1809,1922,1932,1933,1940,2179,2221,2230,2263,2264,2407,2419,2485,2774,2777,2778,2826,3026,3094,3121,3130,3263,3409,3606,4217,4357,4440,4605,4606,4647,4672,5102,5103,5104,5105,5106,5876,6152,6385,7346,7347,
9;1;3801;3866;1;24,26,49,144,145,152,177,181,225,288,302,305,308,313,314,403,426,429,442,516,528,529,567,595,1013,1091,1280,1287,1288,1293,1294,1322,1329,1419,1430,1472,1474,1572,1676,1809,1922,1932,1933,1940,2179,2221,2230,2263,2264,2407,2419,2485,2774,2777,2778,2826,3026,3094,3121,3130,3263,3409,3606,4217,4357,4440,4605,4606,4647,4672,5102,5103,5104,5105,5106,5876,6152,6385,7346,7347,
167;0;4320;4441;1;24,26,49,100,144,145,152,177,181,225,288,289,291,302,305,308,313,314,403,426,429,442,516,528,529,567,595,666,677,694,715,765,836,1013,1091,1280,1287,1288,1293,1294,1322,1329,1419,1430,1472,1474,1481,1482,1483,1572,1676,1809,1922,1932,1933,1940,2052,2106,2225,2318,2461,2475,2626,2628,2661,2678,2679,2774,2777,2778,2826,2903,3263,4605,4606,5525,5722,5876,6022,6114,
150;0;4441;4563;1;24,26,49,100,144,145,152,177,181,225,288,289,290,291,302,305,308,313,314,403,426,429,442,516,528,529,567,595,644,666,677,694,715,765,824,836,1013,1058,1091,1280,1287,1288,1293,1294,1322,1329,1419,1430,1472,1474,1481,1572,1809,1922,2225,2318,2626,2661,2679,2774,2777,2778,2790,2826,3263,4570,4604,4605,4606,5876,6469,7055,8148,8569,9119,9120,9121,9122,9123,9124,
74;0;4563;4658;1;24,26,49,100,144,145,152,177,181,225,288,289,290,291,302,305,308,313,314,403,426,429,442,516,528,529,567,595,644,666,677,694,715,765,824,836,1013,1058,1091,1280,1287,1288,1293,1294,1322,1329,1419,1430,1472,1474,1481,1572,1809,1922,2225,2318,2626,2661,2679,2774,2777,2778,2790,2826,3263,4570,4605,4606,5876,6136,6145,8229,8230,8231,8232,8233,8234,8235,8236,8237,
74;1;4658;4691;1;24,26,49,100,144,145,152,177,181,225,247,248,288,289,290,291,302,305,308,313,314,403,426,429,442,516,528,529,567,595,644,666,677,694,715,765,824,836,1013,1058,1091,1264,1270,1277,1278,1280,1287,1288,1293,1294,1322,1329,1419,1430,1472,1474,1481,1512,1572,1710,1809,1922,2225,2318,2611,2626,2661,2679,2774,2777,2778,2790,2826,3263,4605,4606,5316,5334,5876,6136,
41;0;4691;4725;1;1,8,24,26,49,95,100,139,142,144,145,152,177,181,225,234,247,248,288,289,290,291,302,305,308,313,314,323,390,395,402,403,405,426,429,442,516,528,529,644,645,648,715,892,897,1056,1062,1229,1270,1277,1280,1287,1288,1293,1294,1397,1472,1474,1481,1502,1572,1620,1681,1682,1683,1809,1922,2225,2318,2626,2661,2679,2774,2777,2826,3263,4605,4606,5876,6136,
41;1;4725;4822;1;1,26,95,100,139,144,145,177,225,234,288,289,291,308,314,390,395,426,429,430,528,644,645,648,715,1019,1270,1277,1280,1287,1288,1293,1294,1472,1474,1481,1502,1572,1809,1922,2225,2318,2405,2625,2626,2634,2640,2642,2652,2657,2661,2663,2679,2680,2686,2691,2774,2777,2826,3263,4605,4606,5876,6136,7188,7212,7296,7299,7308,7316,8415,8432,8799,8801,8803,8804,8806,8808,8809,8810,
166;0;4822;4962;1;1,26,95,100,139,144,145,177,225,234,262,274,288,289,291,308,314,379,390,395,396,426,429,430,528,644,645,648,715,831,855,898,946,948,1019,1270,1277,1280,1287,1288,1293,1294,1472,1474,1481,1502,1569,1572,1764,1809,1922,2225,2318,2405,2468,2625,2626,2634,2640,2642,2652,2661,2679,2680,2691,2774,2777,2826,3263,3291,4605,4606,5331,5876,6136,7296,7299,7308,8432,8801,
43;0;4962;5091;1;2,25,34,46,51,52,54,60,79,97,126,127,128,139,144,145,198,204,225,241,271,288,359,390,398,413,429,551,632,645,648,759,962,1011,1089,1186,1277,1293,1401,1474,1478,1481,1497,1551,1552,1553,1555,1556,1557,1587,1716,1809,1853,1858,2003,2034,2035,2224,2315,2355,2512,2842,2891,3129,3204,3304,3984,3985,3999,4122,5021,5182,5206,5290,5314,5477,5478,5619,6174,8111,
43;1;5091;5115;1;2,25,34,46,51,52,54,60,79,97,126,127,128,139,144,145,198,204,225,241,271,288,359,390,398,413,429,551,632,645,648,759,962,1011,1089,1186,1277,1293,1401,1474,1478,1481,1497,1551,1552,1553,1555,1556,1557,1587,1716,1809,1853,1858,2003,2034,2035,2224,2315,2355,2512,2842,2891,3129,3204,3304,3984,3985,3999,4122,5021,5182,5206,5290,5314,5477,5478,5619,6174,8111,
37;0;5115;5129;1;2,25,34,46,51,52,54,60,79,97,126,127,128,139,144,145,198,204,225,241,271,288,359,390,398,413,429,551,632,645,648,759,962,1011,1089,1186,1277,1293,1401,1474,1478,1481,1497,1551,1552,1553,1555,1556,1557,1587,1716,1809,1853,1858,2003,2034,2035,2224,2315,2355,2512,2842,2891,3129,3204,3304,3984,3985,3999,4122,5021,5182,5206,5290,5314,5477,5478,5619,6174,8111,
37;1;5129;5271;1;2,25,34,46,51,52,54,60,79,97,126,127,128,139,144,145,198,204,225,241,271,288,359,390,398,413,429,551,632,645,648,759,962,1011,1089,1186,1277,1293,1401,1474,1478,1481,1497,1551,1552,1553,1555,1556,1557,1587,1716,1809,1853,1858,2003,2034,2035,2224,2315,2355,2512,2842,2891,3129,3204,3304,3984,3985,3999,4122,5021,5182,5206,5290,5314,5477,5478,5619,6174,8111,
172;0;5271;5431;1;2,25,34,46,51,52,54,60,79,97,126,127,128,139,144,145,198,204,225,241,271,288,359,390,398,413,429,551,632,645,648,759,962,1011,1089,1186,1277,1293,1401,1474,1478,1481,1497,1551,1552,1553,1555,1556,1557,1587,1716,1809,1853,1858,2003,2034,2035,2224,2315,2355,2512,2842,2891,3129,3204,3304,3984,3985,3999,4122,5021,5182,5206,5290,5314,5477,5478,5619,6174,8111,
19;0;5431;5445;1;2,25,34,46,51,52,54,60,79,97,126,127,128,139,144,145,198,204,225,241,271,288,359,390,398,413,429,551,632,645,648,759,962,1011,1089,1186,1277,1293,1401,1474,1478,1481,1497,1551,1552,1553,1555,1556,1557,1587,1716,1809,1853,1858,2003,2034,2035,2224,2315,2355,2512,2842,2891,3129,3204,3304,3984,3985,3999,4122,5021,5182,5206,5290,5314,5477,5478,5619,6174,8111,
19;1;5445;5593;1;2,25,34,46,51,52,54,60,79,97,126,127,128,139,144,145,198,204,225,241,271,288,359,390,398,413,429,551,632,645,648,759,962,1011,1089,1186,1277,1293,1401,1474,1478,1481,1497,1551,1552,1553,1555,1556,1557,1587,1716,1809,1853,1858,2003,2034,2035,2224,2315,2355,2512,2842,2891,3129,3204,3304,3984,3985,3999,4122,5021,5182,5206,5290,5314,5477,5478,5619,6174,8111,
160;0;5593;5757;1;2,25,34,46,51,52,54,60,79,97,126,127,128,139,144,145,198,204,225,241,271,288,359,390,398,413,429,551,632,645,648,759,962,1011,1089,1186,1277,1293,1401,1474,1478,1481,1497,1551,1552,1553,1555,1556,1557,1587,1716,1809,1853,1858,2003,2034,2035,2224,2315,2355,2512,2842,2891,3129,3204,3304,3984,3985,3999,4122,5021,5182,5206,5290,5314,5477,5478,5619,6174,8111,
211;0;5760;5924;1;2,25,34,46,51,52,54,60,79,97,126,127,128,139,144,145,198,204,225,241,271,288,359,390,398,413,429,551,632,645,648,759,962,1011,1089,1186,1277,1293,1401,1474,1478,1481,1497,1551,1552,1553,1555,1556,1557,1587,1716,1809,1853,1858,2003,2034,2035,2194,2224,2315,2355,2512,2842,2891,3129,3204,3304,3597,3703,3984,3985,3999,4119,4122,4450,4620,5021,5182,5206,5476,
28;0;5924;5999;1;2,25,34,46,51,52,54,60,79,97,126,127,128,139,144,145,198,204,225,241,271,288,359,390,398,413,429,551,632,645,648,759,962,1011,1089,1186,1277,1293,1401,1474,1478,1479,1481,1497,1551,1552,1553,1555,1556,1557,1587,1716,1809,1853,1858,2003,2034,2035,2194,2224,2315,2355,2512,2842,2891,3129,3204,3304,3447,3597,3703,3984,3985,3999,4119,4122,4450,4598,4599,5206,
28;1;5999;6093;1;2,25,34,46,51,52,54,60,139,144,145,198,225,241,288,390,398,429,1011,1089,1293,1474,1478,1479,1481,1587,1716,1809,2224,3177,3178,3179,3180,3181,3182,3183,3184,3185,3186,3187,3188,3189,3190,3191,3192,3193,3194,3195,3196,3197,3198,3199,3200,3201,3202,3203,3204,3205,3206,3207,3208,3209,3210,3211,3212,3213,3214,3215,3216,3217,3218,3219,3220,3221,3222,3223,3224,3225,4119,5206,
65;0;6093;6159;1;2,25,34,46,51,52,54,60,139,144,145,182,198,225,241,288,301,321,390,398,429,769,854,855,1011,1089,1118,1134,1146,1163,1293,1473,1474,1478,1479,1481,1484,1587,1716,1808,1809,2128,2223,2224,2371,2588,3177,3178,3179,3180,3181,3182,3183,3184,3185,3186,3187,3188,3189,3190,3191,3192,3193,3194,3195,3196,3197,3198,3199,3200,3201,3202,3203,3204,3205,3206,4119,4503,4981,5206,
65;1;6159;6264;1;2,25,34,46,51,52,54,60,137,139,144,145,182,198,225,241,288,301,321,390,391,398,429,769,775,854,855,948,1011,1089,1118,1134,1146,1163,1293,1398,1472,1473,1474,1478,1479,1481,1484,1587,1716,1808,1809,2128,2223,2224,2371,2588,2816,2951,3177,3178,3179,3180,3181,3182,3183,3184,3185,3186,3187,3188,3189,3190,3191,3192,3193,3194,3195,3196,3197,3198,4119,4821,5206,5739,
45;0;6264;6317;1;2,25,34,46,51,52,54,60,137,139,144,145,148,182,198,225,234,241,288,301,321,329,390,391,398,429,640,769,775,838,854,855,948,1011,1089,1118,1119,1134,1146,1163,1293,1398,1472,1473,1474,1478,1479,1481,1484,1587,1716,1808,1809,2128,2223,2224,2371,2588,2816,2951,3177,3178,3179,3180,3181,3182,3183,3184,3185,3186,3187,3188,3189,3190,3191,3192,3193,3194,4119,5206,
45;1;6317;6437;1;2,3,25,34,46,51,52,54,60,100,137,139,144,145,148,182,198,225,234,241,288,301,321,329,390,391,398,429,640,769,775,838,854,855,948,1011,1089,1118,1119,1134,1146,1163,1293,1398,1472,1473,1474,1478,1479,1481,1484,1587,1716,1808,1809,2128,2223,2224,2371,2588,2816,2951,3177,3178,3179,3180,3181,3182,3183,3184,3185,3186,3187,3188,3189,4119,4553,5206,5685,8057,
162;0;6437;6617;1;2,3,27,100,137,139,144,148,210,225,234,255,288,329,366,395,398,457,491,591,647,728,760,769,838,854,855,863,911,921,948,949,995,1011,1089,1118,1172,1275,1293,1474,1478,1479,1481,1484,1502,1558,1633,1670,1716,1809,2074,2174,2200,2220,2224,2232,2537,2941,3034,3060,3284,3421,3422,3609,3774,3831,3842,3865,3948,4397,4401,4472,4553,4795,5206,5695,5926,9155,9156,9194,
63;0;6617;6712;1;2,3,27,100,137,139,144,148,210,225,234,255,288,329,366,395,398,457,491,591,647,728,760,769,838,854,855,863,911,921,948,949,995,1011,1089,1118,1172,1275,1293,1474,1478,1479,1481,1484,1502,1558,1633,1670,1716,1809,2074,2174,2200,2220,2224,2232,2537,2941,3034,3060,3284,3421,3422,3609,3774,3831,3842,3865,3948,4397,4401,4472,4553,4795,5206,5695,5926,9155,9156,9194,
63;1;6712;6810;1;2,3,27,100,137,139,144,148,210,225,234,255,288,329,366,395,398,457,491,591,647,728,760,769,838,854,855,863,911,921,948,949,995,1011,1089,1118,1172,1275,1293,1474,1478,1479,1481,1484,1502,1558,1633,1670,1716,1809,2074,2174,2200,2220,2224,2232,2537,2941,3034,3060,3284,3421,3422,3609,3774,3831,3842,3865,3948,4397,4401,4472,4553,4795,5206,5695,5926,9155,9156,9194,
70;0;6810;6891;1;2,3,27,100,137,139,144,148,210,225,234,255,288,329,366,395,398,457,491,591,647,728,760,769,838,854,855,863,911,921,948,949,995,1011,1089,1118,1172,1275,1293,1474,1478,1479,1481,1484,1502,1558,1633,1670,1716,1809,2074,2174,2200,2220,2224,2232,2537,2941,3034,3060,3284,3421,3422,3609,3774,3831,3842,3865,3948,4397,4401,4472,4553,4795,5206,5695,5926,9155,9156,9194,
70;1;7200;7320;1;2,3,27,100,117,137,139,144,148,210,225,234,255,276,288,329,366,395,398,404,457,491,591,608,647,728,760,769,838,854,855,863,927,948,949,1011,1118,1171,1293,1308,1343,1474,1478,1479,1481,1484,1502,1671,1716,1809,1914,1915,1920,1922,2074,2091,2094,2337,2339,2492,2695,2696,2783,3013,3060,3284,3831,4161,4472,4553,5206,6184,7408,7664,7665,7666,7680,7681,7682,7683,
17;0;7320;7468;1;2,3,27,100,117,137,139,144,148,210,225,234,255,270,276,288,289,329,366,395,398,404,457,491,591,608,647,728,760,769,838,854,855,863,924,927,948,949,1011,1118,1171,1234,1293,1308,1343,1424,1474,1475,1478,1479,1481,1484,1502,1671,1716,1809,1914,1915,1920,1922,2074,2091,2094,2337,2339,2492,2695,2696,2783,3013,3060,3284,3831,4161,4259,4472,4553,5206,6184,7408,
17;1;7468;7521;1;2,3,27,100,117,137,139,144,148,185,202,205,206,210,225,234,255,270,276,288,289,329,366,395,398,404,457,491,591,608,647,660,728,760,769,791,838,854,855,863,868,924,927,948,949,964,1011,1118,1171,1234,1293,1308,1343,1424,1463,1474,1475,1478,1479,1481,1484,1502,1671,1716,1809,1914,1915,1920,1922,2074,2091,2094,2337,2339,2966,3060,3264,3284,3831,4472,
55;0;7521;7626;1;2,3,27,100,117,137,139,144,148,185,202,205,206,210,225,234,255,270,276,288,289,329,366,395,398,404,457,491,591,608,647,660,728,760,769,791,838,854,855,863,868,924,927,948,949,964,1011,1118,1171,1234,1293,1308,1343,1424,1463,1474,1475,1478,1479,1481,1484,1502,1671,1716,1809,1914,1915,1920,1922,2074,2091,2094,2337,2339,3060,3284,3831,4472,6720,8797,
55;1;7626;7730;1;2,3,27,100,117,137,139,144,148,185,202,205,206,210,225,234,255,270,276,288,289,293,329,348,366,395,398,404,457,491,591,647,773,838,854,855,863,927,948,949,1118,1293,1463,1474,1475,1478,1479,1481,1484,1716,1809,2074,2353,2498,3060,3284,3831,4472,6334,6595,7302,7304,7305,7306,7423,7800,7801,7802,7803,7804,7805,7806,7807,7808,7809,7810,7811,7812,7813,7814,
30;0;7730;7807;1;2,3,27,100,117,137,139,144,148,185,202,205,206,210,225,234,255,270,276,288,289,293,329,348,366,395,398,404,457,491,591,647,695,773,838,854,855,863,927,946,948,949,1118,1293,1463,1474,1475,1478,1479,1481,1484,1716,1809,2074,2353,2498,2691,3060,3284,3831,4093,4412,4472,6297,6334,6595,7302,7304,7465,7608,7609,7610,7611,7612,7613,7614,7615,7616,7617,7618,
30;1;7807;7946;1;2,19,100,137,139,144,188,225,234,244,277,288,289,329,397,398,400,404,426,647,736,838,854,855,875,948,949,952,1093,1116,1118,1121,1207,1293,1359,1361,1463,1474,1478,1479,1565,1572,1666,1668,1675,1680,1716,1752,1913,1973,2305,2416,2826,2904,2994,3627,3630,3631,3632,3633,3634,3635,3636,3637,3638,3740,3741,4804,5876,6136,7953,7954,7956,7957,8120,8456,8457,8458,8459,8460,
12;0;7946;8118;1;2,19,100,137,139,144,188,225,234,244,277,288,289,329,397,398,400,404,426,647,736,838,854,855,875,948,949,952,1093,1116,1118,1121,1207,1293,1359,1361,1463,1474,1478,1479,1565,1572,1666,1668,1675,1680,1716,1752,1913,1973,2305,2416,2826,2904,2994,3627,3630,3631,3632,3633,3634,3635,3636,3637,3638,3740,3741,4804,5876,6136,7953,7954,7956,7957,8120,8456,8457,8458,8459,8460,
12;1;8118;8165;1;2,19,100,137,139,144,188,225,234,244,277,288,289,329,397,398,400,404,426,647,736,838,854,855,875,948,949,952,1093,1116,1118,1121,1207,1293,1359,1361,1463,1474,1478,1479,1565,1572,1666,1668,1675,1680,1716,1752,1913,1973,2305,2416,2826,2904,2994,3627,3630,3631,3632,3633,3634,3635,3636,3637,3638,3740,3741,4804,5876,6136,7953,7954,7956,7957,8120,8456,8457,8458,8459,8460,
68;0;8165;8315;1;2,19,100,137,139,144,188,225,234,244,277,288,289,329,397,398,400,404,426,647,736,838,854,855,875,948,949,952,1093,1116,1118,1121,1207,1293,1359,1361,1463,1474,1478,1479,1565,1572,1666,1668,1675,1680,1716,1752,1913,1973,2305,2416,2826,2904,2994,3627,3630,3631,3632,3633,3634,3635,3636,3637,3638,3740,3741,4804,5876,6136,7953,7954,7956,7957,8120,8456,8457,8458,8459,8460,
68;1;8315;8393;1;2,19,100,137,139,144,188,225,234,244,277,288,289,329,397,398,400,404,426,647,736,838,854,855,875,948,949,952,1093,1116,1118,1121,1207,1293,1359,1361,1463,1474,1478,1479,1565,1572,1666,1668,1675,1680,1716,1752,1913,1973,2305,2416,2826,2904,2994,3627,3630,3631,3632,3633,3634,3635,3636,3637,3638,3740,3741,4804,5876,6136,7953,7954,7956,7957,8120,8456,8457,8458,8459,8460,
END
fineshedJobsCount: 172
switchs: 2208
switchsInstances: 109
unfineshedPriorityCount: 40
finalSolution: 662
totalUnfineshed: 40
Time: 20
