./input/BaseInstances/6M2_n=15,r=0.4,t=15,v0.txt;./input/Processed/ToolSetInt.csv
7;720;1440
Machine: 0
2;0;3594;3699;0;0,1,2,5,6,7,10,11,12,14,
2;1;3699;3746;0;0,1,2,5,6,7,10,11,12,14,
8;0;4320;4397;0;0,1,2,5,12,14,
Machine: 1
4;0;3546;3649;1;0,1,2,5,6,7,11,12,13,14,
4;1;3649;3746;1;0,1,2,5,6,7,11,12,13,14,
3;0;4320;4369;1;0,5,12,13,14,
Machine: 2
1;0;3599;3746;0;0,1,2,5,6,7,8,9,12,13,14,
5;0;4320;4349;0;0,1,2,5,12,
Machine: 3
7;0;3511;3572;1;0,1,2,5,7,11,12,14,
7;1;3572;3746;1;0,1,2,5,7,11,12,14,
9;0;4320;4382;0;0,1,5,7,12,
9;1;4382;4442;0;0,1,5,7,12,
Machine: 4
0;0;3594;3700;1;0,1,2,3,4,5,7,8,9,10,11,12,13,14,
0;1;3700;3746;1;0,1,2,3,4,5,7,8,9,10,11,12,13,14,
6;0;4320;4451;0;0,1,5,7,11,12,
Machine: 5
END
Best Bound: 450
Final Solution: 450
fineshedJobsCount: 15
switchs: 0
switchsInstances: 0
unfineshedPriorityCount: 0
Time: 0.159618
