./input/MyInstancesSameToolSets/n=399,p=0.50,r=0.5,t=2310,v1.csv;./input/ToolSetInt.csv
7;720;1440
Machine: 0
94;0;0;60;1;24,74,100,137,139,144,146,148,198,225,234,245,248,251,262,289,292,314,329,354,355,356,357,528,640,677,700,814,838,891,1015,1089,1119,1474,1478,1479,1484,1488,1567,2117,2315,2475,2509,2602,2626,2680,2812,3263,3607,3627,3802,3979,4405,4437,4608,4609,4840,4841,4997,5030,5050,5290,6093,6133,6134,6136,6194,6578,6727,7886,7887,7888,7950,7956,8171,8282,8284,8469,8470,8730,
66;0;60;65;1;24,74,100,137,139,144,146,148,198,225,234,245,248,251,262,289,292,314,329,354,355,356,357,528,640,677,700,814,838,891,1015,1089,1119,1474,1478,1479,1484,1488,1567,2117,2315,2475,2509,2602,2626,2680,2812,3263,3607,3627,3802,3979,4405,4437,4608,4609,4840,4841,4997,5030,5050,5290,6093,6133,6134,6136,6194,6578,6727,7886,7887,7888,7950,7956,8171,8282,8284,8469,8470,8730,
53;0;65;186;1;24,74,100,137,139,144,146,148,198,225,234,245,248,251,262,289,292,314,329,354,355,356,357,528,640,677,700,814,838,891,1015,1089,1119,1474,1478,1479,1484,1488,1567,2117,2315,2475,2509,2602,2626,2680,2812,3263,3607,3627,3802,3979,4405,4437,4608,4609,4840,4841,4997,5030,5050,5290,6093,6133,6134,6136,6194,6578,6727,7886,7887,7888,7950,7956,8171,8282,8284,8469,8470,8730,
18;0;186;299;1;24,74,100,137,139,144,146,148,198,225,234,245,248,251,262,289,292,314,329,354,355,356,357,528,640,677,700,814,838,891,1015,1089,1119,1474,1478,1479,1484,1488,1567,2117,2315,2475,2509,2602,2626,2680,2812,3263,3607,3627,3802,3979,4405,4437,4608,4609,4840,4841,4997,5030,5050,5290,6093,6133,6134,6136,6194,6578,6727,7886,7887,7888,7950,7956,8171,8282,8284,8469,8470,8730,
109;1;299;459;1;24,74,100,137,139,144,146,148,198,225,234,245,248,251,262,289,292,314,329,354,355,356,357,528,640,677,700,814,838,891,1015,1089,1119,1474,1478,1479,1484,1488,1567,2117,2315,2475,2509,2602,2626,2680,2812,3263,3607,3627,3802,3979,4405,4437,4608,4609,4840,4841,4997,5030,5050,5290,6093,6133,6134,6136,6194,6578,6727,7886,7887,7888,7950,7956,8171,8282,8284,8469,8470,8730,
99;0;459;560;1;24,74,100,137,139,144,146,148,198,225,234,245,248,251,262,289,292,314,329,354,355,356,357,528,640,677,700,814,838,891,1015,1089,1119,1474,1478,1479,1484,1488,1567,2117,2315,2475,2509,2602,2626,2680,2812,3263,3607,3627,3802,3979,4405,4437,4608,4609,4840,4841,4997,5030,5050,5290,6093,6133,6134,6136,6194,6578,6727,7886,7887,7888,7950,7956,8171,8282,8284,8469,8470,8730,
131;1;560;596;1;24,74,100,137,139,144,146,148,198,225,234,245,248,251,262,289,292,314,329,354,355,356,357,528,640,677,700,814,838,891,1015,1089,1119,1474,1478,1479,1484,1488,1567,2117,2315,2475,2509,2602,2626,2680,2812,3263,3607,3627,3802,3979,4405,4437,4608,4609,4840,4841,4997,5030,5050,5290,6093,6133,6134,6136,6194,6578,6727,7886,7887,7888,7950,7956,8171,8282,8284,8469,8470,8730,
250;1;596;649;0;24,74,100,137,139,144,146,148,198,225,234,245,248,251,262,289,292,314,329,354,355,356,357,528,640,677,700,814,838,891,1015,1089,1119,1474,1478,1479,1484,1488,1567,2117,2315,2475,2509,2602,2626,2680,2812,3263,3607,3627,3802,3979,4405,4437,4608,4609,4840,4841,4997,5030,5050,5290,6093,6133,6134,6136,6194,6578,6727,7886,7887,7888,7950,7956,8171,8282,8284,8469,8470,8730,
217;1;649;730;0;24,74,100,137,139,144,146,148,198,225,234,245,248,251,262,289,292,314,329,354,355,356,357,528,640,677,700,814,838,891,1015,1089,1119,1474,1478,1479,1484,1488,1567,2117,2315,2475,2509,2602,2626,2680,2812,3263,3607,3627,3802,3979,4405,4437,4608,4609,4840,4841,4997,5030,5050,5290,6093,6133,6134,6136,6194,6578,6727,7886,7887,7888,7950,7956,8171,8282,8284,8469,8470,8730,
66;1;730;896;1;24,74,100,137,139,144,146,148,198,225,234,245,248,251,262,289,292,314,329,354,355,356,357,528,640,677,700,814,838,891,1015,1089,1119,1474,1478,1479,1484,1488,1567,2117,2315,2475,2509,2602,2626,2680,2812,3263,3607,3627,3802,3979,4405,4437,4608,4609,4840,4841,4997,5030,5050,5290,6093,6133,6134,6136,6194,6578,6727,7886,7887,7888,7950,7956,8171,8282,8284,8469,8470,8730,
52;0;896;910;1;24,74,100,137,139,144,146,148,198,225,234,245,248,251,262,289,292,314,329,354,355,356,357,528,640,677,700,814,838,891,1015,1089,1119,1474,1478,1479,1484,1488,1567,2117,2315,2475,2509,2602,2626,2680,2812,3263,3607,3627,3802,3979,4405,4437,4608,4609,4840,4841,4997,5030,5050,5290,6093,6133,6134,6136,6194,6578,6727,7886,7887,7888,7950,7956,8171,8282,8284,8469,8470,8730,
83;0;910;1070;1;24,74,100,137,139,144,146,148,198,225,234,245,248,251,262,289,292,314,329,354,355,356,357,528,640,677,700,814,838,891,1015,1089,1119,1474,1478,1479,1484,1488,1567,2117,2315,2475,2509,2602,2626,2680,2812,3263,3607,3627,3802,3979,4405,4437,4608,4609,4840,4841,4997,5030,5050,5290,6093,6133,6134,6136,6194,6578,6727,7886,7887,7888,7950,7956,8171,8282,8284,8469,8470,8730,
54;0;1070;1114;1;24,74,100,137,139,144,146,148,198,225,234,245,248,251,262,289,292,314,329,354,355,356,357,528,640,677,700,814,838,891,1015,1089,1119,1474,1478,1479,1484,1488,1567,2117,2315,2475,2509,2602,2626,2680,2812,3263,3607,3627,3802,3979,4405,4437,4608,4609,4840,4841,4997,5030,5050,5290,6093,6133,6134,6136,6194,6578,6727,7886,7887,7888,7950,7956,8171,8282,8284,8469,8470,8730,
149;0;1114;1233;0;24,74,100,137,139,144,146,148,198,225,234,245,248,251,262,289,292,314,329,354,355,356,357,528,640,677,700,814,838,891,1015,1089,1119,1474,1478,1479,1484,1488,1567,2117,2315,2475,2509,2602,2626,2680,2812,3263,3607,3627,3802,3979,4405,4437,4608,4609,4840,4841,4997,5030,5050,5290,6093,6133,6134,6136,6194,6578,6727,7886,7887,7888,7950,7956,8171,8282,8284,8469,8470,8730,
149;1;1233;1334;0;24,74,100,137,139,144,146,148,198,225,234,245,248,251,262,289,292,314,329,354,355,356,357,528,640,677,700,814,838,891,1015,1089,1119,1474,1478,1479,1484,1488,1567,2117,2315,2475,2509,2602,2626,2680,2812,3263,3607,3627,3802,3979,4405,4437,4608,4609,4840,4841,4997,5030,5050,5290,6093,6133,6134,6136,6194,6578,6727,7886,7887,7888,7950,7956,8171,8282,8284,8469,8470,8730,
115;0;1334;1386;1;24,74,100,137,139,144,146,148,198,225,234,245,248,251,262,289,292,314,329,354,355,356,357,528,640,677,700,814,838,891,1015,1089,1119,1474,1478,1479,1484,1488,1567,2117,2315,2475,2509,2602,2626,2680,2812,3263,3607,3627,3802,3979,4405,4437,4608,4609,4840,4841,4997,5030,5050,5290,6093,6133,6134,6136,6194,6578,6727,7886,7887,7888,7950,7956,8171,8282,8284,8469,8470,8730,
143;1;1386;1418;0;24,74,100,137,139,144,146,148,198,225,234,245,248,251,262,289,292,314,329,354,355,356,357,528,640,677,700,814,838,891,1015,1089,1119,1474,1478,1479,1484,1488,1567,2117,2315,2475,2509,2602,2626,2680,2812,3263,3607,3627,3802,3979,4405,4437,4608,4609,4840,4841,4997,5030,5050,5290,6093,6133,6134,6136,6194,6578,6727,7886,7887,7888,7950,7956,8171,8282,8284,8469,8470,8730,
131;0;1418;1442;1;24,74,100,137,139,144,146,148,198,225,234,245,248,251,262,289,292,314,329,354,355,356,357,528,640,677,700,814,838,891,1015,1089,1119,1474,1478,1479,1484,1488,1567,2117,2315,2475,2509,2602,2626,2680,2812,3263,3607,3627,3802,3979,4405,4437,4608,4609,4840,4841,4997,5030,5050,5290,6093,6133,6134,6136,6194,6578,6727,7886,7887,7888,7950,7956,8171,8282,8284,8469,8470,8730,
105;0;1442;1579;1;24,74,100,137,139,144,146,148,198,225,234,245,248,251,262,289,292,314,329,354,355,356,357,528,640,677,700,814,838,891,1015,1089,1119,1474,1478,1479,1484,1488,1567,2117,2315,2475,2509,2602,2626,2680,2812,3263,3607,3627,3802,3979,4405,4437,4608,4609,4840,4841,4997,5030,5050,5290,6093,6133,6134,6136,6194,6578,6727,7886,7887,7888,7950,7956,8171,8282,8284,8469,8470,8730,
119;0;1579;1609;1;24,74,100,137,139,144,146,148,198,225,234,245,248,251,262,289,292,314,329,354,355,356,357,528,640,677,700,814,838,891,1015,1089,1119,1474,1478,1479,1484,1488,1567,2117,2315,2475,2602,2626,2680,2812,3263,3289,3627,3802,3979,4405,4608,4609,4840,4841,4997,5030,5290,6133,6134,6136,6194,6727,7886,7887,7888,7956,8014,8170,8171,8174,8282,8284,8429,8431,8730,9098,9099,9100,
124;0;1609;1698;1;24,74,100,137,139,144,146,148,198,225,234,245,248,251,262,289,292,314,329,528,640,677,700,814,838,891,1036,1089,1119,1146,1359,1361,1376,1474,1478,1479,1484,1488,1567,2117,2315,2475,2530,2602,2626,2680,2812,3263,3627,3630,3802,3979,4405,4430,4545,4608,4609,4840,4841,4997,5030,5290,6129,6133,6134,6136,6194,6727,7408,7886,7887,7888,7956,8059,8170,8171,8174,8282,8284,8730,
98;0;1698;1771;1;24,74,79,100,137,139,144,146,148,198,204,225,234,245,248,251,262,289,292,314,329,502,506,528,640,677,700,787,790,814,838,891,960,1089,1146,1162,1181,1293,1361,1474,1478,1479,1484,1488,1567,1589,1996,2070,2117,2315,2475,2602,2626,2680,2812,3263,3348,3627,3802,3810,3948,3979,4114,4115,4116,4405,4545,4840,4841,4997,5290,6134,6136,6194,7408,7886,7956,8171,8174,8730,
126;0;1771;1824;1;24,74,79,100,137,139,144,146,148,149,198,225,234,245,248,251,262,288,289,292,314,329,404,502,528,640,677,700,787,814,838,891,912,921,1089,1146,1293,1361,1474,1478,1479,1484,1488,1567,1763,1848,1996,2117,2315,2475,2602,2626,2680,2812,3263,3348,3435,3627,3802,3810,3948,3979,4114,4405,4545,4840,4841,4997,5290,6134,6136,6194,6234,6307,7408,7886,7956,8171,8174,8730,
121;1;1824;1868;1;2,24,74,79,100,137,139,144,145,146,148,149,225,234,245,248,251,262,277,288,289,292,314,321,329,398,400,404,502,528,640,677,814,838,891,912,921,933,948,1089,1093,1146,1293,1361,1474,1476,1478,1479,1484,1488,1567,1763,1848,1973,1996,2117,2315,2425,2475,2536,2602,2626,2680,2812,3263,3348,3435,3627,3802,3948,3979,4405,4545,4841,5181,5182,6134,6136,7408,7956,
130;1;1868;1969;1;2,24,74,79,97,100,137,139,144,145,146,148,149,225,231,234,245,248,251,262,277,288,289,292,314,321,329,398,400,404,502,528,591,640,677,814,838,891,933,948,1089,1093,1117,1146,1293,1361,1401,1474,1476,1478,1479,1484,1488,1567,1763,1973,1996,2117,2315,2355,2425,2475,2536,2602,2626,2680,2812,3263,3348,3627,3802,3948,3979,4405,4545,4841,5181,6134,6136,7956,
195;0;1969;1999;0;2,24,74,97,100,137,139,144,145,146,149,152,175,189,197,225,231,234,245,248,262,277,288,289,292,314,321,329,400,528,551,591,640,677,729,814,838,875,891,948,1089,1117,1146,1291,1293,1341,1401,1474,1476,1478,1567,1763,2117,2148,2174,2233,2258,2355,2475,2602,2626,2812,2856,2873,3263,3409,3802,3829,3948,3979,4060,4217,4841,4866,4868,4869,5779,6134,6136,7956,
11;0;1999;2048;1;2,24,74,97,100,137,139,144,145,146,149,152,189,225,231,234,245,248,249,262,277,288,289,292,314,321,329,400,512,528,591,640,677,729,814,838,891,948,1085,1089,1117,1146,1278,1293,1401,1474,1476,1478,1567,1763,2117,2148,2174,2355,2475,2602,2626,2812,2873,2968,3070,3263,3369,3802,3829,3948,3979,4060,4217,4492,4624,4710,4841,4864,5308,6134,6136,7125,7956,8510,
13;1;2048;2053;1;2,24,74,97,100,137,139,144,145,146,149,152,189,225,231,234,245,248,249,262,277,288,289,290,292,302,312,314,321,329,400,528,591,640,647,677,729,814,838,891,948,1089,1117,1146,1278,1293,1398,1401,1428,1474,1476,1478,1567,1763,2117,2148,2174,2355,2475,2602,2626,2812,2873,3070,3263,3369,3802,3829,3948,3979,4060,4217,4492,4841,4864,4926,6134,6136,7956,8510,
142;0;2053;2085;0;2,24,74,97,100,137,139,144,145,146,149,152,189,225,231,234,245,248,249,262,277,288,289,290,292,302,312,314,321,329,400,528,591,640,647,677,729,814,838,871,891,948,1089,1117,1146,1278,1293,1398,1401,1428,1474,1476,1478,1567,1763,2117,2148,2174,2355,2475,2602,2626,2812,2873,3070,3126,3263,3369,3802,3829,3948,3979,4060,4217,4492,4841,4926,6134,6136,7956,
130;0;2085;2242;1;2,24,74,97,100,137,139,144,145,146,149,152,189,225,231,234,245,248,249,262,277,288,289,290,292,302,312,314,321,329,400,528,591,640,647,677,729,814,838,871,891,948,1089,1117,1146,1278,1293,1398,1401,1428,1474,1476,1478,1567,1763,2117,2148,2174,2355,2475,2602,2626,2812,2873,3070,3126,3263,3369,3802,3829,3948,3979,4060,4217,4492,4841,4926,6134,6136,7956,
238;0;2242;2397;0;2,24,74,100,137,139,144,145,146,149,152,189,225,231,234,245,248,249,262,277,288,289,290,291,292,302,312,314,321,329,377,400,429,528,591,640,647,677,729,814,838,871,891,948,1054,1117,1118,1120,1124,1146,1293,1398,1428,1474,1476,1478,1735,1736,1763,2117,2174,2355,2475,2602,2626,2812,2898,3126,3263,3948,4217,4834,4841,4926,5257,5511,5512,6134,6136,7956,
6;1;2880;2886;1;2,24,100,137,139,144,145,149,152,225,231,234,245,249,277,288,289,290,291,292,302,312,314,321,329,377,400,429,528,591,640,647,677,715,729,838,871,948,1054,1117,1118,1146,1293,1398,1428,1474,1476,1478,1481,1568,1913,2091,2106,2117,2461,2590,2626,2679,2688,2898,2984,3126,3263,4217,4385,4413,4841,4926,5266,5525,5868,5869,6022,6134,6136,7582,7956,8002,8003,8004,
82;1;2886;2946;1;2,24,100,137,139,144,145,149,152,225,228,229,231,234,240,243,245,249,268,273,277,286,288,289,290,291,292,302,312,314,321,329,377,400,429,528,591,640,647,715,729,827,838,871,948,1054,1094,1096,1097,1099,1117,1118,1146,1293,1390,1398,1428,1472,1474,1476,1478,1481,2091,2103,2117,2626,2898,3126,3263,4217,4841,4881,4882,4926,5525,5868,5869,6134,6136,7956,
37;0;2946;2998;1;2,24,100,137,139,144,145,149,152,225,231,243,249,276,277,288,289,290,291,292,302,312,314,321,329,377,400,429,528,591,640,647,715,729,838,871,948,1054,1117,1118,1121,1146,1171,1293,1398,1428,1472,1474,1476,1478,1481,1675,1814,2091,2117,2626,2898,3126,3263,3915,3916,3917,3918,3919,3920,3921,3922,3923,3924,3925,3926,3927,3928,4217,4841,4926,5525,6134,6136,7956,
248;1;2998;3112;0;2,24,26,100,117,137,139,144,145,149,152,225,231,243,249,276,277,288,289,290,291,292,302,312,314,321,329,377,400,429,528,591,640,647,715,729,826,838,871,948,1054,1117,1118,1146,1171,1266,1267,1282,1285,1287,1289,1292,1293,1295,1398,1428,1474,1476,1478,1481,1916,2091,2117,2221,2626,2898,3126,3263,3703,4217,4620,4841,4926,5392,5471,5525,6134,6136,6244,7956,
87;0;3112;3185;1;2,24,26,100,117,137,139,144,145,149,152,225,231,243,249,276,277,288,289,290,291,292,302,312,314,321,329,377,400,429,528,591,640,647,715,729,826,838,871,948,1045,1054,1117,1118,1146,1266,1267,1282,1285,1287,1289,1292,1293,1295,1398,1428,1474,1476,1478,1481,1916,2091,2117,2221,2626,2898,3126,3263,3703,4217,4620,4841,4926,5392,5471,5525,6134,6136,6244,7956,
13;0;3185;3349;1;2,24,26,100,117,137,139,144,145,149,152,225,231,243,249,276,277,288,289,290,291,292,302,312,314,321,329,377,400,429,528,591,640,647,715,729,826,838,871,948,1045,1054,1117,1118,1146,1266,1267,1282,1285,1287,1289,1292,1293,1295,1398,1428,1474,1476,1478,1481,1916,2091,2117,2221,2626,2898,3126,3263,3703,4217,4620,4841,4926,5392,5471,5525,6134,6136,6244,7956,
254;1;3349;3404;0;2,24,26,100,117,137,139,144,145,149,152,225,231,233,243,249,276,288,289,290,291,292,314,329,377,400,429,435,528,591,640,647,729,826,838,871,948,949,1054,1117,1118,1146,1266,1267,1282,1285,1287,1289,1292,1293,1295,1474,1476,1478,1481,1669,1671,1916,2091,2221,2337,2626,2898,3126,3263,3703,4217,4547,4548,4620,4630,4645,4841,5392,5471,6134,6136,6244,6393,7956,
248;0;3404;3505;0;2,24,26,100,117,137,139,144,145,149,152,225,231,233,243,249,276,288,289,290,291,292,314,329,377,400,429,435,528,591,640,647,729,826,838,871,948,949,1054,1117,1118,1146,1266,1267,1282,1285,1287,1289,1292,1293,1295,1474,1476,1478,1481,1669,1671,1916,2091,2221,2337,2626,2898,3126,3263,3703,4217,4547,4548,4620,4630,4645,4841,5392,5471,6134,6136,6244,6393,7956,
80;0;3505;3525;1;2,24,26,100,117,137,139,144,145,149,152,225,231,233,243,249,276,288,289,290,291,292,314,329,377,400,429,435,528,591,640,647,729,826,838,871,948,949,1054,1117,1118,1146,1266,1267,1282,1285,1287,1289,1292,1293,1295,1474,1476,1478,1481,1669,1671,1916,2091,2221,2337,2626,2898,3126,3263,3703,4217,4547,4548,4620,4630,4645,4841,5392,5471,6134,6136,6244,6393,7956,
15;1;3525;3534;1;2,24,26,100,117,137,139,144,145,149,152,225,231,233,243,249,276,288,289,290,291,292,314,329,377,400,429,435,528,591,640,647,729,838,871,948,949,1054,1117,1118,1146,1266,1282,1285,1287,1289,1292,1293,1295,1474,1476,1478,1481,1669,1671,1916,2091,2221,2337,2626,2898,3126,3263,3703,4217,4620,4645,4841,6134,6136,6393,7956,8551,8559,8640,9053,9059,9112,9113,9114,
89;0;3534;3670;1;2,8,24,26,100,117,137,139,142,144,145,149,152,225,231,233,243,249,276,288,289,290,291,292,314,342,377,390,400,402,429,528,591,640,643,644,647,729,838,871,948,1051,1054,1057,1117,1118,1146,1292,1293,1474,1475,1476,1478,1481,1669,1933,2091,2109,2626,2898,3126,3263,3703,4217,4620,4645,4841,6134,6136,7956,8551,8559,8640,9053,9059,9112,9113,9114,9216,9217,
47;0;4320;4485;1;2,8,24,26,100,137,139,144,145,149,152,225,231,233,244,249,276,288,289,290,291,292,314,377,390,397,400,528,591,640,644,647,729,871,948,1051,1054,1057,1117,1118,1146,1292,1293,1476,1478,1481,1669,2091,2493,2626,2658,2778,2816,2898,3126,3263,3703,4217,4567,4620,4627,4645,4652,4740,4841,5411,5603,5604,5605,6134,6136,7956,8551,8559,8640,9053,9059,9112,9113,9114,
47;1;4485;4619;1;2,8,24,26,100,137,139,144,145,149,152,225,231,233,244,249,276,288,289,290,291,292,314,377,390,397,400,528,591,640,644,647,729,871,948,1051,1054,1057,1117,1118,1146,1292,1293,1476,1478,1481,1669,2091,2493,2626,2658,2778,2816,2898,3126,3263,3703,4217,4567,4620,4627,4645,4652,4740,4841,5411,5603,5604,5605,6134,6136,7956,8551,8559,8640,9053,9059,9112,9113,9114,
15;0;4619;4793;1;2,8,24,26,100,137,139,144,145,149,152,225,231,233,244,249,276,288,289,290,291,292,314,377,390,397,400,528,591,640,644,647,729,871,948,1051,1054,1057,1117,1118,1146,1292,1293,1476,1478,1481,1669,2091,2493,2626,2658,2778,2816,2898,3126,3263,3703,4217,4567,4620,4627,4645,4652,4740,4841,5411,5603,5604,5605,6134,6136,7956,8551,8559,8640,9053,9059,9112,9113,9114,
80;1;4793;4877;1;2,8,24,26,100,137,139,144,145,149,152,225,231,233,244,249,276,288,289,290,291,292,314,377,390,397,400,528,591,640,644,647,729,871,948,1051,1054,1057,1117,1118,1146,1292,1293,1476,1478,1481,1669,2091,2493,2626,2658,2778,2816,2898,3126,3263,3703,4217,4567,4620,4627,4645,4652,4740,4841,5411,5603,5604,5605,6134,6136,7956,8551,8559,8640,9053,9059,9112,9113,9114,
116;0;4877;4982;1;2,8,24,26,100,137,139,144,145,149,152,156,225,231,233,249,276,288,289,290,291,292,314,377,390,397,400,505,528,591,640,644,647,729,871,948,1051,1054,1057,1117,1118,1146,1292,1293,1435,1476,1478,1481,1558,1669,2080,2091,2179,2330,2626,2778,2816,2849,2898,2957,3126,3263,3703,3774,3847,4064,4217,4285,4567,4620,4627,4645,4740,4841,6015,6134,6136,6686,7956,8559,
91;0;4982;5065;1;2,8,24,26,100,137,139,144,145,149,152,225,231,233,249,276,288,289,290,291,292,314,377,390,397,400,528,591,640,644,647,729,765,871,948,1051,1054,1057,1117,1118,1146,1214,1292,1293,1476,1478,1481,1558,1669,1674,2091,2179,2225,2626,2627,2628,2635,2637,2647,2653,2654,2660,2661,2675,2705,2778,2816,2898,3263,3703,3774,4217,4620,4645,4740,4841,6134,6136,7956,8559,
122;0;5760;5772;1;2,8,24,26,100,137,139,144,145,149,152,225,231,233,249,276,288,289,290,291,292,314,351,377,390,397,400,528,591,640,644,647,729,765,871,948,1051,1054,1057,1058,1117,1118,1146,1292,1293,1476,1478,1481,1558,1669,1768,2091,2253,2628,2635,2637,2645,2653,2654,2774,2775,2778,2780,2816,2898,2950,3263,3703,3774,4018,4217,4564,4620,4645,4740,4805,4841,6134,6136,7956,
69;1;5772;5796;1;2,8,24,26,90,100,103,137,139,144,145,149,152,225,231,233,249,276,288,290,291,292,351,377,390,400,528,591,640,644,647,704,765,766,769,831,843,871,948,1051,1054,1057,1058,1117,1118,1146,1163,1293,1476,1478,1481,1491,2091,2132,2635,2645,2653,2657,2774,2775,2778,2898,2903,2904,2961,2962,2964,3263,3703,4217,4372,4841,5624,5627,5828,6134,6136,6749,7458,7956,
86;0;5796;5874;1;2,8,15,24,26,54,60,100,137,139,144,145,149,152,225,231,233,249,276,288,290,291,292,351,377,390,400,528,591,640,644,647,765,766,769,843,871,948,1051,1054,1057,1058,1117,1118,1146,1293,1476,1478,1481,1587,2062,2063,2091,2132,2635,2645,2653,2774,2775,2778,2898,2903,2961,3263,3345,3346,3703,4217,4313,4314,4315,4316,4317,4318,4372,4841,5627,6134,6136,7956,
114;0;5874;5923;1;2,8,15,24,26,54,60,100,137,139,144,145,149,152,225,231,233,249,276,288,290,291,292,351,377,390,400,528,591,640,644,647,765,766,769,843,871,948,1051,1054,1057,1058,1117,1118,1146,1293,1476,1478,1481,1587,2062,2063,2091,2132,2635,2645,2653,2774,2775,2778,2898,2903,2961,3263,3345,3346,3703,4217,4313,4314,4315,4316,4317,4318,4372,4841,5627,6134,6136,7956,
86;1;5923;6026;1;2,8,15,24,26,54,60,100,137,139,144,145,149,152,225,231,233,249,276,288,290,291,292,351,377,390,400,528,591,640,644,647,765,766,769,843,871,948,1051,1054,1057,1058,1117,1118,1146,1293,1476,1478,1481,1587,2062,2063,2091,2132,2635,2645,2653,2774,2775,2778,2898,2903,2961,3263,3345,3346,3703,4217,4313,4314,4315,4316,4317,4318,4372,4841,5627,6134,6136,7956,
71;0;6026;6046;1;2,8,15,24,26,54,60,100,137,139,144,145,149,152,225,231,233,249,276,288,290,291,292,351,377,390,400,528,591,640,644,647,765,766,769,772,773,843,849,871,946,948,1051,1054,1057,1058,1117,1118,1146,1293,1476,1478,1481,1587,2091,2510,2635,2645,2653,2774,2775,2778,2898,2903,2961,3263,3346,3447,3703,4217,4313,4841,5594,5627,6134,6136,6226,7556,7956,8534,
2;0;6046;6076;1;2,8,15,24,26,54,60,100,137,139,144,145,149,152,225,231,233,249,276,288,290,291,292,351,377,390,400,528,591,640,644,647,765,766,769,773,843,849,871,946,948,1051,1054,1057,1058,1117,1118,1133,1146,1293,1476,1478,1480,1481,1587,1921,2053,2091,2510,2635,2645,2653,2774,2775,2778,2898,2903,2961,3263,3346,3447,3703,4217,4313,4841,5627,6134,6136,6226,7956,
239;1;6076;6230;0;8,24,26,54,60,100,137,144,145,152,225,231,233,249,271,288,290,291,292,351,390,400,528,591,640,647,765,766,769,839,843,871,1051,1054,1057,1058,1117,1118,1133,1146,1293,1476,1480,1481,1540,1587,1915,1921,2053,2091,2092,2338,2635,2645,2653,2774,2775,2777,2778,2898,3263,3267,3346,3703,4217,4605,4606,4617,4841,5340,5410,5627,6134,6136,6226,6329,6366,7956,8035,8036,
108;1;6230;6264;1;8,24,26,30,54,60,100,137,144,145,152,169,190,225,231,233,249,288,290,291,292,351,390,400,504,528,591,640,647,765,766,769,843,871,872,972,1051,1054,1057,1058,1117,1118,1133,1146,1293,1476,1480,1481,1540,1561,1562,1587,1887,1921,2053,2091,2338,2563,2572,2635,2645,2653,2765,2774,2775,2778,2898,3022,3263,3267,3346,3703,4217,4841,5627,6134,6136,7649,7650,7956,
45;0;6264;6398;1;8,24,26,30,54,55,60,100,137,144,145,152,169,190,225,231,249,288,291,351,390,504,528,565,591,640,647,765,766,769,843,871,872,972,1051,1054,1057,1058,1117,1118,1133,1146,1293,1476,1480,1481,1540,1561,1562,1587,1887,1921,2053,2091,2231,2338,2563,2572,2635,2645,2653,2765,2774,2775,2898,3022,3263,3346,3703,3870,4217,4327,4841,5627,6134,6136,7026,7649,7650,7956,
70;0;6398;6467;1;8,24,26,30,54,55,60,100,137,144,145,152,169,190,225,231,249,288,291,351,390,504,528,591,640,647,765,766,769,843,871,872,972,1051,1054,1057,1058,1117,1118,1133,1146,1293,1476,1480,1481,1540,1561,1562,1587,1887,1921,2053,2091,2338,2563,2572,2635,2645,2653,2765,2774,2775,2898,3022,3263,3346,3703,3870,4217,4841,5051,5209,5409,5627,6134,6136,6472,7649,7650,7956,
108;0;6467;6621;1;8,24,26,30,54,55,60,100,137,144,145,152,169,190,225,231,249,288,291,351,390,504,528,591,640,647,765,766,769,843,871,872,972,1051,1054,1057,1058,1117,1118,1133,1146,1293,1476,1480,1481,1540,1561,1562,1587,1887,1921,2053,2091,2338,2563,2572,2635,2645,2653,2765,2774,2775,2898,3022,3263,3346,3703,3870,4217,4841,5051,5209,5409,5627,6134,6136,6472,7649,7650,7956,
18;1;6621;6773;1;8,24,26,30,54,55,60,100,137,144,145,152,169,190,225,231,249,288,291,351,390,504,528,591,640,647,765,766,769,843,871,872,972,1051,1054,1057,1058,1117,1118,1133,1146,1293,1476,1480,1481,1540,1561,1562,1587,1887,1921,2053,2091,2338,2563,2572,2635,2645,2653,2765,2774,2775,2898,3022,3263,3346,3703,3870,4217,4841,5051,5209,5409,5627,6134,6136,6472,7649,7650,7956,
104;0;6773;6846;1;8,24,26,30,54,55,60,100,137,144,145,152,169,190,225,231,249,288,291,351,390,504,528,591,640,647,765,766,769,843,871,872,972,1051,1054,1057,1058,1117,1118,1133,1146,1293,1476,1480,1481,1540,1561,1562,1587,1887,1921,2053,2064,2091,2338,2563,2572,2635,2645,2653,2765,2774,2775,2898,2934,3022,3263,3346,3703,3870,4217,4841,4913,5209,5627,6136,6977,7956,7990,8354,
154;1;7200;7244;0;8,24,26,30,54,55,60,100,137,144,145,152,169,190,225,231,249,288,291,351,390,504,528,591,640,647,765,766,769,843,871,872,972,1051,1054,1057,1058,1117,1118,1133,1146,1293,1476,1480,1481,1540,1561,1562,1587,1887,1921,2053,2064,2091,2338,2635,2645,2653,2774,2775,2898,2934,3022,3263,3346,3703,3870,4217,4841,4913,5209,5627,6136,6204,6977,7454,7956,7990,8354,8899,
118;0;7244;7405;1;8,24,26,30,54,55,60,100,137,144,145,152,169,190,225,231,249,288,291,351,390,528,591,640,647,765,766,769,843,871,872,1051,1054,1057,1058,1117,1118,1133,1146,1293,1476,1480,1481,1540,1562,1587,1921,2053,2064,2091,2338,2635,2645,2653,2774,2775,2898,2934,3022,3263,3346,3703,3870,4217,4841,4913,5209,5627,6136,6204,6977,7454,7953,7954,7956,7957,7990,8120,8354,8899,
93;0;7405;7472;1;8,24,26,30,54,55,60,100,137,144,145,152,169,225,231,249,288,291,351,390,528,558,591,640,647,765,766,769,843,871,872,979,1051,1054,1057,1058,1117,1118,1133,1146,1293,1476,1480,1481,1540,1562,1587,1921,2053,2064,2091,2338,2635,2645,2653,2774,2775,2898,2934,3022,3263,3315,3346,3703,3870,4217,4841,4913,5209,5627,6136,6204,6977,7454,7953,7954,7956,7990,8354,8899,
59;0;7472;7508;1;7,8,24,26,54,55,60,95,100,137,144,145,152,225,231,249,288,291,351,390,392,394,528,558,591,640,647,765,766,769,843,871,872,979,1049,1050,1051,1053,1054,1055,1057,1058,1059,1117,1118,1133,1146,1228,1229,1293,1476,1480,1481,1587,1633,1921,2053,2064,2091,2338,2635,2645,2653,2774,2775,2898,2934,3022,3263,3315,3346,3703,3870,4217,4841,4913,5627,6977,7990,8354,
132;0;7508;7584;0;3,7,8,24,26,54,55,60,95,100,137,144,145,152,225,231,249,288,291,390,392,394,528,558,591,640,647,693,765,766,769,843,871,872,979,1049,1050,1051,1053,1054,1055,1057,1058,1059,1117,1118,1133,1146,1228,1229,1293,1476,1480,1481,1587,1633,1921,2053,2091,2338,2635,2645,2653,2774,2775,2898,3022,3037,3263,3315,3346,3703,3870,4033,4217,4913,5379,5627,6977,8354,
79;0;7584;7623;1;3,7,8,24,26,54,55,60,88,95,100,137,144,145,152,225,231,288,337,390,392,394,528,591,640,647,765,766,769,835,843,855,858,871,872,979,1049,1050,1051,1053,1054,1055,1057,1058,1059,1117,1118,1133,1146,1228,1229,1293,1480,1481,1518,1587,1633,1921,1972,2053,2091,2338,2403,2631,2635,2645,2653,2774,2775,2898,3022,3037,3618,3703,3870,4217,4389,5337,5627,8354,
178;1;7623;7700;0;7,8,24,26,54,60,95,100,137,144,152,225,288,337,390,392,394,528,591,640,647,765,766,769,835,855,858,871,872,1049,1050,1051,1053,1054,1055,1057,1058,1059,1117,1118,1133,1146,1228,1229,1269,1270,1272,1273,1275,1279,1280,1288,1293,1322,1480,1481,1587,1592,1633,1921,2053,2091,2338,2635,2645,2653,2774,2775,2796,2888,3037,3421,3618,3703,3870,4217,5627,7018,7059,8354,
253;1;7700;7793;0;7,8,24,26,54,60,95,100,137,144,152,225,288,337,390,392,394,528,591,640,765,766,769,835,855,858,871,872,1049,1050,1051,1053,1054,1055,1057,1058,1059,1117,1118,1133,1146,1228,1229,1269,1270,1272,1273,1275,1279,1280,1288,1293,1322,1480,1481,1587,1592,1633,1921,2053,2091,2338,2635,2645,2653,2774,2775,2796,2888,3037,3421,3618,3703,3870,4217,5627,7009,7018,7059,8354,
88;0;7793;7904;1;7,8,24,26,54,60,95,100,137,144,152,225,288,390,392,394,528,591,640,765,766,769,835,855,858,871,872,1049,1050,1051,1053,1054,1055,1057,1058,1059,1117,1118,1133,1146,1228,1229,1269,1270,1272,1273,1275,1279,1280,1288,1293,1322,1480,1481,1587,1592,1633,1921,2053,2091,2338,2635,2645,2653,2796,2888,3421,3618,3703,3814,3819,3820,3821,3822,4217,5627,7009,7018,7059,8354,
59;1;7904;8080;1;7,8,24,26,54,60,95,100,137,144,152,225,288,390,392,394,528,591,640,765,766,769,835,855,858,871,872,1049,1050,1051,1053,1054,1055,1057,1058,1059,1117,1118,1133,1146,1228,1229,1269,1270,1272,1273,1275,1279,1280,1288,1293,1322,1480,1481,1587,1592,1633,1921,2053,2091,2338,2635,2645,2653,2796,2888,3421,3618,3703,3814,3819,3820,3821,3822,4217,5627,7009,7018,7059,8354,
17;1;8080;8231;1;7,8,24,26,38,54,60,95,100,137,144,152,189,225,288,390,392,394,528,591,640,765,766,769,835,855,858,871,872,873,874,1049,1050,1051,1053,1054,1055,1057,1058,1117,1118,1133,1142,1146,1269,1270,1272,1273,1275,1279,1280,1288,1293,1322,1456,1460,1461,1480,1481,1587,1592,1921,2053,2091,2338,2635,2645,2653,2796,2888,3421,3618,3703,3814,4217,5627,7009,7018,7059,8354,
2;1;8640;8713;1;7,8,24,26,38,54,60,95,100,137,144,152,189,225,288,390,392,394,528,591,640,765,766,769,835,855,858,871,872,873,874,1049,1050,1051,1053,1054,1055,1057,1058,1117,1118,1133,1142,1146,1269,1270,1272,1273,1275,1279,1280,1288,1293,1322,1456,1460,1461,1480,1481,1587,1592,1921,2053,2091,2338,2635,2645,2653,2796,2888,3421,3618,3703,3814,4217,5627,7009,7018,7059,8354,
223;0;8713;8731;0;8,24,26,38,54,60,95,100,137,144,152,189,225,288,390,394,528,591,640,765,766,769,835,855,858,871,872,873,874,1050,1051,1053,1054,1055,1057,1117,1118,1133,1142,1146,1269,1270,1272,1273,1275,1279,1280,1288,1293,1322,1456,1460,1461,1480,1481,1587,1592,2053,2091,2338,2635,2645,2653,2796,2888,3421,3618,3703,4217,5080,5627,5984,5992,6377,6584,6585,7009,7018,7059,8354,
32;0;8731;8782;1;8,24,26,38,54,60,95,100,137,144,152,189,225,288,390,394,528,591,640,765,766,769,835,855,858,871,872,1050,1051,1054,1055,1117,1118,1133,1146,1269,1270,1272,1273,1275,1279,1280,1288,1293,1322,1480,1481,1587,1592,2091,2338,2635,2645,2653,2796,2888,3421,3618,3703,4217,5080,5627,5984,5992,6377,6584,6585,7009,7018,7059,8354,9222,9223,9224,9225,9226,9227,9228,9229,9230,
184;0;8782;8883;0;8,24,26,38,54,60,95,100,137,144,152,189,225,288,390,394,528,591,640,765,766,769,835,855,858,871,872,1050,1051,1054,1055,1117,1118,1133,1146,1269,1270,1272,1273,1275,1279,1280,1288,1293,1322,1480,1481,1524,1587,1592,2091,2338,2492,2547,2635,2645,2649,2653,2693,2783,2796,2888,3421,3618,3703,4217,4371,5080,5627,5984,5992,6377,6584,6585,7009,7018,7059,8354,9222,9223,
178;0;8883;8922;0;8,24,26,38,54,60,95,100,137,144,152,189,225,288,390,394,528,591,640,765,766,769,835,855,858,871,872,1050,1051,1054,1055,1117,1118,1133,1146,1269,1270,1272,1273,1275,1279,1280,1288,1293,1322,1480,1481,1524,1587,1592,2091,2338,2492,2547,2635,2645,2649,2653,2693,2783,2796,2888,3421,3618,3703,4217,4371,5080,5627,5984,5992,6377,6584,6585,7009,7018,7059,8354,9222,9223,
40;0;8922;8954;1;8,24,26,38,54,60,61,74,95,100,137,144,152,189,225,288,390,394,528,591,640,765,766,769,835,855,858,871,872,1050,1051,1054,1055,1117,1118,1133,1146,1269,1270,1272,1273,1275,1279,1280,1288,1293,1322,1480,1481,1524,1587,1592,2091,2338,2492,2547,2635,2645,2649,2653,2693,2783,2796,2866,2888,3421,3618,3703,4217,4371,5080,5627,5984,5992,6377,6584,6585,7009,7018,8354,
21;0;8954;9066;1;8,24,26,38,54,60,61,74,95,100,137,144,152,189,225,288,390,394,528,591,640,765,766,769,835,855,858,871,872,1050,1051,1054,1055,1117,1118,1133,1146,1269,1270,1272,1273,1275,1279,1280,1288,1293,1322,1480,1481,1524,1587,1592,2091,2338,2492,2547,2635,2645,2649,2653,2693,2783,2796,2866,2888,3421,3618,3703,4217,4371,5080,5627,5984,5992,6377,6584,6585,7009,7369,8354,
234;0;9066;9171;0;8,24,26,38,54,60,100,137,144,225,390,528,640,666,715,765,766,769,814,835,855,858,1050,1051,1117,1118,1146,1275,1288,1293,1322,1352,1390,1481,1523,1587,2091,2338,2635,2645,2649,2653,2678,2721,2802,2803,2812,3421,3527,3618,3703,4217,4371,5336,5525,5530,5627,5633,5637,5722,5868,6024,6308,6309,6310,6311,6312,6313,6314,6315,6316,6317,6318,6319,6320,6321,6322,7009,7369,8354,
110;0;9171;9224;1;8,24,26,38,54,60,100,137,144,147,178,225,390,396,528,640,666,715,765,766,769,814,835,855,858,1027,1050,1051,1117,1118,1145,1146,1275,1288,1293,1322,1352,1390,1481,1523,1587,1942,1943,1944,2091,2338,2635,2645,2649,2653,2678,2721,2802,2803,2812,3421,3527,3618,3703,4217,4371,5336,5525,5530,5627,5633,5637,5722,5868,6024,6308,6309,6310,6311,6312,6314,6322,7009,7369,8354,
111;0;9224;9290;1;8,24,26,38,54,60,100,137,144,147,177,178,179,180,181,183,225,304,390,396,528,640,666,715,765,766,769,814,835,855,858,1027,1050,1051,1117,1118,1145,1146,1275,1288,1293,1322,1352,1390,1481,1523,1587,1942,1943,1944,2091,2338,2635,2645,2649,2653,2678,2721,2802,2803,2812,3421,3527,3618,3703,4217,4371,5336,5525,5530,5627,5637,5722,5868,6311,6314,6322,7009,7369,8354,
61;0;9290;9341;1;8,24,26,38,54,60,100,137,144,147,177,178,179,181,183,185,202,205,206,225,304,390,396,528,640,660,666,715,765,766,769,791,835,855,858,868,964,1011,1027,1050,1051,1117,1118,1145,1146,1275,1288,1293,1322,1390,1463,1481,1587,1942,1943,1944,2091,2338,2635,2645,2649,2678,2966,3264,3421,3618,3703,4217,4371,5525,5530,5627,5637,5868,6311,6314,6322,7009,7369,8354,
253;0;9341;9385;0;8,24,26,38,54,60,100,137,144,147,177,178,179,181,183,185,202,205,206,225,304,390,396,528,640,660,666,715,765,766,769,791,835,855,858,868,964,1011,1027,1050,1051,1117,1118,1145,1146,1275,1288,1293,1322,1390,1463,1481,1587,1942,1943,1944,2091,2338,2635,2645,2649,2678,2966,3264,3421,3618,3703,4217,4371,5525,5530,5627,5637,5868,6311,6314,6322,7009,7369,8354,
110;1;9385;9451;1;8,24,26,38,54,60,100,137,144,147,177,178,179,181,183,185,202,205,206,225,304,390,396,528,640,660,666,715,765,766,769,791,835,855,858,868,964,1011,1027,1050,1051,1117,1118,1145,1146,1275,1288,1293,1322,1390,1463,1481,1587,1942,1943,1944,2091,2338,2635,2645,2649,2678,2966,3264,3421,3618,3703,4217,4371,5525,5530,5627,5637,5868,6311,6314,6322,7009,7369,8354,
202;0;9451;9545;0;8,24,26,38,54,60,100,137,144,177,178,179,181,183,185,202,205,206,225,390,396,528,640,660,666,715,765,766,769,791,835,855,858,868,964,1011,1050,1051,1117,1118,1145,1146,1275,1288,1293,1322,1390,1463,1481,1587,2091,2338,2645,2649,2678,2966,3264,3421,3618,3703,4217,4371,5525,5530,5627,5637,5868,6138,6311,6314,6322,7369,8123,8283,8285,8315,8316,8317,8318,8319,
Machine: 1
49;1;0;20;1;8,24,26,38,54,60,100,137,144,177,178,179,181,183,206,225,248,390,528,640,666,715,754,765,766,769,835,855,858,1050,1051,1117,1118,1146,1275,1277,1288,1292,1293,1294,1322,1390,1481,1587,1777,2091,2338,2408,2409,2419,2645,2649,2678,3421,3618,3703,4217,4371,5525,5530,5627,5637,5868,6138,6311,6314,6322,6957,7035,7060,7061,7369,8123,8283,8285,8315,8316,8317,8318,8319,
113;0;20;24;1;8,24,38,54,60,100,137,144,177,178,179,181,183,206,225,248,390,609,640,666,715,765,766,769,835,855,858,862,1050,1051,1117,1118,1146,1275,1277,1288,1292,1293,1322,1346,1365,1390,1481,1587,1599,2091,2338,2339,2475,2645,2649,2678,2689,3421,3618,3703,4217,4371,4645,5525,5530,5538,5627,5637,5868,5869,6138,6311,6314,6322,7369,7871,8123,8283,8285,8315,8316,8317,8318,8319,
3;0;24;57;1;8,24,27,38,54,60,100,137,144,177,178,179,181,183,206,225,248,366,390,457,640,715,728,765,766,769,835,855,858,862,1050,1051,1117,1118,1146,1275,1277,1288,1292,1293,1322,1390,1481,1587,2091,2174,2220,2232,2338,2645,2649,2678,2941,3060,3421,3422,3609,3618,3703,3831,3842,3948,4217,4371,5525,5530,5627,5868,5869,6138,7369,7871,8123,8283,8285,8315,8316,8317,8318,8319,
50;0;57;61;1;8,24,27,38,54,60,100,137,144,177,178,179,181,183,206,225,248,366,390,457,640,715,728,765,766,769,835,855,858,1050,1051,1117,1118,1146,1275,1277,1288,1292,1293,1322,1390,1481,1587,2091,2163,2174,2220,2232,2338,2645,2649,2678,2941,3060,3421,3422,3609,3618,3703,3831,3842,4217,4371,5525,5530,5627,5868,5869,6138,7369,7871,8123,8283,8285,8315,8316,8317,8318,8319,8532,
240;0;61;110;0;8,24,27,38,54,60,100,137,144,177,178,179,181,183,206,225,248,366,390,640,715,765,766,769,835,855,858,1050,1051,1117,1118,1146,1275,1277,1288,1292,1293,1322,1390,1481,1587,2050,2091,2174,2194,2220,2338,2407,2645,2649,2678,2941,2969,3597,3609,3618,3703,3831,4119,4217,4371,4450,4620,5476,5497,5530,5627,5868,5869,6138,7369,7871,8123,8283,8285,8315,8316,8317,8318,8319,
202;1;110;135;0;8,24,27,38,54,60,100,137,144,177,178,179,181,183,206,225,248,366,390,640,715,765,766,769,835,855,858,1050,1051,1117,1118,1146,1275,1277,1288,1292,1293,1322,1390,1481,1587,2050,2091,2174,2194,2220,2338,2407,2645,2649,2678,2941,2969,3597,3609,3618,3703,3831,4119,4217,4371,4450,4620,5476,5497,5530,5627,5868,5869,6138,7369,7871,8123,8283,8285,8315,8316,8317,8318,8319,
173;1;135;153;0;8,24,27,38,54,60,100,137,144,177,178,179,181,183,206,225,248,366,390,640,715,765,766,769,835,855,858,1050,1051,1117,1118,1146,1275,1277,1288,1292,1293,1322,1390,1481,1587,2050,2091,2174,2194,2220,2338,2407,2645,2649,2678,2941,2969,3597,3609,3618,3703,3831,4119,4217,4371,4450,4620,5476,5497,5530,5627,5868,5869,6138,7369,7871,8123,8283,8285,8315,8316,8317,8318,8319,
199;0;153;195;0;8,24,27,38,54,60,100,137,144,177,178,179,181,183,206,225,248,366,390,640,715,765,766,769,835,855,858,1050,1051,1117,1118,1146,1275,1277,1288,1292,1293,1322,1390,1481,1513,1587,2050,2091,2174,2194,2220,2338,2407,2645,2649,2678,2941,2969,3162,3597,3609,3618,3703,3831,4119,4217,4371,4450,4620,5476,5497,5530,5627,5647,5648,5868,5869,6138,7369,7871,8123,8283,8285,8315,
42;0;195;228;1;8,24,27,38,54,60,93,100,137,144,177,178,179,181,183,206,225,248,293,390,640,691,715,765,766,769,835,855,858,898,1050,1051,1117,1118,1146,1275,1277,1288,1292,1293,1322,1390,1481,1513,1587,2091,2174,2194,2220,2338,2354,2407,2594,2637,2645,2649,2678,3152,3162,3291,3597,3609,3618,3703,3831,4119,4217,4371,4450,4620,5476,5530,5627,5647,5648,5868,5869,7369,7871,8285,
173;0;228;400;0;8,24,27,38,54,60,93,100,137,144,177,178,179,181,183,206,225,248,293,390,640,691,715,765,766,769,835,855,858,898,1050,1051,1117,1118,1146,1275,1277,1288,1292,1293,1322,1390,1481,1513,1587,2091,2174,2194,2220,2338,2354,2407,2594,2637,2645,2649,2678,3152,3162,3291,3597,3609,3618,3703,3831,4119,4217,4371,4450,4620,5476,5530,5627,5647,5648,5868,5869,7369,7871,8285,
117;0;400;536;1;8,24,27,38,54,60,100,137,144,177,178,179,181,183,206,225,248,293,390,640,715,765,766,769,835,855,858,1050,1051,1117,1118,1146,1275,1277,1288,1292,1293,1322,1390,1481,1513,1587,2091,2174,2220,2338,2407,2645,2649,2678,3162,3291,3597,3609,3703,3831,4119,4217,4371,4450,5530,5627,5647,5648,5868,5869,6360,7369,7871,8219,8285,8379,8380,8383,8384,8386,8387,8388,8389,8390,
5;0;536;631;1;8,17,20,24,25,27,34,37,38,39,40,46,52,54,60,117,137,144,177,178,179,181,183,192,206,225,248,390,412,460,640,715,765,778,1050,1051,1117,1118,1146,1275,1277,1288,1292,1293,1311,1322,1390,1513,1560,1587,1853,1858,2091,2174,2220,2338,2407,2645,2649,2678,3014,3015,3061,3162,3609,4217,4450,5472,5530,5647,5648,5825,5868,5869,6428,6706,7369,7871,8285,8988,
206;0;631;635;0;8,17,24,25,27,34,37,38,39,40,46,52,54,60,117,137,144,177,178,179,181,183,206,225,248,390,412,460,640,715,765,778,1050,1051,1117,1118,1146,1275,1277,1288,1292,1293,1322,1390,1513,1560,1587,2091,2174,2220,2338,2407,2645,2649,2678,3162,3470,3473,3474,3609,4217,4450,5530,5647,5648,5825,5868,5869,6706,7369,7871,8265,8285,8340,8764,8765,8770,9014,9015,9016,
224;0;635;658;0;8,17,24,25,27,34,37,38,39,40,46,52,54,60,117,137,144,177,178,179,181,183,206,225,248,390,412,460,486,640,715,765,778,1050,1051,1117,1118,1146,1180,1275,1277,1288,1292,1293,1322,1390,1513,1560,1587,2091,2174,2220,2338,2407,2645,2649,2678,3162,3470,3473,3474,3609,3837,4003,4217,4450,5530,5647,5648,5825,5868,5869,6706,7369,7871,8265,8285,8340,8764,8765,
16;0;658;695;1;8,24,27,38,60,102,117,137,144,177,178,179,181,183,206,225,248,390,412,640,715,765,771,1050,1051,1117,1118,1146,1204,1275,1277,1288,1292,1293,1322,1390,1513,1529,1587,2174,2220,2407,2460,2602,2605,2628,2645,2649,2650,2678,2679,2681,2984,3162,3473,3609,4217,4412,4449,4450,4945,5530,5647,5648,5859,5868,5869,6022,7301,7369,7653,7826,7871,8265,8285,8583,8682,8683,8684,8685,
16;1;695;853;1;8,24,27,38,60,102,117,137,144,177,178,179,181,183,206,225,248,390,412,640,715,765,771,1050,1051,1117,1118,1146,1204,1275,1277,1288,1292,1293,1322,1390,1513,1529,1587,2174,2220,2407,2460,2602,2605,2628,2645,2649,2650,2678,2679,2681,2984,3162,3473,3609,4217,4412,4449,4450,4945,5530,5647,5648,5859,5868,5869,6022,7301,7369,7653,7826,7871,8265,8285,8583,8682,8683,8684,8685,
191;1;853;1014;0;8,24,27,38,60,102,117,137,144,177,178,179,181,183,206,225,248,390,393,412,640,715,765,771,838,1050,1051,1117,1118,1146,1204,1275,1277,1288,1292,1293,1322,1390,1451,1513,1529,1587,2174,2220,2407,2460,2602,2605,2628,2645,2649,2650,2678,2679,2681,2984,3162,3473,3609,4217,4412,4449,4450,4597,5647,5648,5868,5869,6022,7301,7369,7653,7826,7834,7838,8265,8285,8391,8583,8849,
145;1;1440;1495;0;8,24,27,38,60,102,117,137,144,177,178,179,181,183,206,225,248,390,393,412,640,715,765,771,838,1050,1051,1117,1118,1146,1204,1275,1277,1288,1292,1293,1322,1390,1451,1513,1529,1587,2174,2220,2407,2460,2602,2605,2628,2645,2649,2650,2678,2679,2681,2984,3162,3473,3609,4010,4217,4412,4450,4597,5647,5648,5868,5869,6022,7301,7369,7653,7826,7834,7838,8265,8285,8391,8583,8849,
22;0;1495;1596;1;8,24,27,38,60,102,117,137,144,177,178,179,181,183,206,225,248,390,393,412,640,715,765,771,838,1050,1051,1117,1118,1146,1204,1275,1277,1288,1292,1293,1322,1390,1451,1513,1529,1587,2174,2220,2407,2460,2602,2605,2628,2645,2649,2650,2678,2679,2984,3162,3473,3609,4010,4217,4412,4450,4597,5647,5648,5868,5869,6022,7301,7369,7653,7826,7834,7838,8265,8285,8286,8391,8583,8849,
57;0;1596;1629;1;8,24,27,38,60,117,137,144,177,178,179,181,183,206,225,248,390,393,412,640,715,765,838,1050,1051,1117,1118,1146,1275,1277,1282,1288,1292,1293,1322,1332,1333,1390,1451,1513,1529,1587,2101,2174,2190,2220,2407,2602,2628,2645,2649,2678,2679,2984,3162,3473,3609,4010,4217,4412,4450,4597,5647,5648,5868,5869,6022,7153,7301,7369,7653,7826,7834,7838,8265,8285,8286,8391,8583,8849,
199;1;1629;1682;0;8,24,27,38,60,117,137,144,177,178,179,181,183,206,225,248,390,393,412,640,715,765,838,1050,1051,1117,1118,1146,1275,1277,1282,1288,1292,1293,1322,1332,1333,1390,1451,1513,1529,1587,2101,2174,2190,2220,2407,2602,2628,2645,2649,2678,2679,2984,3162,3473,3609,4010,4217,4412,4450,4597,5647,5648,5868,5869,6022,7153,7301,7369,7653,7826,7834,7838,8265,8285,8286,8391,8583,8849,
227;0;1682;1712;0;8,24,27,38,60,117,137,144,177,178,179,181,183,206,225,248,390,393,412,640,715,765,838,1050,1051,1117,1118,1146,1275,1277,1282,1288,1292,1293,1322,1332,1333,1390,1451,1513,1529,1587,2101,2174,2190,2220,2407,2602,2628,2645,2649,2678,2679,2984,3162,3473,3609,4010,4217,4412,4450,4597,5868,5869,6022,7153,7301,7369,7653,7826,7834,7838,8265,8285,8286,8391,8583,8849,9155,9156,
64;0;1712;1813;1;8,24,27,38,60,117,137,144,177,178,179,181,182,183,184,206,225,248,390,393,412,640,715,765,838,1050,1051,1117,1118,1146,1275,1277,1282,1288,1292,1293,1322,1332,1333,1390,1451,1513,1529,1587,2101,2174,2190,2220,2407,2602,2628,2645,2649,2678,2679,2984,3473,3609,4010,4217,4412,4450,4597,5432,5868,5869,6022,7153,7301,7369,7653,7826,7834,7838,8265,8285,8286,8391,8583,8849,
165;0;1813;1937;0;8,24,27,38,60,117,137,144,177,178,179,181,184,206,225,248,390,393,412,640,715,765,838,1050,1051,1117,1118,1134,1146,1236,1275,1277,1282,1288,1292,1293,1322,1332,1333,1390,1451,1478,1513,1529,1587,2101,2174,2190,2220,2407,2602,2628,2645,2649,2678,2679,2984,3473,3609,4217,4412,4450,4597,5432,5868,5869,6022,7153,7369,7655,7656,7826,7834,7838,8265,8285,8286,8391,8583,8849,
34;1;1937;2017;1;2,8,24,27,38,60,117,137,144,177,206,225,248,265,300,390,393,412,640,715,765,838,1050,1051,1052,1117,1118,1134,1146,1150,1232,1236,1275,1277,1282,1288,1292,1293,1322,1332,1333,1390,1451,1478,1513,1529,1587,2101,2174,2190,2220,2355,2628,2645,2649,2678,2679,2984,3473,3609,4217,4412,4450,4597,5432,5868,5869,6022,7153,7369,7655,7656,7826,7834,7838,8265,8285,8286,8391,8849,
76;0;2017;2042;1;2,8,24,27,38,60,137,139,144,206,225,242,245,248,262,265,300,390,393,395,412,640,715,765,838,895,1050,1051,1052,1117,1118,1134,1146,1150,1230,1232,1236,1275,1277,1282,1288,1292,1293,1322,1332,1333,1390,1451,1478,1513,1522,1529,1587,1726,1816,2101,2174,2190,2220,2355,2465,2628,2645,2678,2679,2892,3473,3609,4217,4412,4450,5432,6022,6045,7153,7369,7655,7656,8265,8285,
129;0;2042;2107;1;2,8,24,27,38,60,137,139,144,206,225,242,245,248,262,265,300,390,393,395,412,428,640,715,765,838,895,1050,1051,1052,1117,1118,1134,1146,1150,1230,1232,1236,1275,1277,1282,1288,1292,1293,1322,1332,1333,1390,1451,1478,1513,1522,1529,1587,1726,1816,2101,2174,2190,2220,2355,2465,2628,2645,2678,2679,2892,3473,3609,4217,4412,4450,5432,6045,7153,7369,7655,7656,8265,8285,
29;0;2107;2156;1;2,8,24,27,38,60,137,139,144,206,225,242,245,248,262,265,300,390,391,393,395,412,428,640,765,838,891,895,1050,1051,1052,1117,1118,1134,1146,1147,1150,1230,1232,1236,1275,1277,1282,1288,1292,1293,1322,1332,1333,1469,1478,1513,1522,1529,1587,1726,1816,2101,2174,2190,2220,2355,2465,2628,2645,2678,2892,3473,3609,4217,4412,4450,5432,6045,7153,7369,7655,7656,8265,8285,
34;0;2156;2275;1;2,8,24,27,38,60,137,139,144,206,225,242,245,248,262,265,300,390,391,393,395,412,428,640,765,838,891,895,1050,1051,1052,1117,1118,1134,1146,1147,1150,1230,1232,1236,1275,1277,1282,1288,1292,1293,1322,1332,1333,1469,1478,1513,1522,1529,1587,1726,1816,2101,2174,2190,2220,2355,2465,2628,2645,2678,2892,3473,3609,4217,4412,4450,5432,6045,7153,7369,7655,7656,8265,8285,
21;1;2275;2405;1;2,8,24,27,38,60,137,139,144,206,225,242,245,248,262,265,300,390,391,393,395,412,428,640,765,838,891,895,1050,1051,1052,1117,1118,1134,1146,1147,1150,1230,1232,1236,1275,1277,1282,1288,1292,1293,1322,1332,1333,1469,1478,1513,1522,1529,1587,1726,1816,2101,2174,2190,2220,2355,2465,2628,2645,2678,2892,3473,3609,4217,4412,4450,5432,6045,7153,7369,7655,7656,8265,8285,
57;1;2405;2584;1;2,8,24,27,38,60,137,139,144,206,225,242,245,248,262,265,300,390,391,393,395,412,428,640,765,838,891,895,1050,1051,1052,1117,1118,1134,1146,1147,1150,1230,1232,1236,1275,1277,1282,1288,1292,1293,1322,1332,1333,1469,1478,1513,1522,1529,1587,1726,1816,2101,2174,2190,2220,2355,2465,2628,2645,2678,2892,3473,3609,4217,4412,4450,5432,6045,7153,7369,7655,7656,8265,8285,
76;1;2584;2690;1;2,8,24,27,38,60,137,139,144,206,225,242,245,248,262,265,300,390,391,393,395,412,428,640,765,838,891,895,1050,1051,1052,1117,1118,1134,1146,1147,1150,1230,1232,1236,1275,1277,1282,1288,1292,1293,1322,1332,1333,1469,1478,1513,1522,1529,1587,1726,1816,2101,2174,2190,2220,2355,2465,2628,2645,2678,2892,3473,3609,4217,4412,4450,5432,6045,7153,7369,7655,7656,8265,8285,
170;0;2690;2795;0;2,8,24,27,38,60,137,139,144,206,225,242,245,248,255,262,300,359,390,391,393,395,412,428,578,640,765,838,891,895,1050,1051,1052,1117,1118,1134,1146,1147,1150,1232,1236,1275,1277,1288,1292,1293,1322,1469,1478,1513,1529,1549,1587,1726,1816,2018,2174,2190,2198,2199,2220,2355,2465,2628,2645,2678,2847,2848,3473,3609,3978,3979,4217,4412,4450,5432,7655,7656,8265,8285,
169;0;2880;3014;0;2,8,24,27,38,60,137,139,144,206,210,225,245,248,255,262,300,390,391,393,395,412,428,491,578,640,760,765,838,891,895,995,1050,1051,1052,1089,1117,1118,1134,1146,1150,1232,1236,1275,1277,1288,1292,1293,1322,1478,1513,1529,1558,1587,1726,1816,2018,2074,2174,2190,2200,2220,2355,2465,2537,2628,2645,2678,3473,3609,3774,3865,4217,4412,5432,7655,7656,8265,8285,9194,
189;1;3014;3106;0;2,8,24,27,38,60,96,101,137,139,144,206,210,225,245,248,255,262,300,390,391,393,395,412,428,491,578,640,765,838,891,895,995,1050,1051,1052,1117,1118,1134,1146,1150,1232,1236,1275,1277,1288,1292,1293,1322,1478,1513,1529,1567,1587,1726,1816,2018,2074,2174,2190,2220,2355,2465,2537,2628,2645,2678,3473,3609,3774,4093,4217,4412,5230,5432,7655,7656,8265,8285,9194,
56;1;3106;3210;1;2,8,24,27,38,60,96,137,139,144,206,210,225,245,248,251,255,256,262,300,390,391,393,395,412,428,491,578,640,655,765,838,895,971,1050,1051,1052,1117,1118,1134,1146,1150,1232,1236,1275,1277,1288,1292,1293,1322,1478,1513,1529,1567,1580,1587,1816,2036,2074,2174,2190,2220,2355,2465,2555,2628,2645,2678,3396,3473,3609,4217,4412,5230,5432,7655,7656,8128,8265,8285,
213;0;3210;3287;0;2,8,24,27,38,60,137,139,144,206,210,225,245,248,251,255,262,300,390,391,393,395,398,404,412,428,491,578,640,645,648,655,765,838,895,1050,1051,1052,1117,1118,1134,1146,1150,1232,1236,1275,1277,1288,1292,1293,1322,1468,1473,1478,1513,1529,1580,1587,1816,1933,2074,2102,2108,2174,2190,2220,2355,2458,2465,2555,2645,3473,3609,4217,4412,5432,7655,7656,8265,8285,
255;1;3287;3315;0;2,8,15,24,27,38,60,137,139,144,150,187,188,206,210,225,245,248,251,255,262,300,390,391,393,395,398,404,412,428,491,509,567,578,640,765,838,895,1050,1051,1052,1117,1118,1134,1146,1150,1232,1236,1275,1277,1288,1292,1293,1322,1478,1513,1529,1580,1587,1816,2074,2174,2190,2220,2315,2355,2465,2555,2645,3313,3314,3473,3609,4217,4412,5432,7655,7656,8265,8285,
46;0;3315;3329;1;2,8,15,24,27,38,60,137,139,144,188,206,210,225,245,248,255,262,390,391,395,398,404,428,491,578,640,765,838,895,1051,1117,1118,1134,1146,1236,1275,1277,1288,1292,1293,1322,1478,1513,1529,1580,1587,1816,2174,2190,2220,2465,2555,2645,3473,3609,3663,3679,3686,3690,4217,4412,5082,5432,6003,6004,6005,6006,6007,6008,6009,6010,6011,6012,6013,6058,7655,7656,8265,8285,
208;0;3329;3378;0;2,8,15,24,27,38,60,137,139,144,188,206,210,225,245,248,255,262,390,391,395,398,404,428,491,578,640,651,736,765,838,895,1051,1117,1118,1134,1146,1236,1275,1277,1288,1292,1293,1322,1478,1513,1529,1580,1587,1723,1816,1996,2174,2190,2220,2465,2555,2645,3473,3609,3663,3679,3686,3690,4217,4412,5082,5432,6003,6004,6007,6008,6009,6010,6012,6013,7655,7656,8265,8285,
195;1;3378;3542;0;8,15,24,38,60,137,144,152,175,188,189,197,206,225,245,262,390,395,398,404,428,491,551,578,729,765,838,875,895,1051,1117,1118,1134,1146,1236,1275,1288,1291,1293,1341,1478,1513,1529,1580,1587,2148,2174,2220,2233,2258,2555,2645,2856,2873,3409,3473,3679,3686,3690,3802,3829,4060,4217,4412,4866,4868,4869,5082,5432,5779,6004,6008,6009,6010,6012,6013,7655,7656,8265,8285,
19;0;3542;3587;1;8,15,24,38,60,137,144,152,188,189,206,225,245,262,390,395,398,404,428,491,578,729,765,838,895,1051,1117,1118,1134,1146,1236,1275,1288,1293,1478,1513,1529,1580,1587,2174,2220,2555,2645,2873,3177,3206,3473,3674,3675,3677,3678,3679,3686,3690,4217,4412,5077,5082,5432,6004,6008,6009,6010,6012,6013,6458,6459,6460,6461,6462,6463,6464,6465,6466,6467,6468,7655,7656,8265,8285,
9;1;3587;3713;1;8,15,24,38,60,137,144,152,188,189,206,225,245,262,390,395,398,404,428,491,578,729,765,838,895,1051,1117,1118,1134,1146,1236,1269,1275,1288,1293,1295,1478,1513,1529,1580,1587,2174,2216,2217,2218,2219,2220,2221,2555,2645,2873,3177,3206,3473,3674,3675,3677,3678,3679,3686,3690,4217,4412,5432,6004,6008,6009,6010,6012,6013,6458,6459,6460,6461,6462,6463,7655,7656,8265,8285,
9;0;4320;4484;1;8,15,24,38,60,137,144,152,188,189,206,225,245,262,390,395,398,404,428,491,578,729,765,838,895,1051,1117,1118,1134,1146,1236,1269,1275,1288,1293,1295,1478,1513,1529,1580,1587,2174,2216,2217,2218,2219,2220,2221,2555,2645,2873,3177,3206,3473,3674,3675,3677,3678,3679,3686,3690,4217,4412,5432,6004,6008,6009,6010,6012,6013,6458,6459,6460,6461,6462,6463,7655,7656,8265,8285,
73;1;4484;4535;1;8,15,24,38,60,137,144,152,188,189,206,225,245,262,390,395,398,404,428,491,578,729,765,838,895,1051,1117,1118,1134,1146,1207,1236,1269,1275,1288,1293,1295,1478,1493,1513,1529,1580,1587,1728,1729,1973,2174,2216,2217,2220,2221,2405,2555,2645,2873,3000,3177,3206,3436,3437,3438,3439,3440,3441,3442,3443,3473,3686,4217,4412,5432,6458,6459,6460,6461,6463,7655,7656,8265,8285,
188;1;4535;4623;0;8,15,24,38,60,137,144,152,188,189,206,225,233,245,262,274,289,390,395,398,404,428,491,578,729,765,838,895,1051,1117,1118,1134,1146,1207,1236,1269,1275,1288,1293,1295,1478,1493,1513,1529,1580,1587,1728,1729,1973,2174,2216,2217,2220,2405,2555,2645,2774,2775,2873,2903,3000,3436,3437,3438,3439,3440,3441,3442,3473,3686,4217,4412,4604,4628,5432,6463,7655,7656,8265,8285,
100;0;4623;4760;1;8,15,24,38,60,137,144,152,188,189,206,225,245,262,289,390,395,398,404,428,491,578,729,765,838,895,1051,1117,1118,1134,1146,1207,1236,1269,1275,1288,1293,1295,1478,1493,1513,1529,1580,1587,1728,1729,1973,2174,2216,2217,2220,2405,2555,2645,2774,2775,2873,3000,3436,3437,3438,3439,3440,3441,3473,3686,4217,4412,4604,6463,7655,7656,8264,8265,8266,8267,8268,8269,8270,8285,
190;0;4760;4816;0;8,15,24,38,60,95,137,144,152,188,189,206,225,245,262,276,289,337,390,395,398,404,428,491,578,680,681,729,765,838,844,849,895,1051,1117,1118,1134,1146,1207,1236,1269,1275,1288,1293,1295,1478,1513,1529,1580,1587,1973,2174,2216,2217,2220,2405,2555,2645,2774,2775,2873,3529,3532,3686,3745,4217,4404,4405,4406,4407,4408,4409,4410,4411,4412,4604,6463,7655,7656,8285,
161;0;4816;4882;0;8,15,24,38,60,95,137,144,152,188,189,206,225,245,262,276,289,390,395,398,404,428,491,578,680,681,729,765,838,844,849,895,1051,1117,1118,1134,1146,1207,1236,1269,1275,1288,1293,1295,1478,1513,1529,1580,1587,1973,2174,2216,2217,2220,2405,2555,2645,2774,2775,2873,3686,3745,4217,4404,4405,4406,4407,4412,4604,6463,7655,7656,8134,8137,8143,8231,8271,8272,8285,8291,
165;1;4882;4950;0;8,15,24,38,60,95,137,144,152,188,189,206,225,245,262,276,289,390,395,398,404,428,491,578,680,681,729,765,838,844,849,895,1051,1117,1118,1134,1146,1207,1236,1269,1275,1288,1293,1295,1478,1513,1529,1580,1587,1973,2174,2216,2217,2220,2405,2555,2645,2774,2775,2873,3686,3745,4217,4404,4405,4406,4407,4412,4604,6463,7655,7656,8134,8137,8143,8231,8271,8272,8285,8291,
207;1;4950;5001;0;8,15,24,38,60,79,95,137,144,152,170,188,189,206,225,245,262,276,289,390,395,398,404,428,491,578,729,765,838,895,968,1031,1051,1117,1118,1134,1146,1207,1236,1269,1275,1288,1293,1295,1478,1513,1529,1580,1587,1973,2168,2174,2216,2217,2220,2405,2555,2645,2774,2775,2873,3331,3686,3745,3775,4217,4405,4412,4604,5804,5805,6463,8134,8137,8143,8231,8271,8272,8285,8291,
74;1;5001;5034;1;8,15,24,38,60,79,95,137,144,152,170,188,189,206,208,225,245,262,289,390,395,398,404,428,491,502,569,578,729,765,838,895,1031,1051,1117,1118,1134,1146,1207,1236,1269,1275,1288,1293,1295,1478,1513,1529,1580,1587,1895,1973,1989,2174,2216,2217,2220,2405,2555,2645,2774,2775,2873,3686,3745,3870,4192,4217,4412,4604,6463,6766,8134,8137,8143,8231,8271,8272,8285,8291,
203;0;5034;5174;0;8,9,15,24,38,79,95,137,143,144,145,146,152,170,188,189,206,225,245,259,262,289,377,382,390,395,398,404,428,429,491,578,647,775,838,893,895,1051,1054,1095,1117,1118,1124,1134,1146,1171,1236,1275,1361,1397,1478,1488,1580,1587,1683,1799,1809,1973,2224,2455,2555,2775,2821,2988,3037,3130,3267,3743,4533,4637,4748,4890,6513,6809,6813,6814,6815,6821,6822,6823,
97;0;5760;5794;1;8,9,15,24,38,79,95,137,143,144,145,146,152,170,188,189,206,225,226,230,245,259,262,289,377,382,390,395,396,398,404,428,429,491,578,647,775,838,893,895,1051,1054,1095,1117,1118,1124,1134,1146,1171,1236,1275,1361,1397,1474,1478,1481,1488,1580,1587,1683,1799,1809,1814,1973,2224,2455,2555,2597,2775,2821,2988,3037,3130,3267,3743,4533,4637,4748,5206,6513,
39;0;5794;5909;1;8,9,15,24,38,79,95,137,143,144,145,146,152,170,188,189,206,225,226,230,245,259,262,289,377,382,390,395,396,398,404,428,429,491,578,647,775,838,893,895,1051,1054,1095,1117,1118,1124,1134,1146,1171,1236,1275,1361,1397,1474,1478,1481,1488,1580,1587,1683,1799,1809,1814,1973,2224,2455,2555,2597,2775,2776,2821,2988,3037,3267,3743,4533,4748,4771,6513,6747,
162;0;5909;5971;0;15,24,28,32,38,55,61,68,79,95,137,143,144,145,146,152,170,188,189,196,206,225,226,245,262,289,364,377,382,390,395,396,398,404,428,429,491,503,578,647,724,757,979,1051,1054,1117,1118,1134,1146,1236,1275,1286,1361,1419,1474,1478,1481,1580,1587,1657,1809,1814,1898,1934,1935,1936,1937,1938,1939,1940,1973,2224,2555,2775,2776,2988,3037,4771,6513,6747,
112;0;5971;5975;1;3,15,24,28,38,55,61,68,79,95,137,143,144,145,146,152,170,188,189,206,225,226,245,262,288,289,364,377,382,390,395,396,398,404,428,429,491,503,578,647,757,979,1048,1051,1054,1117,1118,1134,1145,1146,1236,1275,1286,1358,1361,1419,1474,1478,1481,1580,1587,1604,1725,1805,1809,1814,1898,1945,1970,1971,1973,2224,2555,2775,2776,2988,3037,4771,6513,6747,
159;1;5975;6121;0;3,15,24,55,61,79,95,137,143,144,145,146,152,188,189,206,225,226,245,262,288,289,377,382,390,395,396,398,404,428,429,491,503,578,647,757,979,1048,1051,1054,1117,1118,1134,1145,1146,1236,1275,1358,1361,1474,1478,1481,1580,1587,1604,1679,1725,1805,1809,1814,1945,1970,1971,1973,2224,2495,2555,2775,2776,2814,2988,3037,4545,4771,4972,5767,5768,5769,5770,6747,
193;0;6121;6150;0;3,15,24,55,61,79,137,143,144,145,146,152,188,189,206,225,226,231,245,262,267,288,289,377,390,395,396,398,404,428,429,491,503,578,647,757,979,1048,1051,1054,1117,1118,1134,1145,1146,1236,1275,1358,1361,1474,1478,1481,1580,1587,1604,1679,1725,1805,1814,1945,1970,1971,1973,2224,2495,2555,2775,2776,2814,2988,3037,4545,4771,4972,5767,5768,5769,5770,6106,6747,
186;0;6150;6172;0;3,15,24,55,79,137,143,144,145,152,186,188,189,206,225,226,231,262,288,289,377,390,396,398,404,428,429,491,503,578,647,662,979,1048,1051,1054,1088,1117,1118,1134,1145,1146,1236,1275,1358,1361,1474,1478,1481,1550,1580,1587,1604,1679,1725,1805,1814,1945,1970,1971,1973,2157,2224,2495,2555,2775,2776,2814,2988,3022,3127,3627,4545,4771,4972,5767,5768,5769,5770,6747,
55;0;6172;6227;1;3,15,24,55,79,137,143,144,145,152,186,188,189,206,225,226,231,262,288,289,377,390,396,398,404,428,429,491,578,647,662,979,1048,1051,1054,1088,1117,1118,1134,1145,1146,1236,1275,1358,1361,1474,1478,1481,1550,1580,1587,1604,1679,1725,1805,1814,1945,1970,1971,1973,2157,2224,2495,2555,2775,2776,2814,2988,3627,4135,4545,4771,4913,4972,5767,5768,5769,5770,6747,8695,
120;0;6227;6278;1;3,15,24,55,79,137,143,144,145,152,186,188,189,206,225,226,231,262,288,289,377,390,396,398,404,428,429,491,578,647,662,979,1048,1051,1054,1088,1117,1118,1134,1145,1146,1236,1275,1358,1361,1474,1478,1481,1550,1580,1587,1604,1679,1725,1805,1814,1945,1970,1971,1973,2157,2224,2495,2555,2775,2776,2814,2988,3627,4135,4545,4771,4913,4972,5767,5768,5769,5770,6747,8695,
112;1;6278;6419;1;3,15,24,55,79,137,143,144,145,152,186,188,189,206,225,226,231,262,288,289,377,390,396,398,404,428,429,491,578,647,662,979,1048,1051,1054,1088,1117,1118,1134,1145,1146,1236,1275,1358,1361,1474,1478,1481,1550,1580,1587,1604,1679,1725,1805,1814,1945,1970,1971,1973,2157,2224,2495,2555,2775,2776,2814,2988,3627,4135,4545,4771,4913,4972,5767,5768,5769,5770,6747,8695,
28;1;6419;6453;1;3,15,24,55,62,137,143,144,145,152,186,188,189,206,225,226,231,262,288,289,377,390,396,398,404,428,429,490,647,872,979,1048,1051,1054,1117,1118,1134,1145,1146,1196,1236,1275,1358,1361,1474,1478,1481,1587,1604,1605,1679,1814,1945,1970,1971,1973,2224,2495,2775,2776,2814,2936,2988,3005,3070,3348,3361,3877,4545,4771,4913,4972,5493,5494,5495,5767,5768,5769,5770,6747,
39;1;6453;6457;1;3,15,24,55,62,137,143,144,145,152,186,188,189,206,225,226,231,262,288,289,377,390,396,398,404,428,429,490,647,872,979,1048,1051,1054,1117,1118,1134,1145,1146,1196,1236,1275,1358,1361,1474,1478,1481,1587,1604,1605,1679,1814,1945,1970,1971,1973,2224,2495,2775,2776,2814,2936,2988,3005,3070,3348,3361,3877,4545,4771,4913,4972,5493,5494,5495,5767,5768,5769,5770,6747,
35;0;6457;6568;1;3,15,24,55,62,137,143,144,145,152,186,188,189,206,225,226,231,262,288,289,377,390,396,398,404,428,429,490,647,872,979,1048,1051,1054,1117,1118,1134,1145,1146,1196,1236,1275,1358,1361,1474,1478,1481,1587,1604,1605,1679,1814,1945,1970,1971,1973,2224,2495,2775,2776,2814,2936,2988,3005,3070,3348,3361,3877,4545,4771,4913,4972,5493,5494,5495,5767,5768,5769,5770,6747,
25;0;6568;6612;1;3,15,24,55,62,137,143,144,145,152,186,188,189,206,225,226,231,262,288,289,377,390,396,398,404,428,429,490,647,872,979,1048,1051,1054,1117,1118,1134,1145,1146,1196,1236,1275,1358,1361,1474,1478,1481,1587,1604,1605,1679,1814,1945,1970,1971,1973,2224,2495,2775,2776,2814,2936,2988,3005,3070,3348,3361,3877,4545,4771,4913,4972,5493,5494,5495,5767,5768,5769,5770,6747,
129;1;6612;6648;1;3,15,24,55,62,137,143,144,145,152,186,188,189,206,225,226,231,262,288,289,377,390,396,398,404,428,429,490,647,872,979,1048,1051,1054,1117,1118,1134,1145,1146,1196,1236,1275,1358,1361,1474,1478,1481,1587,1604,1605,1679,1814,1945,1970,1971,1973,2224,2495,2775,2776,2814,2936,2988,3005,3070,3348,3361,3877,4545,4771,4913,4972,5493,5494,5495,5767,5768,5769,5770,6747,
61;1;6648;6662;1;3,15,24,55,62,137,143,144,145,152,185,186,188,189,202,205,206,225,226,231,262,288,289,377,390,396,398,404,429,490,647,660,791,868,872,964,979,1011,1051,1117,1118,1134,1146,1196,1236,1275,1361,1463,1474,1478,1481,1587,1604,1605,1679,1970,1973,2224,2495,2775,2814,2936,2966,2988,3005,3070,3264,3348,3361,3877,4545,4913,4972,5493,5494,5495,5767,5768,5769,5770,
26;1;7200;7259;1;3,15,24,55,62,137,143,144,145,152,185,186,188,189,202,206,225,226,231,234,262,288,289,329,377,390,396,398,399,404,429,490,647,872,979,1051,1117,1118,1134,1146,1196,1236,1275,1361,1472,1474,1476,1478,1481,1587,1604,1605,1679,1970,1973,2117,2224,2495,2775,2814,2936,2988,3005,3070,3348,3361,3877,4545,4585,4913,4972,5493,5494,5495,5767,5768,5769,5770,6411,6412,
14;0;7259;7357;1;3,15,24,55,62,137,143,144,145,149,152,185,186,188,189,202,206,225,226,231,234,262,288,289,329,377,390,396,398,399,404,429,490,647,855,872,979,1051,1117,1118,1134,1146,1196,1236,1275,1360,1361,1474,1476,1478,1481,1587,1604,1605,1670,1679,1970,1973,2224,2495,2775,2814,2936,2988,3005,3070,3348,3361,3877,4545,4913,4972,5139,5493,5494,5495,5767,5768,5769,5770,
28;0;7357;7375;1;3,15,24,55,62,137,143,144,145,149,152,185,186,188,189,202,206,225,226,231,234,262,288,289,329,377,390,396,398,399,404,429,490,647,855,872,979,1051,1117,1118,1134,1146,1196,1236,1275,1360,1361,1474,1476,1478,1481,1587,1604,1605,1670,1679,1970,1973,2224,2495,2775,2814,2936,2988,3005,3070,3348,3361,3877,4545,4913,4972,5139,5493,5494,5495,5767,5768,5769,5770,
62;1;7375;7458;1;3,15,24,55,100,137,143,144,145,149,206,225,231,262,288,289,377,396,398,404,429,430,644,647,715,768,855,979,1051,1117,1118,1134,1146,1236,1275,1360,1361,1474,1476,1478,1481,1587,1604,1670,1679,1768,1973,2224,2495,2636,2640,2654,2680,2699,2714,2733,2750,2756,2775,2814,2988,3070,4545,4913,4972,5139,5195,5767,5768,5769,5770,7296,7299,7308,8432,8801,8825,8826,8827,8828,
101;1;7458;7530;1;3,15,24,55,100,137,143,144,145,149,206,225,231,262,288,289,321,377,396,397,398,404,429,430,644,647,715,768,855,949,979,1051,1117,1118,1134,1146,1236,1275,1360,1361,1417,1474,1476,1478,1481,1521,1587,1604,1670,1679,1768,1973,2224,2495,2636,2640,2654,2699,2714,2733,2750,2756,2775,2814,2988,3070,4545,4913,4972,5139,5767,5768,5769,5770,7296,7299,7308,8432,8801,8825,
31;0;7530;7602;1;3,15,24,55,100,137,139,143,144,145,148,149,206,225,231,262,275,288,289,321,377,391,396,397,398,404,429,644,647,715,854,855,911,948,949,979,1051,1093,1117,1118,1134,1146,1236,1275,1360,1361,1417,1424,1474,1476,1478,1481,1502,1521,1587,1604,1670,1679,1751,1759,1808,1816,1973,2223,2224,2495,2775,2814,2961,2988,3034,3070,4545,4913,4972,5139,5767,5768,5769,5770,
152;1;7602;7623;0;3,15,24,55,137,139,143,144,145,148,149,206,225,231,262,275,288,289,321,377,391,396,397,398,404,429,644,647,715,854,855,911,948,949,979,1051,1093,1117,1118,1134,1146,1236,1275,1360,1361,1417,1424,1474,1476,1478,1481,1502,1521,1587,1604,1670,1679,1751,1759,1808,1816,1973,2223,2224,2495,2775,2814,2961,2988,3034,3070,4545,4913,4972,5139,5767,5768,5769,5770,7036,
114;1;7623;7700;1;3,15,24,55,137,139,143,144,145,148,149,206,225,231,262,275,288,289,321,377,391,396,397,398,404,429,644,647,715,854,855,911,948,949,979,1051,1093,1117,1118,1134,1146,1236,1275,1360,1361,1417,1424,1474,1476,1478,1481,1502,1521,1587,1604,1670,1679,1751,1759,1808,1816,1973,2223,2224,2495,2775,2814,2961,2988,3034,3070,4545,4913,4972,5139,5767,5768,5769,5770,7036,
31;1;7700;7730;1;3,15,24,55,137,139,143,144,145,148,149,206,225,231,262,275,288,289,321,377,391,396,397,398,404,429,644,647,715,854,855,911,948,949,979,1051,1093,1117,1118,1134,1146,1236,1275,1360,1361,1417,1424,1474,1476,1478,1481,1502,1521,1587,1604,1670,1679,1751,1759,1808,1816,1973,2223,2224,2495,2775,2814,2961,2988,3034,3070,4545,4913,4972,5139,5767,5768,5769,5770,7036,
158;0;7730;7760;0;15,24,41,45,48,55,137,139,143,144,145,148,149,206,225,231,262,288,289,321,391,396,397,398,404,429,644,647,715,854,855,948,949,979,989,1051,1093,1117,1118,1134,1146,1236,1275,1360,1361,1417,1474,1476,1478,1481,1502,1521,1587,1604,1670,1679,1808,1973,2223,2224,2495,2581,2775,2814,2988,3034,3070,3345,4313,4315,4317,4545,4913,4972,5139,5767,5768,5769,5770,7036,
49;0;7760;7780;1;15,24,26,55,137,139,144,145,148,149,206,225,231,248,262,288,321,396,397,398,404,429,528,644,647,754,854,855,948,949,979,1051,1093,1117,1118,1146,1236,1275,1277,1288,1292,1293,1294,1360,1361,1417,1474,1476,1478,1481,1521,1587,1604,1670,1679,1777,1973,2408,2409,2419,2495,2775,2814,3070,3345,4313,4315,4317,4545,4913,4972,5139,5767,5768,5769,5770,6957,7035,7060,7061,
0;0;7780;7911;1;15,24,26,54,55,60,137,139,144,145,148,149,206,225,231,248,262,288,321,396,397,398,404,429,528,644,647,854,855,871,948,949,979,1051,1093,1117,1118,1146,1236,1275,1277,1288,1292,1293,1360,1361,1417,1474,1476,1478,1481,1521,1587,1604,1670,1679,1973,2062,2063,2495,2775,2814,3070,3345,3346,4313,4314,4315,4316,4317,4318,4545,4913,4972,5139,5767,5768,5769,5770,6957,
0;1;7911;8033;1;15,24,26,54,55,60,137,139,144,145,148,149,206,225,231,248,262,288,321,396,397,398,404,429,528,644,647,854,855,871,948,949,979,1051,1093,1117,1118,1146,1236,1275,1277,1288,1292,1293,1360,1361,1417,1474,1476,1478,1481,1521,1587,1604,1670,1679,1973,2062,2063,2495,2775,2814,3070,3345,3346,4313,4314,4315,4316,4317,4318,4545,4913,4972,5139,5767,5768,5769,5770,6957,
101;0;8033;8122;1;15,24,26,54,55,60,137,139,144,145,148,149,206,225,231,248,262,288,321,396,397,398,404,429,528,644,647,854,855,871,948,949,979,1051,1093,1117,1118,1146,1236,1275,1277,1288,1292,1293,1360,1361,1417,1474,1476,1478,1481,1521,1587,1604,1670,1679,1973,2062,2063,2495,2775,2814,3070,3345,3346,4313,4314,4315,4316,4317,4318,4545,4913,4972,5139,5767,5768,5769,5770,6957,
14;1;8122;8233;1;15,24,26,54,55,60,137,139,144,145,148,149,206,225,231,248,262,288,321,396,397,398,404,429,528,644,647,854,855,871,948,949,979,1051,1093,1117,1118,1146,1236,1275,1277,1288,1292,1293,1360,1361,1417,1474,1476,1478,1481,1521,1587,1604,1670,1679,1973,2062,2063,2495,2775,2814,3070,3345,3346,4313,4314,4315,4316,4317,4318,4545,4913,4972,5139,5767,5768,5769,5770,6957,
123;0;8233;8364;1;26,55,60,137,139,144,145,149,206,225,231,255,262,288,321,398,404,528,644,647,854,855,948,949,979,1093,1117,1118,1146,1269,1275,1277,1279,1280,1287,1288,1293,1295,1322,1361,1390,1474,1476,1478,1481,1587,1679,1893,1973,2261,2495,2577,2775,2795,2814,2842,2941,3070,3413,3831,3869,3986,4007,4021,4545,4972,5767,5768,5769,5770,6957,6958,6959,6960,6961,6962,6963,6964,6965,6966,
159;0;8640;8662;0;26,55,60,137,139,144,145,149,206,225,231,255,262,288,321,398,404,528,644,647,854,855,948,949,979,1093,1117,1118,1146,1269,1275,1277,1279,1280,1287,1288,1293,1295,1322,1361,1390,1474,1476,1478,1481,1587,1679,1893,1973,2261,2495,2577,2775,2795,2814,2842,2941,3070,3413,3831,3869,3986,4007,4021,4545,4972,5767,5768,5769,5770,6957,6958,6959,6960,6961,6962,6963,6964,6965,6966,
60;0;8662;8725;1;26,55,60,137,139,144,145,149,206,225,231,255,262,288,321,398,404,528,644,647,854,855,948,949,979,1093,1117,1118,1146,1269,1275,1277,1279,1280,1287,1288,1293,1295,1322,1361,1390,1474,1476,1478,1481,1587,1679,1893,1973,2261,2338,2495,2577,2775,2795,2814,2842,2941,3070,3413,3831,3869,4359,4545,4972,5767,6961,6966,8559,8644,9032,9033,9041,9134,9159,9160,9161,9162,9163,9164,
93;1;8725;8769;1;26,55,60,137,139,144,145,149,206,225,231,255,262,288,321,398,404,528,558,644,647,854,855,948,949,979,1093,1117,1118,1146,1269,1275,1277,1279,1280,1287,1288,1293,1295,1322,1361,1390,1474,1476,1478,1481,1587,1679,1893,1973,2261,2338,2495,2577,2775,2795,2814,2842,2941,3070,3315,3413,3831,3869,4359,4545,4972,5767,6961,6966,8559,8644,9032,9033,9041,9134,9159,9160,9161,9162,
45;1;8769;8777;1;26,55,60,137,139,144,145,149,206,225,231,255,262,288,321,398,404,528,558,565,644,647,854,855,948,949,979,1093,1117,1118,1146,1269,1275,1277,1279,1280,1287,1288,1293,1295,1322,1361,1390,1474,1476,1478,1481,1587,1679,1893,1973,2231,2261,2338,2495,2577,2775,2795,2814,2842,2941,3070,3315,3413,3831,3869,3870,4327,4359,4545,4972,5767,6961,6966,7026,8559,8644,9032,9033,9041,
103;0;8777;8891;1;26,55,60,137,139,144,145,149,206,225,231,255,262,288,321,398,404,528,558,565,644,647,854,855,948,949,979,1093,1117,1118,1146,1269,1275,1277,1279,1280,1287,1288,1293,1295,1322,1361,1390,1474,1476,1478,1481,1484,1587,1679,1893,1973,2231,2261,2338,2495,2577,2775,2795,2814,2842,2941,3070,3315,3413,3831,3869,3870,4327,4359,4545,4972,5767,6961,6966,7026,8559,8644,9032,9033,
8;1;8891;8925;1;26,55,60,137,139,144,145,149,206,225,231,255,262,288,321,398,404,528,558,565,644,647,854,855,948,949,979,1093,1117,1118,1146,1269,1275,1277,1279,1280,1287,1288,1293,1295,1322,1361,1390,1474,1476,1478,1481,1484,1587,1679,1893,1973,2231,2261,2338,2495,2577,2738,2775,2795,2814,2842,2941,3070,3315,3413,3831,3869,3870,4327,4359,4545,4972,5767,6517,6644,6961,6966,7026,8559,
11;1;8925;8929;1;26,55,60,137,139,144,145,149,206,225,231,249,255,262,288,321,398,404,512,528,565,644,647,854,855,948,949,979,1085,1093,1117,1118,1146,1269,1275,1277,1278,1279,1280,1287,1288,1293,1295,1322,1361,1390,1474,1476,1478,1481,1484,1587,1973,2338,2577,2738,2775,2795,2842,2941,2968,3070,3369,3831,3870,4327,4492,4545,4624,4710,4864,4972,5308,5767,6517,6644,6961,6966,7125,8510,
74;0;8929;8986;1;26,55,60,137,139,144,145,149,206,208,225,231,249,255,262,288,321,398,404,502,512,528,565,569,644,647,729,854,855,948,949,979,1085,1093,1117,1118,1146,1269,1275,1277,1278,1279,1280,1287,1288,1293,1295,1322,1361,1390,1474,1476,1478,1481,1484,1587,1895,1973,1989,2338,2577,2738,2775,2795,2842,2941,2968,3070,3831,3870,4192,4327,4545,4972,5767,6517,6644,6766,6961,6966,
121;0;8986;8997;1;2,26,55,60,137,139,144,145,149,208,225,231,249,255,262,277,288,314,321,398,400,404,528,565,640,644,647,854,855,933,948,949,979,1093,1117,1118,1146,1269,1275,1277,1278,1279,1280,1287,1288,1293,1295,1322,1361,1390,1474,1476,1478,1479,1481,1484,1587,1895,1973,2338,2425,2536,2577,2738,2775,2795,2842,2941,3831,3870,4327,4545,4972,5181,5182,5767,6517,6644,6961,6966,
172;0;8997;9102;0;2,26,55,60,137,139,144,145,146,149,208,225,231,249,255,262,277,288,314,398,400,404,528,565,640,644,647,854,855,948,949,979,1093,1117,1118,1146,1149,1269,1275,1277,1278,1279,1280,1287,1288,1293,1295,1322,1361,1390,1474,1476,1478,1479,1481,1484,1587,1895,1920,1973,2338,2738,2775,2795,2842,2941,3831,3870,4327,4473,4545,4964,4965,4966,4972,5182,6441,6517,6644,6966,
180;0;9102;9106;0;2,26,55,60,137,139,144,145,146,149,208,225,231,249,255,262,277,288,314,395,398,400,404,528,565,640,644,647,854,855,948,949,979,1093,1117,1118,1146,1149,1269,1275,1277,1278,1279,1280,1287,1288,1293,1295,1322,1361,1390,1474,1476,1478,1479,1481,1484,1895,1920,1973,2465,2738,2775,2795,2842,2941,3037,3831,4327,4473,4964,4965,4966,4972,6517,6644,6966,7408,7751,8041,
68;0;9106;9158;1;2,26,55,60,61,137,139,144,145,146,149,208,225,231,247,249,262,277,288,314,395,398,400,404,528,640,644,647,757,854,855,948,949,979,1118,1146,1149,1269,1275,1277,1279,1287,1288,1293,1295,1322,1390,1466,1474,1478,1481,1484,1895,1973,2073,2738,2775,2795,2868,2941,3072,3589,3590,3703,3831,3908,4119,4736,6092,6517,6644,7009,8354,8536,8537,8538,8539,8540,8541,8542,
126;1;9158;9210;1;2,26,55,60,61,137,139,144,146,149,208,225,231,247,249,262,288,314,395,400,404,528,640,644,647,757,854,855,912,921,948,949,979,1118,1146,1149,1269,1275,1279,1287,1288,1293,1295,1322,1466,1474,1478,1481,1484,1763,1848,2073,2738,2775,2795,2868,2941,3072,3435,3589,3590,3703,3831,3908,4119,4736,6092,6234,6307,6517,6644,7009,8354,8536,8537,8538,8539,8540,8541,8542,
211;0;9210;9228;0;2,26,55,60,61,137,139,144,146,149,208,225,231,247,249,262,288,314,395,400,528,640,644,647,757,854,855,912,948,949,979,1118,1146,1149,1269,1275,1279,1287,1288,1293,1295,1322,1401,1466,1474,1477,1478,1480,1481,1484,1763,2073,2116,2738,2775,2795,2868,2941,3072,3589,3590,3703,3831,3908,4119,4322,4323,4736,6092,6517,6644,7009,8354,8536,8537,8538,8539,8540,8541,8542,
36;0;9228;9232;1;2,26,61,95,137,139,149,225,247,249,262,288,291,292,314,395,528,640,644,647,690,757,765,854,855,912,948,949,1118,1146,1269,1275,1279,1287,1288,1293,1295,1322,1466,1478,1481,1484,1763,2073,2677,2679,2738,2774,2775,2778,2868,2941,3072,3263,3447,3589,3590,3703,3831,3908,4119,4736,4854,4855,5370,5499,5500,5502,6092,6517,6644,7009,8354,8536,8537,8538,8539,8540,8541,8542,
43;0;9232;9301;1;2,27,61,95,137,139,149,225,247,249,262,288,291,292,314,366,395,457,528,640,644,647,728,757,854,855,912,948,949,1118,1146,1269,1275,1279,1287,1293,1322,1466,1478,1481,1484,1763,2073,2174,2190,2220,2232,2677,2679,2738,2774,2775,2868,2941,3060,3072,3263,3421,3422,3589,3590,3609,3703,3831,3842,3908,4119,4736,6092,6517,6644,7009,8354,8536,8537,8538,8539,8540,8541,8542,
8;0;9301;9467;1;2,27,61,95,137,139,149,225,247,249,262,288,291,292,314,366,395,457,528,640,644,647,728,757,854,855,912,948,949,1118,1146,1269,1275,1279,1287,1293,1322,1466,1478,1481,1484,1763,2073,2174,2190,2220,2232,2677,2679,2738,2774,2775,2868,2941,3060,3072,3263,3421,3422,3589,3590,3609,3703,3831,3842,3908,4119,4736,6092,6517,6644,7009,8354,8536,8537,8538,8539,8540,8541,8542,
68;1;9467;9544;1;2,27,61,95,137,139,149,225,247,249,262,288,291,292,314,366,395,457,528,640,644,647,728,757,854,855,912,948,949,1118,1146,1269,1275,1279,1287,1293,1322,1466,1478,1481,1484,1763,2073,2174,2190,2220,2232,2677,2679,2738,2774,2775,2868,2941,3060,3072,3263,3421,3422,3589,3590,3609,3703,3831,3842,3908,4119,4736,6092,6517,6644,7009,8354,8536,8537,8538,8539,8540,8541,8542,
58;1;9544;9692;1;2,27,61,95,137,139,149,225,247,249,262,288,291,292,314,366,395,457,528,640,644,647,728,757,854,855,863,912,948,949,1118,1146,1269,1275,1279,1287,1293,1322,1466,1478,1481,1484,1763,2073,2174,2190,2220,2232,2677,2679,2738,2774,2775,2868,2941,3060,3072,3263,3421,3422,3589,3590,3609,3703,3831,3842,3908,4119,4736,6092,6517,6644,7009,8354,8536,8537,8538,8539,8540,8541,
END;191;1330;129;66;1130
TIME;1393679
LOWERBOUND;35723
