./input/MyInstancesDiferentToolSets/n=212,p=0.75,r=0.4,t=296,v0.csv;./input/Processed/ToolSetInt.csv
6;720;1440
Machine: 0
190;0;0;65;1;27,51,54,144,177,204,225,228,269,288,289,377,396,407,632,647,682,695,946,1011,1057,1089,1134,1186,1268,1279,1293,1363,1473,1476,1538,1676,1716,1822,1944,2003,2054,2224,2400,2512,2691,2767,2875,2941,3984,3985,3986,3987,3988,3989,4093,4412,4535,4545,4719,4792,4954,4955,4956,4957,4958,4959,4960,4961,4962,4963,5021,6297,7465,7608,7609,7610,7611,7612,7613,7614,7615,7616,7617,7618,
174;0;65;98;1;27,51,54,144,177,204,225,228,269,288,289,377,396,407,632,647,682,695,946,1011,1057,1089,1134,1186,1268,1279,1293,1363,1473,1476,1538,1676,1716,1822,1944,2003,2054,2224,2400,2512,2691,2767,2875,2941,3984,3985,3986,3987,3988,3989,4093,4412,4535,4545,4719,4792,4954,4955,4956,4957,4958,4959,4960,4961,4962,4963,5021,6297,7465,7608,7609,7610,7611,7612,7613,7614,7615,7616,7617,7618,
44;0;98;223;1;27,51,54,144,177,204,225,228,269,288,289,377,396,407,632,647,682,695,946,1011,1057,1089,1134,1186,1268,1279,1293,1363,1473,1476,1538,1676,1716,1822,1944,2003,2054,2224,2400,2512,2691,2767,2875,2941,3984,3985,3986,3987,3988,3989,4093,4412,4535,4545,4719,4792,4954,4955,4956,4957,4958,4959,4960,4961,4962,4963,5021,6297,7465,7608,7609,7610,7611,7612,7613,7614,7615,7616,7617,7618,
44;1;223;307;1;27,51,54,144,177,204,225,228,269,288,289,377,396,407,632,647,682,695,946,1011,1057,1089,1134,1186,1268,1279,1293,1363,1473,1476,1538,1676,1716,1822,1944,2003,2054,2224,2400,2512,2691,2767,2875,2941,3984,3985,3986,3987,3988,3989,4093,4412,4535,4545,4719,4792,4954,4955,4956,4957,4958,4959,4960,4961,4962,4963,5021,6297,7465,7608,7609,7610,7611,7612,7613,7614,7615,7616,7617,7618,
43;0;307;460;1;27,51,54,144,177,204,225,228,269,288,289,377,396,407,632,647,682,695,946,1011,1057,1089,1134,1186,1268,1279,1293,1363,1473,1476,1538,1676,1716,1822,1944,2003,2054,2224,2400,2512,2691,2767,2875,2941,3984,3985,3986,3987,3988,3989,4093,4412,4535,4545,4719,4792,4954,4955,4956,4957,4958,4959,4960,4961,4962,4963,5021,6297,7465,7608,7609,7610,7611,7612,7613,7614,7615,7616,7617,7618,
43;1;460;484;1;27,51,54,144,177,204,225,228,269,288,289,377,396,407,632,647,682,695,946,1011,1057,1089,1134,1186,1268,1279,1293,1363,1473,1476,1538,1676,1716,1822,1944,2003,2054,2224,2400,2512,2691,2767,2875,2941,3984,3985,3986,3987,3988,3989,4093,4412,4535,4545,4719,4792,4954,4955,4956,4957,4958,4959,4960,4961,4962,4963,5021,6297,7465,7608,7609,7610,7611,7612,7613,7614,7615,7616,7617,7618,
30;0;484;700;1;27,51,54,144,177,204,225,228,269,288,289,377,396,407,632,647,682,695,946,1011,1057,1089,1134,1186,1268,1279,1293,1363,1473,1476,1538,1676,1716,1822,1944,2003,2054,2224,2400,2512,2691,2767,2875,2941,3984,3985,3986,3987,3988,3989,4093,4412,4535,4545,4719,4792,4954,4955,4956,4957,4958,4959,4960,4961,4962,4963,5021,6297,7465,7608,7609,7610,7611,7612,7613,7614,7615,7616,7617,7618,
30;1;700;839;1;27,144,177,178,179,181,182,183,184,210,225,255,288,289,366,395,426,457,491,559,581,591,728,760,848,858,995,1073,1089,1169,1275,1473,1523,1558,1565,1572,1666,1676,2074,2174,2200,2220,2224,2232,2273,2416,2537,2547,2649,2677,2683,2693,2826,2941,3060,3204,3260,3421,3422,3609,3774,3820,3831,3842,3865,3948,4371,4372,4373,4374,4375,4376,5432,5487,5644,5876,5995,6869,8111,9194,
63;0;839;1032;1;27,144,177,178,179,181,182,183,184,210,225,255,288,289,366,395,426,457,491,559,581,591,728,760,848,858,995,1073,1089,1169,1275,1473,1523,1558,1565,1572,1666,1676,2074,2174,2200,2220,2224,2232,2273,2416,2537,2547,2649,2677,2683,2693,2826,2941,3060,3204,3260,3421,3422,3609,3774,3820,3831,3842,3865,3948,4371,4372,4373,4374,4375,4376,5432,5487,5644,5876,5995,6869,8111,9194,
63;1;1032;1130;1;27,144,177,178,179,181,182,183,184,210,225,255,288,289,366,395,426,457,491,559,581,591,728,760,848,858,995,1073,1089,1169,1275,1473,1523,1558,1565,1572,1666,1676,2074,2174,2200,2220,2224,2232,2273,2416,2537,2547,2649,2677,2683,2693,2826,2941,3060,3204,3260,3421,3422,3609,3774,3820,3831,3842,3865,3948,4371,4372,4373,4374,4375,4376,5432,5487,5644,5876,5995,6869,8111,9194,
192;0;1130;1228;1;27,144,177,178,179,181,182,183,184,210,225,255,288,289,366,395,426,457,491,559,581,591,728,760,848,858,995,1073,1089,1169,1275,1473,1523,1558,1565,1572,1666,1676,2074,2174,2200,2220,2224,2232,2273,2416,2537,2547,2649,2677,2683,2693,2826,2941,3060,3204,3260,3421,3422,3609,3774,3820,3831,3842,3865,3948,4371,4372,4373,4374,4375,4376,5432,5487,5644,5876,5995,6869,8111,9194,
40;0;1228;1312;1;27,144,177,178,179,181,182,183,184,210,225,255,288,289,366,395,426,457,491,559,581,591,728,760,848,858,995,1073,1089,1169,1275,1473,1523,1558,1565,1572,1666,1676,2074,2174,2200,2220,2224,2232,2273,2416,2537,2547,2649,2677,2683,2693,2826,2941,3060,3204,3260,3421,3422,3609,3774,3820,3831,3842,3865,3948,4371,4372,4373,4374,4375,4376,5432,5487,5644,5876,5995,6869,8111,9194,
40;1;1312;1367;1;27,144,177,178,179,181,182,183,184,210,225,255,288,289,366,395,426,457,491,559,581,591,728,760,848,858,995,1073,1089,1169,1275,1473,1523,1558,1565,1572,1666,1676,2074,2174,2200,2220,2224,2232,2273,2416,2537,2547,2649,2677,2683,2693,2826,2941,3060,3204,3260,3421,3422,3609,3774,3820,3831,3842,3865,3948,4371,4372,4373,4374,4375,4376,5432,5487,5644,5876,5995,6869,8111,9194,
19;0;1367;1529;1;27,144,177,178,179,181,182,183,184,210,225,255,288,289,366,395,426,457,491,559,581,591,728,760,848,858,995,1073,1089,1169,1275,1473,1523,1558,1565,1572,1666,1676,2074,2174,2200,2220,2224,2232,2273,2416,2537,2547,2649,2677,2683,2693,2826,2941,3060,3204,3260,3421,3422,3609,3774,3820,3831,3842,3865,3948,4371,4372,4373,4374,4375,4376,5432,5487,5644,5876,5995,6869,8111,9194,
19;1;1529;1677;1;25,27,34,46,52,60,79,126,127,128,144,177,178,179,181,182,183,184,198,210,225,255,288,289,359,366,395,413,426,457,491,551,559,581,591,728,759,760,848,858,962,995,1073,1089,1169,1275,1473,1523,1558,1565,1572,1587,1666,1676,1853,1858,2034,2035,2074,2174,2220,2224,2315,2537,2649,2826,2842,2941,3204,3304,3421,3609,3842,3999,4122,5290,5314,5477,5478,5876,
159;0;1677;1711;1;25,27,34,46,52,60,79,126,127,128,144,146,177,178,179,181,182,183,184,198,210,225,255,288,289,359,366,395,398,413,426,436,457,491,551,559,581,591,728,759,760,848,858,962,995,1117,1149,1169,1473,1479,1481,1572,1666,1676,1920,2174,2220,2224,2315,2537,2649,2826,2941,3204,3421,3609,3842,4122,4405,4473,4675,4964,4965,4966,4967,4971,4972,4973,4974,5876,
68;0;1711;1939;1;25,27,34,46,52,60,79,100,126,127,128,144,146,177,178,179,181,182,183,184,198,210,225,234,244,255,277,288,289,359,366,395,398,400,413,426,436,457,491,551,559,581,591,728,759,848,1117,1121,1169,1359,1361,1473,1474,1478,1479,1481,1572,1666,1675,1676,1680,1913,1973,2174,2220,2224,2315,2537,2649,2826,2941,2994,3204,3421,3609,3842,4122,4675,4804,5876,
68;1;1939;2017;1;2,25,27,34,46,52,60,79,100,126,127,128,139,144,146,177,178,179,181,183,184,225,234,244,277,288,289,395,397,398,400,426,591,848,948,952,1093,1116,1117,1121,1169,1207,1359,1473,1474,1478,1479,1481,1572,1666,1668,1676,1680,1752,1973,2174,2220,2224,2315,2537,2649,2826,2904,2941,3204,3421,3609,3630,3631,3632,3633,3634,3635,3636,3637,3638,3842,4122,4675,5876,
73;0;2017;2234;1;139,144,145,177,181,225,231,234,244,249,288,289,302,305,308,313,314,332,397,398,400,403,404,429,442,595,640,948,1071,1398,1401,1424,1430,1472,1473,1474,1477,1478,1480,1481,1676,1809,1895,1922,1932,1933,2116,2359,2493,2649,2658,2778,2816,3121,3130,3349,3421,4322,4323,4470,4567,4627,4652,4740,4979,4980,4981,5411,5603,5604,5605,6196,6197,6720,7346,7347,8468,8469,8470,8797,
73;1;2234;2314;1;139,144,145,177,181,225,231,234,244,249,288,289,302,305,308,313,314,332,397,398,400,403,404,429,442,595,640,948,1071,1398,1401,1424,1430,1472,1473,1474,1477,1478,1480,1481,1676,1809,1895,1922,1932,1933,2116,2359,2493,2649,2658,2778,2816,3121,3130,3349,3421,4322,4323,4470,4567,4627,4652,4740,4979,4980,4981,5411,5603,5604,5605,6196,6197,6720,7346,7347,8468,8469,8470,8797,
25;0;2314;2520;1;139,144,145,177,181,225,231,234,244,249,288,289,302,305,308,313,314,332,397,398,400,403,404,429,442,595,640,948,1071,1398,1401,1424,1430,1472,1473,1474,1477,1478,1480,1481,1676,1809,1895,1922,1932,1933,2116,2359,2493,2649,2658,2778,2816,3121,3130,3349,3421,4322,4323,4470,4567,4627,4652,4740,4979,4980,4981,5411,5603,5604,5605,6196,6197,6720,7346,7347,8468,8469,8470,8797,
25;1;2520;2697;1;139,144,145,177,181,225,231,234,244,249,288,289,302,305,308,313,314,332,397,398,400,403,404,429,442,595,640,948,1071,1398,1401,1424,1430,1472,1473,1474,1477,1478,1480,1481,1676,1809,1895,1922,1932,1933,2116,2359,2493,2649,2658,2778,2816,3121,3130,3349,3421,4322,4323,4470,4567,4627,4652,4740,4979,4980,4981,5411,5603,5604,5605,6196,6197,6720,7346,7347,8468,8469,8470,8797,
175;0;2697;2774;1;139,144,145,177,181,225,231,234,244,249,288,289,302,305,308,313,314,332,397,398,400,403,404,429,442,595,640,948,1071,1398,1401,1424,1430,1472,1473,1474,1477,1478,1480,1481,1676,1809,1895,1922,1932,1933,2116,2359,2493,2649,2658,2778,2816,3121,3130,3349,3421,4322,4323,4470,4567,4627,4652,4740,4979,4980,4981,5411,5603,5604,5605,6196,6197,6720,7346,7347,8468,8469,8470,8797,
24;0;2774;3007;1;139,144,145,177,181,225,231,234,244,249,288,289,302,305,308,313,314,332,397,398,400,403,404,429,442,595,640,948,1071,1398,1401,1424,1430,1472,1473,1474,1477,1478,1480,1481,1676,1809,1895,1922,1932,1933,2116,2359,2493,2649,2658,2778,2816,3121,3130,3349,3421,4322,4323,4470,4567,4627,4652,4740,4979,4980,4981,5411,5603,5604,5605,6196,6197,6720,7346,7347,8468,8469,8470,8797,
24;1;3007;3143;1;139,144,145,177,181,225,231,234,244,249,288,289,302,305,308,313,314,332,397,398,400,403,404,429,442,595,640,948,1071,1398,1401,1424,1430,1472,1473,1474,1477,1478,1480,1481,1676,1809,1895,1922,1932,1933,2116,2359,2493,2649,2658,2778,2816,3121,3130,3349,3421,4322,4323,4470,4567,4627,4652,4740,4979,4980,4981,5411,5603,5604,5605,6196,6197,6720,7346,7347,8468,8469,8470,8797,
15;0;3143;3255;1;139,144,145,177,181,225,231,234,244,249,288,289,302,305,308,313,314,332,397,398,400,403,404,429,442,595,640,948,1071,1398,1401,1424,1430,1472,1473,1474,1477,1478,1480,1481,1676,1809,1895,1922,1932,1933,2116,2359,2493,2649,2658,2778,2816,3121,3130,3349,3421,4322,4323,4470,4567,4627,4652,4740,4979,4980,4981,5411,5603,5604,5605,6196,6197,6720,7346,7347,8468,8469,8470,8797,
15;1;3255;3266;1;139,144,145,177,181,225,231,234,244,249,288,289,302,305,308,313,314,332,397,398,400,403,404,429,442,595,640,948,1071,1398,1401,1424,1430,1472,1473,1474,1477,1478,1480,1481,1676,1809,1895,1922,1932,1933,2116,2359,2493,2649,2658,2778,2816,3121,3130,3349,3421,4322,4323,4470,4567,4627,4652,4740,4979,4980,4981,5411,5603,5604,5605,6196,6197,6720,7346,7347,8468,8469,8470,8797,
55;0;3266;3475;1;139,144,145,177,181,225,231,234,244,249,288,289,302,305,308,313,314,332,397,398,400,403,404,429,442,595,640,948,1071,1398,1401,1424,1430,1472,1473,1474,1477,1478,1480,1481,1676,1809,1895,1922,1932,1933,2116,2359,2493,2649,2658,2778,2816,3121,3130,3349,3421,4322,4323,4470,4567,4627,4652,4740,4979,4980,4981,5411,5603,5604,5605,6196,6197,6720,7346,7347,8468,8469,8470,8797,
55;1;3475;3579;1;139,144,145,177,181,225,231,234,244,249,288,289,293,302,305,308,313,314,332,348,397,398,400,403,404,429,442,595,640,773,948,1071,1398,1401,1424,1430,1472,1473,1474,1477,1478,1480,1481,1676,1809,1895,1922,1932,1933,2116,2353,2359,2493,2498,2778,4470,4567,4740,6334,6595,7302,7304,7305,7306,7423,7800,7801,7802,7803,7804,7805,7806,7807,7808,7809,7810,7811,7812,7813,7814,
179;0;3579;3632;1;2,3,86,97,139,144,145,225,231,233,234,241,262,271,276,277,288,289,291,321,333,390,397,398,400,404,429,434,640,645,648,666,769,855,927,948,949,1147,1233,1398,1401,1472,1473,1474,1478,1481,1595,1633,1749,1809,2224,2355,2676,2679,2774,2775,2777,2778,2891,2985,2986,2987,2988,2989,2990,3263,4470,4471,4553,4567,4605,4606,4740,5182,5206,5619,5734,6174,6334,6748,
187;0;3632;3668;1;2,3,86,97,139,144,145,225,231,233,234,241,262,271,276,277,288,289,291,321,333,390,397,398,400,404,429,434,640,645,648,666,769,855,927,948,949,1147,1233,1398,1401,1472,1473,1474,1478,1481,1595,1633,1749,1809,2224,2355,2676,2679,2774,2775,2777,2778,2891,2985,2986,2987,2988,2989,2990,3263,4470,4471,4553,4567,4605,4606,4740,5182,5206,5619,5734,6174,6334,6748,
172;0;3668;3828;1;2,3,86,97,139,144,145,225,231,233,234,241,262,271,276,277,288,289,291,321,333,390,397,398,400,404,429,434,640,645,648,666,769,855,927,948,949,1147,1233,1398,1401,1472,1473,1474,1478,1481,1595,1633,1749,1809,2224,2355,2676,2679,2774,2775,2777,2778,2891,2985,2986,2987,2988,2989,2990,3263,4470,4471,4553,4567,4605,4606,4740,5182,5206,5619,5734,6174,6334,6748,
37;0;3828;3984;1;2,3,86,97,139,144,145,225,231,233,234,241,262,271,276,277,288,289,291,321,333,390,397,398,400,404,429,434,640,645,648,666,769,855,927,948,949,1147,1233,1398,1401,1472,1473,1474,1478,1481,1595,1633,1749,1809,2224,2355,2676,2679,2774,2775,2777,2778,2891,2985,2986,2987,2988,2989,2990,3263,4470,4471,4553,4567,4605,4606,4740,5182,5206,5619,5734,6174,6334,6748,
37;1;3984;4126;1;2,3,86,97,139,144,145,225,231,233,234,241,262,271,276,277,288,289,291,321,333,390,397,398,400,404,429,434,640,645,648,666,769,855,927,948,949,1147,1233,1398,1401,1472,1473,1474,1478,1481,1595,1633,1749,1809,2224,2355,2676,2679,2774,2775,2777,2778,2891,2985,2986,2987,2988,2989,2990,3263,4470,4471,4553,4567,4605,4606,4740,5182,5206,5619,5734,6174,6334,6748,
183;0;4126;4167;1;2,3,86,97,139,144,145,225,231,233,234,241,262,271,276,277,288,289,291,321,333,390,397,398,400,404,429,434,640,645,648,666,769,855,927,948,949,1147,1233,1398,1401,1472,1473,1474,1478,1481,1595,1633,1749,1809,2224,2355,2676,2679,2774,2775,2777,2778,2891,2985,2986,2987,2988,2989,2990,3263,4470,4471,4553,4567,4605,4606,4740,5182,5206,5619,5734,6174,6334,6748,
2;0;4167;4417;1;2,3,86,97,139,144,145,225,231,233,234,241,262,271,276,277,288,289,291,321,333,390,397,398,400,404,429,434,640,645,648,666,769,855,927,948,949,1147,1233,1398,1401,1472,1473,1474,1478,1481,1595,1633,1749,1809,2224,2355,2676,2679,2774,2775,2777,2778,2891,2985,2986,2987,2988,2989,2990,3263,4470,4471,4553,4567,4605,4606,4740,5182,5206,5619,5734,6174,6334,6748,
2;1;4417;4515;1;2,3,86,97,139,144,145,225,231,233,234,241,262,271,276,277,288,289,291,321,333,390,397,398,400,404,429,434,640,645,648,666,769,855,927,948,949,1147,1233,1398,1401,1472,1473,1474,1478,1481,1595,1633,1749,1809,2224,2355,2676,2679,2774,2775,2777,2778,2891,2985,2986,2987,2988,2989,2990,3263,4470,4471,4553,4567,4605,4606,4740,5182,5206,5619,5734,6174,6334,6748,
41;0;4515;4646;1;1,2,3,8,86,95,97,139,142,144,145,225,231,233,234,241,262,271,276,277,288,289,291,321,323,333,390,395,397,398,400,402,404,405,429,434,640,645,648,666,769,855,892,897,927,948,949,1056,1062,1147,1229,1233,1397,1398,1401,1472,1473,1474,1478,1502,1620,1681,1682,1683,1809,2355,2679,2774,2775,2777,2778,2986,3263,4470,4553,4567,4605,4606,4740,6334,
41;1;4646;4743;1;2,3,95,139,144,145,225,231,234,241,262,276,277,288,289,291,321,390,395,397,398,400,404,429,430,640,644,715,769,855,948,949,1019,1233,1474,1478,1502,1809,2225,2318,2355,2405,2625,2634,2640,2642,2652,2657,2663,2680,2686,2691,2774,2775,2777,2778,3263,4470,4553,4567,4605,4606,4740,6334,7188,7212,7296,7299,7308,7316,8415,8432,8799,8801,8803,8804,8806,8808,8809,8810,
62;0;4743;4778;1;2,3,95,137,139,144,145,225,231,234,241,262,276,277,288,289,291,321,329,377,390,395,397,398,400,404,429,430,640,644,769,838,839,855,901,948,949,1118,1170,1233,1474,1478,1502,1809,1884,2318,2355,2504,2645,2774,2775,2777,2778,3263,3435,4470,4553,4567,4604,4605,4606,4612,4740,4759,4800,5043,5890,5891,5892,5894,5895,5898,5899,5901,6126,6127,6128,6129,6130,6334,
62;1;4778;4796;1;2,3,4,95,137,139,144,145,148,225,231,234,276,277,288,289,300,321,329,377,390,393,395,397,400,401,404,429,640,644,769,838,839,855,901,948,949,1050,1051,1052,1118,1133,1150,1170,1232,1233,1474,1478,1604,1801,1806,1809,2318,2355,2504,2645,2774,2775,2777,2778,2817,2818,3263,3435,4470,4553,4567,4604,4605,4606,4612,4740,4759,5890,5891,5892,5899,5901,6126,6334,
202;0;4796;4886;1;3,4,117,137,139,144,145,148,225,231,234,276,277,288,289,321,329,377,390,395,397,400,404,429,640,644,769,838,839,855,901,948,949,1051,1118,1170,1308,1474,1478,1604,1809,1915,2091,2318,2504,2573,2645,2774,2775,2777,2778,3263,3435,4470,4553,4567,4604,4605,4606,4612,4740,4759,4761,4822,5191,5299,5492,5665,5890,5891,5892,5899,5901,6126,6334,6362,6363,6364,6366,6367,
20;0;4886;4979;1;3,4,117,137,139,144,145,148,225,231,234,276,277,288,289,295,321,329,377,390,395,397,400,404,429,640,644,769,838,839,855,901,911,948,949,1051,1118,1170,1308,1359,1474,1478,1604,1809,1915,2091,2120,2318,2504,2573,2645,2715,2774,2775,2777,2778,3108,3263,3435,4419,4420,4470,4553,4567,4604,4605,4606,4612,4740,4759,4761,4816,4822,5191,5890,6332,6334,6335,8113,8114,
20;1;4979;5047;1;3,26,100,137,144,148,225,231,234,276,289,297,321,329,351,368,429,640,838,854,855,1118,1119,1198,1266,1277,1288,1293,1474,1478,1809,2318,2391,2600,2628,2645,2770,2774,2775,2777,2778,2802,2807,2812,3174,3263,3307,4424,4514,4553,4567,4600,4604,4605,4606,4739,4740,4802,4946,5025,5230,5633,5685,7425,7426,7427,7428,7429,7430,7890,7891,8057,8456,8457,8458,8459,8460,8486,9046,9047,
45;0;5047;5220;1;3,26,100,137,144,148,225,231,234,276,289,297,321,329,351,368,429,640,838,854,855,1118,1119,1198,1266,1277,1288,1293,1474,1478,1809,2318,2391,2600,2628,2645,2770,2774,2775,2777,2778,2802,2807,2812,3174,3263,3307,4424,4514,4553,4567,4600,4604,4605,4606,4739,4740,4802,4946,5025,5230,5633,5685,7425,7426,7427,7428,7429,7430,7890,7891,8057,8456,8457,8458,8459,8460,8486,9046,9047,
45;1;5220;5340;1;3,26,100,137,144,148,225,231,234,276,289,297,321,329,351,368,429,640,838,854,855,1118,1119,1198,1266,1277,1288,1293,1474,1478,1809,2318,2391,2600,2628,2645,2770,2774,2775,2777,2778,2802,2807,2812,3174,3263,3307,4424,4514,4553,4567,4600,4604,4605,4606,4739,4740,4802,4946,5025,5230,5633,5685,7425,7426,7427,7428,7429,7430,7890,7891,8057,8456,8457,8458,8459,8460,8486,9046,9047,
164;0;5340;5355;0;3,26,100,137,144,148,225,231,234,276,289,297,321,329,351,368,429,640,838,854,855,1118,1119,1198,1266,1277,1288,1293,1474,1478,1809,2318,2391,2600,2628,2645,2770,2774,2775,2777,2778,2802,2807,2812,3174,3263,3307,4424,4514,4553,4567,4600,4604,4605,4606,4739,4740,4802,4946,5025,5230,5633,5685,7425,7426,7427,7428,7429,7430,7890,7891,8057,8456,8457,8458,8459,8460,8486,9046,9047,
47;0;5355;5534;1;3,26,100,137,144,148,225,231,234,276,289,297,321,329,351,368,429,640,838,854,855,1118,1119,1198,1266,1277,1288,1293,1474,1478,1809,2318,2391,2600,2628,2645,2770,2774,2775,2777,2778,2802,2807,2812,3174,3263,3307,4424,4514,4553,4567,4600,4604,4605,4606,4739,4740,4802,4946,5025,5230,5633,5685,7425,7426,7427,7428,7429,7430,7890,7891,8057,8456,8457,8458,8459,8460,8486,9046,9047,
47;1;5534;5612;1;3,26,100,137,144,148,225,231,234,276,289,297,321,329,351,368,429,640,838,854,855,1118,1119,1198,1266,1277,1288,1293,1474,1478,1809,2318,2391,2600,2628,2645,2770,2774,2775,2777,2778,2802,2807,2812,3174,3263,3307,4424,4514,4553,4567,4600,4604,4605,4606,4739,4740,4802,4946,5025,5230,5633,5685,7425,7426,7427,7428,7429,7430,7890,7891,8057,8456,8457,8458,8459,8460,8486,9046,9047,
186;0;5612;5681;1;3,26,100,137,144,148,225,231,234,276,289,297,321,329,351,368,429,640,838,854,855,1118,1119,1198,1266,1277,1288,1293,1474,1478,1809,2318,2391,2600,2628,2645,2770,2774,2775,2777,2778,2802,2807,2812,3174,3263,3307,4424,4514,4553,4567,4600,4604,4605,4606,4739,4740,4802,4946,5025,5230,5633,5685,7425,7426,7427,7428,7429,7430,7890,7891,8057,8456,8457,8458,8459,8460,8486,9046,9047,
64;0;5681;5911;1;3,26,100,137,144,148,225,231,234,276,289,297,321,329,351,368,429,640,838,854,855,1118,1119,1198,1266,1277,1288,1293,1474,1478,1809,2318,2391,2600,2628,2645,2770,2774,2775,2777,2778,2802,2807,2812,3174,3263,3307,4424,4514,4553,4567,4600,4604,4605,4606,4739,4740,4802,4946,5025,5230,5633,5685,7425,7426,7427,7428,7429,7430,7890,7891,8057,8456,8457,8458,8459,8460,8486,9046,9047,
64;1;5911;6020;1;3,26,66,100,137,144,148,170,225,231,234,246,276,289,297,321,329,351,368,429,454,486,497,506,640,838,854,855,1118,1119,1198,1266,1277,1288,1293,1463,1474,1478,1701,1707,1716,1809,1859,1999,2036,2318,2391,2600,2628,2645,2770,2774,2775,2777,2778,2802,2807,2812,2895,3174,3263,3274,3307,3993,4000,4001,4002,4003,4004,4005,4006,4007,4008,4424,4514,4604,4605,4606,4740,5025,
150;0;6020;6142;1;3,26,66,100,137,144,145,148,170,225,231,234,246,276,289,290,297,321,329,351,368,429,454,486,497,506,640,644,824,838,854,855,1058,1118,1119,1198,1266,1277,1288,1293,1463,1474,1478,1701,1707,1716,1809,1859,1999,2036,2318,2391,2600,2628,2645,2770,2774,2775,2777,2778,2790,2802,2812,3263,4570,4604,4605,4606,4740,5025,6469,7055,8148,8569,9119,9120,9121,9122,9123,9124,
151;0;6142;6148;1;3,26,66,100,137,144,145,148,170,225,231,234,246,276,289,290,297,321,329,351,368,395,429,454,486,497,506,640,644,824,838,854,855,1058,1118,1119,1198,1266,1277,1288,1293,1463,1474,1478,1701,1707,1716,1809,1859,1999,2645,2774,2775,2776,2777,2778,2779,2812,2947,4052,4606,4740,4781,4853,5025,5757,5809,6570,6571,6572,6573,6574,6575,6576,6577,6578,6579,6580,6581,6582,
71;0;6148;6489;1;26,27,100,144,175,225,231,247,248,250,289,395,429,528,754,838,854,855,891,1264,1267,1268,1270,1274,1277,1278,1279,1280,1285,1287,1288,1289,1293,1294,1295,1322,1478,1484,1512,1710,2174,2230,2419,2478,2611,3269,3598,3797,4439,4459,4460,4461,4462,4463,4803,5316,5334,6093,6136,6145,7009,8134,8137,8143,8229,8230,8231,8232,8233,8234,8235,8236,8237,8271,8272,8285,8291,8948,9155,9156,
71;1;6489;6653;1;26,27,100,144,175,225,231,247,248,250,289,395,429,528,754,838,854,855,891,1264,1267,1268,1270,1274,1277,1278,1279,1280,1285,1287,1288,1289,1293,1294,1295,1322,1478,1484,1512,1710,2174,2230,2419,2478,2611,3269,3598,3797,4439,4459,4460,4461,4462,4463,4803,5316,5334,6093,6136,6145,7009,8134,8137,8143,8229,8230,8231,8232,8233,8234,8235,8236,8237,8271,8272,8285,8291,8948,9155,9156,
74;0;6653;6781;1;26,27,100,144,175,225,231,247,248,250,289,395,429,528,754,838,854,855,891,1264,1267,1268,1270,1274,1277,1278,1279,1280,1285,1287,1288,1289,1293,1294,1295,1322,1478,1484,1512,1710,2174,2230,2419,2478,2611,3269,3598,3797,4439,4459,4460,4461,4462,4463,4803,5316,5334,6093,6136,6145,7009,8134,8137,8143,8229,8230,8231,8232,8233,8234,8235,8236,8237,8271,8272,8285,8291,8948,9155,9156,
74;1;6781;6814;1;26,27,100,144,175,225,231,247,248,250,289,395,429,528,754,838,854,855,891,1264,1267,1268,1270,1274,1277,1278,1279,1280,1285,1287,1288,1289,1293,1294,1295,1322,1478,1484,1512,1710,2174,2230,2419,2478,2611,3269,3598,3797,4439,4459,4460,4461,4462,4463,4803,5316,5334,6093,6136,6145,7009,8134,8137,8143,8229,8230,8231,8232,8233,8234,8235,8236,8237,8271,8272,8285,8291,8948,9155,9156,
162;0;6814;6994;1;26,27,100,144,175,225,231,247,248,250,289,395,429,528,754,838,854,855,891,1264,1267,1268,1270,1274,1277,1278,1279,1280,1285,1287,1288,1289,1293,1294,1295,1322,1478,1484,1512,1710,2174,2230,2419,2478,2611,3269,3598,3797,4439,4459,4460,4461,4462,4463,4803,5316,5334,6093,6136,6145,7009,8134,8137,8143,8229,8230,8231,8232,8233,8234,8235,8236,8237,8271,8272,8285,8291,8948,9155,9156,
22;0;6994;7073;1;26,27,100,144,175,225,231,247,248,250,289,395,429,528,754,838,854,855,891,1264,1267,1268,1270,1274,1277,1278,1279,1280,1285,1287,1288,1289,1293,1294,1295,1322,1478,1484,1512,1710,2174,2230,2419,2478,2611,3269,3598,3797,4439,4459,4460,4461,4462,4463,4803,5316,5334,6093,6136,6145,7009,8134,8137,8143,8229,8230,8231,8232,8233,8234,8235,8236,8237,8271,8272,8285,8291,8948,9155,9156,
22;1;7073;7105;1;26,27,100,144,175,225,231,247,248,250,289,395,429,528,754,838,854,855,891,1264,1267,1268,1270,1274,1277,1278,1279,1280,1285,1287,1288,1289,1293,1294,1295,1322,1478,1484,1512,1710,2174,2230,2419,2478,2611,3269,3598,3797,4439,4459,4460,4461,4462,4463,4803,5316,5334,6093,6136,6145,7009,8134,8137,8143,8229,8230,8231,8232,8233,8234,8235,8236,8237,8271,8272,8285,8291,8948,9155,9156,
69;0;7105;7329;1;26,27,100,144,175,225,231,247,248,250,289,395,429,528,754,838,854,855,891,1264,1267,1268,1270,1274,1277,1278,1279,1280,1285,1287,1288,1289,1293,1294,1295,1322,1478,1484,1512,1710,2174,2230,2419,2478,2611,3269,3598,3797,4439,4459,4460,4461,4462,4463,4803,5316,5334,6093,6136,6145,7009,8134,8137,8143,8229,8230,8231,8232,8233,8234,8235,8236,8237,8271,8272,8285,8291,8948,9155,9156,
69;1;7329;7397;1;26,27,100,144,175,225,231,247,248,250,289,395,429,528,754,838,854,855,891,1264,1267,1268,1270,1274,1277,1278,1279,1280,1285,1287,1288,1289,1293,1294,1295,1322,1478,1484,1512,1710,2174,2230,2419,2478,2611,3269,3598,3797,4439,4459,4460,4461,4462,4463,4803,5316,5334,6093,6136,6145,7009,8134,8137,8143,8229,8230,8231,8232,8233,8234,8235,8236,8237,8271,8272,8285,8291,8948,9155,9156,
36;0;7397;7646;1;26,27,100,144,175,225,231,247,248,250,289,395,429,528,754,838,854,855,891,1264,1267,1268,1270,1274,1277,1278,1279,1280,1285,1287,1288,1289,1293,1294,1295,1322,1478,1484,1512,1710,2174,2230,2419,2478,2611,3269,3598,3797,4439,4459,4460,4461,4462,4463,4803,5316,5334,6093,6136,6145,7009,8134,8137,8143,8229,8230,8231,8232,8233,8234,8235,8236,8237,8271,8272,8285,8291,8948,9155,9156,
36;1;7646;7729;1;26,27,100,144,175,225,231,247,248,250,277,289,294,395,429,528,754,769,838,854,855,891,944,945,1264,1267,1268,1270,1274,1277,1278,1279,1280,1285,1287,1288,1289,1293,1294,1295,1322,1478,1484,1512,1567,1710,2174,2230,2419,2478,2543,2611,2897,2898,2900,2901,2905,2907,2909,2910,2911,2913,3262,3269,3378,3598,3797,4439,4459,4460,4461,4462,4463,4803,5316,5334,6093,6136,6145,7009,
185;0;7729;7812;1;26,27,100,144,175,225,231,247,248,250,277,289,294,395,429,528,536,754,769,838,854,855,891,944,945,1264,1267,1268,1269,1270,1274,1277,1278,1279,1280,1285,1287,1288,1289,1290,1293,1294,1295,1322,1329,1478,1484,1512,1567,1710,2174,2230,2240,2263,2264,2265,2407,2419,2447,2478,2485,2543,2611,2897,2898,2900,2901,2905,2907,3702,3708,4357,4453,4810,4811,4812,4813,4814,4815,6136,
199;0;7812;7954;1;19,26,152,188,189,278,395,426,515,528,567,729,736,875,965,1242,1269,1280,1281,1287,1288,1293,1294,1295,1322,1419,1572,1590,1779,1940,2179,2188,2207,2216,2217,2218,2219,2220,2221,2230,2263,2264,2305,2419,2485,2518,2826,3026,3048,3094,3347,3409,3591,3606,3627,3740,3741,3802,4112,4217,4357,4440,4672,4950,4951,4952,4953,5102,5103,5104,5105,5106,5876,6136,6152,7953,7954,7956,7957,8120,
12;0;7954;8173;1;19,26,152,188,189,278,395,426,515,528,567,729,736,875,965,1242,1269,1280,1281,1287,1288,1293,1294,1295,1322,1419,1572,1590,1779,1940,2179,2188,2207,2216,2217,2218,2219,2220,2221,2230,2263,2264,2305,2419,2485,2518,2826,3026,3048,3094,3347,3409,3591,3606,3627,3740,3741,3802,4112,4217,4357,4440,4672,4950,4951,4952,4953,5102,5103,5104,5105,5106,5876,6136,6152,7953,7954,7956,7957,8120,
12;1;8173;8220;1;19,26,152,188,189,278,395,426,515,528,567,729,736,875,965,1242,1269,1280,1281,1287,1288,1293,1294,1295,1322,1419,1572,1590,1779,1940,2179,2188,2207,2216,2217,2218,2219,2220,2221,2230,2263,2264,2305,2419,2485,2518,2826,3026,3048,3094,3347,3409,3591,3606,3627,3740,3741,3802,4112,4217,4357,4440,4672,4950,4951,4952,4953,5102,5103,5104,5105,5106,5876,6136,6152,7953,7954,7956,7957,8120,
204;0;8220;8295;1;19,26,152,188,189,278,395,426,515,528,567,729,736,875,965,1242,1269,1280,1281,1287,1288,1293,1294,1295,1322,1419,1572,1590,1779,1940,2179,2188,2207,2216,2217,2218,2219,2220,2221,2230,2263,2264,2305,2419,2485,2518,2826,3026,3048,3094,3347,3409,3591,3606,3627,3740,3741,3802,4112,4217,4357,4440,4672,4950,4951,4952,4953,5102,5103,5104,5105,5106,5876,6136,6152,7953,7954,7956,7957,8120,
198;0;8295;8361;0;19,26,152,188,189,278,395,426,515,528,567,729,736,875,965,1242,1269,1280,1281,1287,1288,1293,1294,1295,1322,1419,1572,1590,1779,1940,2179,2188,2207,2216,2217,2218,2219,2220,2221,2230,2263,2264,2305,2419,2485,2518,2826,3026,3048,3094,3347,3409,3591,3606,3627,3740,3741,3802,4112,4217,4357,4440,4672,4950,4951,4952,4953,5102,5103,5104,5105,5106,5876,6136,6152,7953,7954,7956,7957,8120,
9;0;8361;8481;1;19,26,152,188,189,278,395,426,515,528,567,729,736,875,965,1242,1269,1280,1281,1287,1288,1293,1294,1295,1322,1419,1572,1590,1779,1940,2179,2188,2207,2216,2217,2218,2219,2220,2221,2230,2263,2264,2305,2419,2485,2518,2826,3026,3048,3094,3347,3409,3591,3606,3627,3740,3741,3802,4112,4217,4357,4440,4672,4950,4951,4952,4953,5102,5103,5104,5105,5106,5876,6136,6152,7953,7954,7956,7957,8120,
9;1;8481;8546;1;19,26,152,188,189,278,395,426,515,528,567,729,736,875,965,1242,1269,1280,1281,1287,1288,1293,1294,1295,1322,1419,1572,1590,1779,1940,2179,2188,2207,2216,2217,2218,2219,2220,2221,2230,2263,2264,2305,2419,2485,2518,2826,3026,3048,3094,3347,3409,3591,3606,3627,3740,3741,3802,4112,4217,4357,4440,4672,4950,4951,4952,4953,5102,5103,5104,5105,5106,5876,6136,6152,7953,7954,7956,7957,8120,
188;0;8546;8610;1;19,26,152,188,189,278,395,426,515,528,567,729,736,875,965,1242,1269,1280,1281,1287,1288,1293,1294,1295,1322,1419,1572,1590,1779,1940,2179,2188,2207,2216,2217,2218,2219,2220,2221,2230,2263,2264,2305,2419,2485,2518,2826,3026,3048,3094,3347,3409,3591,3606,3627,3740,3741,3802,4112,4217,4357,4440,4672,4950,4951,4952,4953,5102,5103,5104,5105,5106,5876,6136,6152,7953,7954,7956,7957,8120,
Machine: 1
14;1;0;174;1;95,225,233,243,274,290,291,292,690,765,952,1277,1293,1481,1529,1556,1674,1836,1884,2194,2501,2559,2626,2642,2645,2658,2677,2679,2693,2713,2774,2775,2778,3263,3447,3597,3703,3915,4119,4450,4472,4620,4854,4855,5259,5331,5340,5370,5454,5476,5499,5500,5501,5502,5673,5683,5684,5685,5686,5687,5688,5689,5731,5935,5936,5937,5938,5939,5940,6360,6926,7284,7644,7648,8216,8219,8221,8225,8227,8228,
154;0;174;216;1;95,225,233,243,274,290,291,292,690,765,952,1277,1293,1481,1529,1556,1674,1836,1884,2194,2501,2559,2626,2642,2645,2658,2677,2679,2693,2713,2774,2775,2778,3263,3447,3597,3703,3915,4119,4450,4472,4620,4854,4855,5259,5331,5340,5370,5454,5476,5499,5500,5501,5502,5673,5683,5684,5685,5686,5687,5688,5689,5731,5935,5936,5937,5938,5939,5940,6360,6926,7284,7644,7648,8216,8219,8221,8225,8227,8228,
209;0;216;296;1;95,225,233,243,274,290,291,292,690,765,952,1277,1293,1481,1529,1556,1674,1836,1884,2194,2501,2559,2626,2642,2645,2658,2677,2679,2693,2713,2774,2775,2778,3263,3447,3597,3703,3915,4119,4450,4472,4620,4854,4855,5259,5331,5340,5370,5454,5476,5499,5500,5501,5502,5673,5683,5684,5685,5686,5687,5688,5689,5731,5935,5936,5937,5938,5939,5940,6360,6926,7284,7644,7648,8216,8219,8221,8225,8227,8228,
196;0;296;384;1;95,225,233,243,274,290,291,292,690,765,952,1277,1293,1481,1529,1556,1674,1836,1884,2194,2501,2559,2626,2642,2645,2658,2677,2679,2693,2713,2774,2775,2778,3263,3447,3597,3703,3915,4119,4450,4472,4620,4854,4855,5259,5331,5340,5370,5454,5476,5499,5500,5501,5502,5673,5683,5684,5685,5686,5687,5688,5689,5731,5935,5936,5937,5938,5939,5940,6360,6926,7284,7644,7648,8216,8219,8221,8225,8227,8228,
211;0;384;548;1;95,225,233,243,274,290,291,292,690,765,952,1277,1293,1481,1529,1556,1674,1836,1884,2194,2501,2559,2626,2642,2645,2658,2677,2679,2693,2713,2774,2775,2778,3263,3447,3597,3703,3915,4119,4450,4472,4620,4854,4855,5259,5331,5340,5370,5454,5476,5499,5500,5501,5502,5673,5683,5684,5685,5686,5687,5688,5689,5731,5935,5936,5937,5938,5939,5940,6360,6926,7284,7644,7648,8216,8219,8221,8225,8227,8228,
165;0;548;558;1;95,225,233,243,274,290,291,292,690,765,952,1277,1293,1481,1529,1556,1674,1836,1884,2194,2501,2559,2626,2642,2645,2658,2677,2679,2693,2713,2774,2775,2778,3263,3447,3597,3703,3915,4119,4450,4472,4620,4854,4855,5259,5331,5340,5370,5454,5476,5499,5500,5501,5502,5673,5683,5684,5685,5686,5687,5688,5689,5731,5935,5936,5937,5938,5939,5940,6360,6926,7284,7644,7648,8216,8219,8221,8225,8227,8228,
191;0;558;627;1;95,225,233,243,274,290,291,292,690,765,952,1277,1293,1481,1529,1556,1674,1836,1884,2194,2501,2559,2626,2642,2645,2658,2677,2679,2693,2713,2774,2775,2778,3263,3447,3597,3703,3915,4119,4450,4472,4620,4854,4855,5259,5331,5340,5370,5454,5476,5499,5500,5501,5502,5673,5683,5684,5685,5686,5687,5688,5689,5731,5935,5936,5937,5938,5939,5940,6360,6926,7284,7644,7648,8216,8219,8221,8225,8227,8228,
31;0;627;963;1;24,49,55,60,61,95,150,187,189,196,225,274,290,291,398,491,516,528,529,581,765,814,838,853,952,1013,1047,1091,1117,1157,1196,1293,1322,1329,1390,1481,1510,1529,1556,1573,1988,2064,2153,2221,2259,2407,2412,2413,2414,2662,2690,2806,3133,3284,3329,3633,3712,3849,3850,3851,3852,3853,3854,4472,4633,4647,4913,5049,5259,5331,5731,5733,6385,6424,6731,6732,6742,6791,7029,8400,
31;1;963;1127;1;24,49,55,60,61,95,150,187,189,196,225,274,290,291,398,491,516,528,529,581,765,814,838,853,952,1013,1047,1091,1117,1157,1196,1293,1322,1329,1390,1481,1510,1529,1556,1573,1988,2064,2153,2221,2259,2407,2412,2413,2414,2662,2690,2806,3133,3284,3329,3633,3712,3849,3850,3851,3852,3853,3854,4472,4633,4647,4913,5049,5259,5331,5731,5733,6385,6424,6731,6732,6742,6791,7029,8400,
189;0;1127;1232;1;24,49,55,60,61,95,150,187,189,196,225,274,290,291,398,491,516,528,529,581,765,814,838,853,952,1013,1047,1091,1117,1157,1196,1293,1322,1329,1390,1481,1510,1529,1556,1573,1988,2064,2153,2221,2259,2407,2412,2413,2414,2662,2690,2806,3133,3284,3329,3633,3712,3849,3850,3851,3852,3853,3854,4472,4633,4647,4913,5049,5259,5331,5731,5733,6385,6424,6731,6732,6742,6791,7029,8400,
46;0;1232;1517;1;24,49,55,60,61,95,150,187,189,196,225,274,290,291,398,491,516,528,529,581,765,814,838,853,952,1013,1047,1091,1117,1157,1196,1293,1322,1329,1390,1481,1510,1529,1556,1573,1988,2064,2153,2221,2259,2407,2412,2413,2414,2662,2690,2806,3133,3284,3329,3633,3712,3849,3850,3851,3852,3853,3854,4472,4633,4647,4913,5049,5259,5331,5731,5733,6385,6424,6731,6732,6742,6791,7029,8400,
46;1;1517;1626;1;24,49,55,60,61,95,150,187,189,196,225,274,290,291,398,491,516,528,529,581,765,814,838,853,952,1013,1047,1091,1117,1157,1196,1293,1322,1329,1390,1481,1510,1529,1556,1573,1988,2064,2153,2221,2259,2407,2412,2413,2414,2662,2690,2806,3133,3284,3329,3633,3712,3849,3850,3851,3852,3853,3854,4472,4633,4647,4913,5049,5259,5331,5731,5733,6385,6424,6731,6732,6742,6791,7029,8400,
193;0;1626;1673;1;24,49,55,60,61,95,150,187,189,196,225,274,290,291,398,491,516,528,529,581,765,814,838,853,952,1013,1047,1091,1117,1157,1196,1293,1322,1329,1390,1481,1510,1529,1556,1573,1988,2064,2153,2221,2259,2407,2412,2413,2414,2662,2690,2806,3133,3284,3329,3633,3712,3849,3850,3851,3852,3853,3854,4472,4633,4647,4913,5049,5259,5331,5731,5733,6385,6424,6731,6732,6742,6791,7029,8400,
161;0;1673;1688;1;24,49,55,60,61,95,150,187,189,196,225,274,290,291,398,491,516,528,529,581,765,814,838,853,952,1013,1047,1091,1117,1157,1196,1293,1322,1329,1390,1481,1510,1529,1556,1573,1988,2064,2153,2221,2259,2407,2412,2413,2414,2662,2690,2806,3133,3284,3329,3633,3712,3849,3850,3851,3852,3853,3854,4472,4633,4647,4913,5049,5259,5331,5731,5733,6385,6424,6731,6732,6742,6791,7029,8400,
72;0;1688;1925;1;24,49,55,60,61,95,150,187,189,196,225,274,290,291,398,491,516,528,529,581,765,814,838,853,952,1013,1047,1091,1117,1157,1196,1293,1322,1329,1390,1481,1510,1529,1556,1573,1988,2064,2153,2221,2259,2407,2412,2413,2414,2662,2690,2806,3133,3284,3329,3633,3712,3849,3850,3851,3852,3853,3854,4472,4633,4647,4913,5049,5259,5331,5731,5733,6385,6424,6731,6732,6742,6791,7029,8400,
72;1;1925;2086;1;24,49,55,60,61,95,150,187,189,196,225,274,290,291,398,491,516,528,529,581,765,814,838,853,952,1013,1047,1091,1117,1157,1196,1293,1322,1329,1390,1481,1510,1529,1556,1573,1988,2064,2153,2221,2259,2407,2412,2413,2414,2662,2690,2806,3133,3284,3329,3633,3712,3849,3850,3851,3852,3853,3854,4472,4633,4647,4913,5049,5259,5331,5731,5733,6385,6424,6731,6732,6742,6791,7029,8400,
177;0;2086;2152;1;24,49,55,60,61,95,150,187,189,196,225,274,290,291,398,491,516,528,529,581,765,814,838,853,952,1013,1047,1091,1117,1157,1196,1293,1322,1329,1390,1481,1510,1529,1556,1573,1988,2064,2153,2221,2259,2407,2412,2413,2414,2662,2690,2806,3133,3284,3329,3633,3712,3849,3850,3851,3852,3853,3854,4472,4633,4647,4913,5049,5259,5331,5731,5733,6385,6424,6731,6732,6742,6791,7029,8400,
160;0;2152;2316;1;7,8,15,30,60,79,95,139,144,150,152,170,185,202,205,206,225,251,270,289,390,392,394,398,507,569,580,597,631,660,765,791,868,924,964,1011,1049,1050,1051,1052,1053,1054,1057,1058,1059,1117,1234,1258,1424,1463,1475,1497,1529,1551,1552,1553,1555,1556,1557,1587,2230,2273,2407,2966,3129,3264,3539,3599,3600,3601,4259,4272,5331,5487,5645,5932,6033,7997,8601,8602,
17;0;2316;2517;1;7,8,15,30,60,79,95,139,144,150,152,170,185,202,205,206,225,251,270,289,390,392,394,398,507,569,580,597,631,660,765,791,868,924,964,1011,1049,1050,1051,1052,1053,1054,1057,1058,1059,1117,1234,1258,1424,1463,1475,1497,1529,1551,1552,1553,1555,1556,1557,1587,2230,2273,2407,2966,3129,3264,3539,3599,3600,3601,4259,4272,5331,5487,5645,5932,6033,7997,8601,8602,
17;1;2517;2570;1;7,8,15,30,60,79,95,139,144,150,152,170,185,202,205,206,225,251,270,289,390,392,394,398,507,569,580,597,631,660,765,791,868,924,964,1011,1049,1050,1051,1052,1053,1054,1057,1058,1059,1117,1234,1258,1424,1463,1475,1497,1529,1551,1552,1553,1555,1556,1557,1587,2230,2273,2407,2966,3129,3264,3539,3599,3600,3601,4259,4272,5331,5487,5645,5932,6033,7997,8601,8602,
60;0;2570;2681;0;7,8,15,30,60,79,95,139,144,150,152,170,185,202,205,206,225,251,270,289,390,392,394,398,507,569,580,597,631,660,765,791,868,924,964,1011,1049,1050,1051,1052,1053,1054,1057,1058,1059,1117,1234,1258,1424,1463,1475,1497,1529,1551,1552,1553,1555,1556,1557,1587,2230,2273,2407,2966,3129,3264,3539,3599,3600,3601,4259,4272,5331,5487,5645,5932,6033,7997,8601,8602,
60;1;2681;2758;0;7,8,15,30,60,79,95,139,144,150,152,170,185,202,205,206,225,251,270,289,390,392,394,398,507,569,580,597,631,660,765,791,868,924,964,1011,1049,1050,1051,1052,1053,1054,1057,1058,1059,1117,1234,1258,1424,1463,1475,1497,1529,1551,1552,1553,1555,1556,1557,1587,2230,2273,2407,2966,3129,3264,3539,3599,3600,3601,4259,4272,5331,5487,5645,5932,6033,7997,8601,8602,
23;0;2758;2908;1;7,8,15,30,60,79,95,139,144,150,152,170,185,202,205,206,225,251,270,289,390,392,394,398,507,569,580,597,631,660,765,791,868,924,964,1011,1049,1050,1051,1052,1053,1054,1057,1058,1059,1117,1234,1258,1424,1463,1475,1497,1529,1551,1552,1553,1555,1556,1557,1587,2230,2273,2407,2966,3129,3264,3539,3599,3600,3601,4259,4272,5331,5487,5645,5932,6033,7997,8601,8602,
23;1;2908;3050;1;7,8,15,30,60,79,95,139,144,150,152,170,185,202,205,206,225,251,270,289,390,392,394,398,507,569,580,597,631,660,765,791,868,924,964,1011,1049,1050,1051,1052,1053,1054,1057,1058,1059,1117,1234,1258,1424,1463,1475,1497,1529,1551,1552,1553,1555,1556,1557,1587,2230,2273,2407,2966,3129,3264,3539,3599,3600,3601,4259,4272,5331,5487,5645,5932,6033,7997,8601,8602,
184;0;3050;3106;0;7,8,15,30,60,79,95,139,144,150,152,170,185,202,205,206,225,251,270,289,390,392,394,398,507,569,580,597,631,660,765,791,868,924,964,1011,1049,1050,1051,1052,1053,1054,1057,1058,1059,1117,1234,1258,1424,1463,1475,1497,1529,1551,1552,1553,1555,1556,1557,1587,2230,2273,2407,2966,3129,3264,3539,3599,3600,3601,4259,4272,5331,5487,5645,5932,6033,7997,8601,8602,
11;0;3106;3289;1;7,8,15,30,60,79,95,139,144,150,152,170,185,202,205,206,225,251,270,289,390,392,394,398,507,569,580,597,631,660,765,791,868,924,964,1011,1049,1050,1051,1052,1053,1054,1057,1058,1059,1117,1234,1258,1424,1463,1475,1497,1529,1551,1552,1553,1555,1556,1557,1587,2230,2273,2407,2966,3129,3264,3539,3599,3600,3601,4259,4272,5331,5487,5645,5932,6033,7997,8601,8602,
11;1;3289;3395;1;7,8,15,30,60,79,88,95,104,139,144,150,152,170,185,202,205,206,225,251,270,276,289,297,390,392,394,398,438,507,569,580,586,597,631,660,765,767,770,791,833,844,862,863,868,924,931,947,949,1049,1050,1051,1052,1054,1057,1117,1424,1463,1519,1520,1529,1587,2407,2491,3531,3638,4259,5331,5456,5487,5656,5774,6022,6441,7583,7585,8022,8095,8303,8304,
181;0;3395;3435;0;4,7,8,15,30,60,79,87,88,89,90,95,104,139,144,150,152,170,185,202,205,206,225,251,270,276,289,297,390,392,394,398,438,507,569,580,586,597,631,660,764,765,767,768,770,791,833,836,858,862,863,949,1046,1049,1050,1051,1052,1054,1057,1117,1214,1424,1463,1515,1516,1518,1519,1520,1521,1522,1526,1527,1528,1529,1587,2407,4259,5331,5487,6022,
169;0;3435;3565;1;4,7,8,15,30,60,79,87,88,89,90,95,104,139,144,150,152,170,185,202,205,206,225,251,270,276,289,297,390,392,394,398,438,507,569,580,764,765,768,770,833,836,858,862,863,944,945,949,1049,1050,1051,1052,1054,1057,1117,1151,1214,1424,1463,1515,1516,1517,1518,1519,1520,1521,1522,1523,1524,1525,1526,1527,1528,1529,1587,2407,4259,5331,5487,6022,
155;0;3565;3723;1;4,8,93,95,97,139,144,145,146,149,245,262,274,276,288,289,304,314,377,379,390,395,396,397,398,401,404,429,644,715,765,831,833,855,898,946,948,1050,1051,1052,1054,1057,1117,1121,1134,1146,1359,1473,1479,1528,1569,1669,1757,1764,1809,1812,1814,1920,2117,2134,2355,2426,2468,2509,2536,2583,2663,3291,3293,3447,3527,3529,4405,4598,4599,4948,4949,5050,5331,5457,
176;0;3723;3778;1;4,8,93,95,97,139,144,145,146,149,245,262,274,276,288,289,304,314,377,379,390,395,396,397,398,401,404,429,644,715,765,831,833,855,898,946,948,1050,1051,1052,1054,1057,1117,1121,1134,1146,1359,1473,1479,1528,1569,1669,1757,1764,1809,1812,1814,1920,2117,2134,2355,2426,2468,2509,2536,2583,2663,3291,3293,3447,3527,3529,4405,4598,4599,4948,4949,5050,5331,5457,
182;0;3778;3865;1;4,8,93,95,97,139,144,145,146,149,245,262,274,276,288,289,304,314,377,379,390,395,396,397,398,401,404,429,644,715,765,831,833,855,898,946,948,1050,1051,1052,1054,1057,1117,1121,1134,1146,1359,1473,1479,1528,1569,1669,1757,1764,1809,1812,1814,1920,2117,2134,2355,2426,2468,2509,2536,2583,2663,3291,3293,3447,3527,3529,4405,4598,4599,4948,4949,5050,5331,5457,
166;0;3865;4005;1;4,8,93,95,97,139,144,145,146,149,245,262,274,276,288,289,304,314,377,379,390,395,396,397,398,401,404,429,644,715,765,831,833,855,898,946,948,1050,1051,1052,1054,1057,1117,1121,1134,1146,1359,1473,1479,1528,1569,1669,1757,1764,1809,1812,1814,1920,2117,2134,2355,2426,2468,2509,2536,2583,2663,3291,3293,3447,3527,3529,4405,4598,4599,4948,4949,5050,5331,5457,
170;0;4005;4126;1;4,8,93,95,97,139,144,145,146,149,245,262,274,276,288,289,304,314,377,379,390,395,396,397,398,401,404,429,644,715,765,831,833,855,898,946,948,1050,1051,1052,1054,1057,1117,1121,1134,1146,1359,1473,1479,1528,1569,1669,1757,1764,1809,1812,1814,1920,2117,2134,2355,2426,2468,2509,2536,2583,2663,3291,3293,3447,3527,3529,4405,4598,4599,4948,4949,5050,5331,5457,
7;0;4126;4355;1;4,8,93,95,97,139,144,145,146,149,245,262,274,276,288,289,304,314,377,379,390,395,396,397,398,401,404,429,644,715,765,831,833,855,898,946,948,1050,1051,1052,1054,1057,1117,1121,1134,1146,1359,1473,1479,1528,1569,1669,1757,1764,1809,1812,1814,1920,2117,2134,2355,2426,2468,2509,2536,2583,2663,3291,3293,3447,3527,3529,4405,4598,4599,4948,4949,5050,5331,5457,
7;1;4355;4453;1;4,8,93,95,97,139,144,145,146,149,245,262,274,276,288,289,304,314,377,379,390,395,396,397,398,401,404,429,644,715,765,831,833,855,898,946,948,1050,1051,1052,1054,1057,1117,1121,1134,1146,1359,1473,1479,1528,1569,1669,1757,1764,1809,1812,1814,1920,2117,2134,2355,2426,2468,2509,2536,2583,2663,3291,3293,3447,3527,3529,4405,4598,4599,4948,4949,5050,5331,5457,
28;0;4453;4622;1;4,8,93,95,97,139,144,145,146,149,245,262,274,276,288,289,304,314,377,379,390,395,396,397,398,401,404,429,644,715,765,831,833,855,898,946,948,1050,1051,1052,1054,1057,1117,1121,1134,1146,1359,1473,1479,1528,1569,1669,1757,1764,1809,1812,1814,1920,2117,2134,2355,2426,2468,2509,2536,2583,2663,3291,3293,3447,3527,3529,4405,4598,4599,4948,4949,5050,5331,5457,
28;1;4622;4716;1;4,95,139,144,145,146,149,262,288,304,314,379,390,396,398,401,429,855,948,1051,1121,1134,1146,1359,1473,1479,1528,1809,2134,2536,3177,3178,3179,3180,3181,3182,3183,3184,3185,3186,3187,3188,3189,3190,3191,3192,3193,3194,3195,3196,3197,3198,3199,3200,3201,3202,3203,3204,3205,3206,3207,3208,3209,3210,3211,3212,3213,3214,3215,3216,3217,3218,3219,3220,3221,3222,3223,3224,3225,3447,
32;0;4716;4814;1;4,95,139,144,145,146,149,262,288,304,314,379,390,391,396,398,401,429,855,948,1051,1121,1134,1146,1359,1361,1401,1473,1477,1479,1528,1809,2109,2134,2536,3121,3177,3178,3179,3180,3181,3182,3183,3184,3185,3186,3187,3188,3189,3190,3191,3192,3193,3194,3195,3196,3197,3198,3199,3200,3201,3202,3203,3204,3205,3206,3207,3208,3209,3210,3211,3212,3213,3214,3215,3216,3217,3218,3447,6181,
32;1;4814;4840;1;4,95,139,144,145,146,149,262,288,304,314,379,390,391,396,398,401,429,591,677,855,948,1051,1121,1134,1146,1359,1361,1401,1473,1477,1479,1528,1809,2109,2134,2536,2627,2628,2645,2692,2777,2778,3121,3177,3178,3179,3180,3181,3182,3183,3184,3185,3186,3187,3188,3189,3190,3191,3192,3193,3194,3207,3209,3210,3214,3447,3516,4603,4605,4759,4760,4761,5229,5230,5231,5232,5233,5234,5235,
65;0;4840;5011;1;4,95,139,144,145,146,149,182,262,288,301,304,314,321,379,390,391,396,398,401,429,591,677,769,854,855,948,1051,1118,1121,1134,1146,1163,1359,1361,1401,1473,1477,1479,1484,1528,1808,1809,2109,2128,2134,2223,2371,2536,2588,2627,2628,2645,2692,2777,2778,3121,3177,3178,3179,3180,3181,3182,3183,3184,3185,3186,3187,3188,3189,3190,3191,3192,3193,3207,3209,3210,3214,4503,4981,
65;1;5011;5116;1;95,137,139,144,146,149,177,181,234,262,267,268,272,286,288,301,302,304,305,306,308,310,313,314,317,321,379,380,391,396,398,401,403,429,442,775,948,1121,1131,1146,1236,1398,1401,1430,1472,1474,1476,1477,1479,1528,1655,1676,1932,2109,2133,2134,2536,2592,2627,2816,2951,3120,3121,3656,4472,4821,4965,5739,6145,6204,7454,8290,8551,8552,8553,8554,8555,8556,8557,8899,
153;0;5116;5276;1;95,137,139,144,146,149,177,181,234,262,267,268,272,286,288,301,302,304,305,306,308,310,313,314,317,321,379,380,391,396,398,401,403,429,442,775,948,1121,1131,1146,1236,1398,1401,1430,1472,1474,1476,1477,1479,1528,1655,1676,1932,2109,2133,2134,2536,2592,2627,2816,2951,3120,3121,3656,4472,4821,4965,5739,6145,6204,7454,8290,8551,8552,8553,8554,8555,8556,8557,8899,
152;0;5276;5329;1;95,137,139,144,146,149,177,181,234,262,267,268,272,286,288,301,302,304,305,306,308,310,313,314,317,321,379,380,391,396,398,401,403,429,442,775,948,1121,1131,1146,1236,1398,1401,1430,1472,1474,1476,1477,1479,1528,1655,1676,1932,2109,2133,2134,2536,2592,2627,2816,2951,3120,3121,3656,4472,4821,4965,5739,6145,6204,7454,8290,8551,8552,8553,8554,8555,8556,8557,8899,
13;0;5329;5409;0;95,137,139,144,146,149,177,181,234,262,267,268,272,286,288,301,302,304,305,306,308,310,313,314,317,321,379,380,391,396,398,401,403,429,442,775,948,1121,1131,1146,1236,1398,1401,1430,1472,1474,1476,1477,1479,1528,1655,1676,1932,2109,2133,2134,2536,2592,2627,2816,2951,3120,3121,3656,4472,4821,4965,5739,6145,6204,7454,8290,8551,8552,8553,8554,8555,8556,8557,8899,
13;1;5409;5453;0;95,137,139,144,146,149,177,181,234,262,267,268,272,286,288,301,302,304,305,306,308,310,313,314,317,321,379,380,391,396,398,401,403,429,442,775,948,1121,1131,1146,1236,1398,1401,1430,1472,1474,1476,1477,1479,1528,1655,1676,1932,2109,2133,2134,2536,2592,2627,2816,2951,3120,3121,3656,4472,4821,4965,5739,6145,6204,7454,8290,8551,8552,8553,8554,8555,8556,8557,8899,
157;0;5453;5461;0;95,137,139,144,146,149,177,181,234,262,267,268,272,286,288,301,302,304,305,306,308,310,313,314,317,321,379,380,391,396,398,401,403,429,442,775,948,1121,1131,1146,1236,1398,1401,1430,1472,1474,1476,1477,1479,1528,1655,1676,1932,2109,2133,2134,2536,2592,2627,2816,2951,3120,3121,3656,4472,4821,4965,5739,6145,6204,7454,8290,8551,8552,8553,8554,8555,8556,8557,8899,
33;0;5461;5779;1;95,137,139,144,146,149,177,181,234,262,267,268,272,286,288,301,302,304,305,306,308,310,313,314,317,321,379,380,391,396,398,401,403,429,442,775,948,1121,1131,1146,1236,1398,1401,1430,1472,1474,1476,1477,1479,1528,1655,1676,1932,2109,2133,2134,2536,2592,2627,2816,2951,3120,3121,3656,4472,4821,4965,5739,6145,6204,7454,8290,8551,8552,8553,8554,8555,8556,8557,8899,
33;1;5779;5940;1;95,137,139,144,146,149,177,181,234,262,267,268,272,286,288,301,302,304,305,306,308,310,313,314,317,321,379,380,391,396,398,401,403,429,442,775,948,1121,1131,1146,1236,1398,1401,1430,1472,1474,1476,1477,1479,1528,1655,1676,1932,2109,2133,2134,2536,2592,2627,2816,2951,3120,3121,3656,4472,4821,4965,5739,6145,6204,7454,8290,8551,8552,8553,8554,8555,8556,8557,8899,
67;0;5940;6110;1;95,137,139,144,146,149,177,181,234,262,267,268,272,286,288,301,302,304,305,306,308,310,313,314,317,321,379,380,391,396,398,401,403,429,442,775,948,1121,1131,1146,1236,1398,1401,1430,1472,1474,1476,1477,1479,1528,1655,1676,1932,2109,2133,2134,2536,2592,2627,2816,2951,3120,3121,3656,4472,4821,4965,5739,6145,6204,7454,8290,8551,8552,8553,8554,8555,8556,8557,8899,
67;1;6110;6203;1;95,137,139,144,146,149,177,181,234,262,267,268,272,286,288,301,302,304,305,306,308,310,313,314,317,321,379,380,391,396,398,401,403,429,442,775,948,1121,1131,1146,1147,1236,1348,1398,1401,1430,1472,1474,1476,1477,1479,1528,1655,2109,2133,2134,2536,2589,2627,2779,2808,3745,4472,5531,5532,7318,7460,7816,7886,8391,8551,8583,8978,8979,8980,8981,8982,8983,8984,8985,
57;0;6203;6470;1;1,3,95,137,139,144,146,149,177,181,231,234,241,262,267,268,272,286,288,301,302,304,305,306,308,310,313,314,317,321,379,380,391,396,398,400,401,403,429,442,640,775,948,1121,1131,1146,1147,1204,1236,1348,1397,1398,1401,1430,1472,1474,1476,1477,1479,1502,1528,1655,1681,1682,2109,2133,2134,2536,2627,2821,3278,4472,4832,5246,5249,5275,5276,5277,8551,8583,
57;1;6470;6575;1;2,7,95,97,126,137,139,144,145,149,177,178,179,184,198,225,231,234,241,262,267,272,277,303,304,305,307,308,311,312,314,316,321,354,355,356,357,379,380,382,383,391,398,400,472,640,933,948,1027,1032,1033,1034,1035,1036,1037,1038,1039,1040,1048,1093,1131,1145,1204,1476,1478,1479,1807,1942,1943,1945,1973,1979,2146,2147,2425,2536,5181,5182,8551,8583,
29;0;6575;6882;1;2,7,95,97,126,137,139,144,145,149,177,178,179,184,198,225,231,234,241,262,267,272,277,303,304,305,307,308,311,312,314,316,321,354,355,356,357,379,380,382,383,391,398,400,472,640,933,948,1027,1032,1033,1034,1035,1036,1037,1038,1039,1040,1048,1093,1131,1145,1204,1476,1478,1479,1807,1942,1943,1945,1973,1979,2146,2147,2425,2536,5181,5182,8551,8583,
29;1;6882;7013;1;2,7,95,97,126,137,139,144,145,149,177,178,179,184,198,225,231,234,241,262,267,272,277,303,304,305,307,308,311,312,314,316,321,354,355,356,357,379,380,382,383,391,398,400,472,640,933,948,1027,1032,1033,1034,1035,1036,1037,1038,1039,1040,1048,1093,1131,1145,1204,1476,1478,1479,1807,1942,1943,1945,1973,1979,2146,2147,2425,2536,5181,5182,8551,8583,
205;0;7013;7032;1;2,7,95,97,126,137,139,144,145,149,177,178,179,184,198,225,231,234,241,262,267,272,277,303,304,305,307,308,311,312,314,316,321,354,355,356,357,379,380,382,383,391,398,400,472,640,933,948,1027,1032,1033,1034,1035,1036,1037,1038,1039,1040,1048,1093,1131,1145,1204,1476,1478,1479,1807,1942,1943,1945,1973,1979,2146,2147,2425,2536,5181,5182,8551,8583,
6;0;7032;7228;1;2,7,95,97,126,137,139,144,145,149,177,178,179,184,198,225,231,234,241,262,267,272,277,303,304,305,307,308,311,312,314,316,321,354,355,356,357,379,380,382,383,391,398,400,472,640,933,948,1027,1032,1033,1034,1035,1036,1037,1038,1039,1040,1048,1093,1131,1145,1204,1476,1478,1479,1807,1942,1943,1945,1973,1979,2146,2147,2425,2536,5181,5182,8551,8583,
6;1;7228;7250;1;2,7,95,97,126,137,139,144,145,149,177,178,179,184,198,225,231,234,241,262,267,272,277,303,304,305,307,308,311,312,314,316,321,354,355,356,357,379,380,382,383,391,398,400,472,640,933,948,1027,1032,1033,1034,1035,1036,1037,1038,1039,1040,1048,1093,1131,1145,1204,1476,1478,1479,1807,1942,1943,1945,1973,1979,2146,2147,2425,2536,5181,5182,8551,8583,
207;0;7250;7299;1;2,7,95,97,126,137,139,144,145,149,177,178,179,184,198,225,231,234,241,262,267,272,277,303,304,305,307,308,311,312,314,316,321,354,355,356,357,379,380,382,383,391,398,400,472,640,933,948,1027,1032,1033,1034,1035,1036,1037,1038,1039,1040,1048,1093,1131,1145,1204,1476,1478,1479,1807,1942,1943,1945,1973,1979,2146,2147,2425,2536,5181,5182,8551,8583,
167;0;7299;7420;1;2,7,95,97,100,126,137,139,144,145,149,177,178,179,184,198,225,231,234,241,262,267,272,277,289,291,303,304,305,307,308,311,312,314,316,321,354,355,356,357,379,380,382,391,398,400,640,666,677,694,715,765,836,948,1204,1476,1478,1481,1482,1483,1973,2052,2106,2147,2225,2318,2461,2475,2626,2628,2661,2678,2679,2903,5525,5722,6022,6114,8551,8583,
178;0;7420;7489;1;2,7,30,95,97,100,126,137,139,144,145,149,177,178,179,184,198,225,231,234,241,262,267,272,277,289,291,303,304,305,307,308,312,314,321,391,398,400,415,484,640,677,715,753,765,836,948,995,1160,1204,1463,1476,1478,1481,1657,1719,1935,1973,2147,2461,2475,2626,2628,2661,2679,2903,2941,3336,3627,4225,4510,5435,5487,5488,5489,5525,5722,6022,8551,8583,
206;0;7489;7541;1;2,7,30,95,97,100,126,137,139,144,145,149,177,178,179,184,198,225,231,234,241,262,267,272,277,289,291,303,304,305,307,308,312,314,321,391,398,400,415,484,640,677,715,753,765,836,948,995,1160,1204,1463,1476,1478,1481,1657,1719,1935,1973,2147,2461,2475,2626,2628,2661,2679,2903,2941,3336,3627,4225,4510,5435,5487,5488,5489,5525,5722,6022,8551,8583,
27;0;7541;7676;1;2,7,30,95,97,100,126,137,139,144,145,149,177,178,179,184,198,225,231,234,241,262,267,272,277,289,291,303,304,305,307,308,312,314,321,391,398,400,415,484,640,677,715,753,765,836,948,995,1160,1204,1463,1476,1478,1481,1935,1973,2147,2461,2475,2626,2628,2661,2679,2903,2941,4802,5525,5722,5869,6022,6352,7254,7255,7256,7257,7258,7259,7260,8551,8583,
27;1;7676;7717;1;30,118,144,277,400,415,617,618,620,640,715,827,836,1096,1097,1098,1204,1310,1315,1412,1413,1414,1415,1481,1877,1879,1935,2147,2271,2348,2461,2576,2578,2626,2628,2661,2679,2903,2941,3572,3573,3574,4083,4084,4130,4755,4922,5525,5585,5714,5722,5825,5869,6022,6030,6564,6589,6772,6966,7818,7865,7904,7905,7906,7907,7908,7909,7910,7911,7912,7913,7914,7915,7916,7917,7918,7919,7920,8551,8583,
197;0;7717;7769;1;30,118,144,277,343,400,415,617,618,620,640,715,827,836,1043,1051,1096,1097,1098,1204,1310,1315,1412,1413,1414,1415,1481,1877,1879,1935,2147,2271,2348,2461,2466,2576,2578,2626,2628,2661,2679,2903,2941,3572,3573,3574,4083,4084,4130,4259,4365,4755,4922,5525,5585,5637,5714,5722,5795,5825,5869,6022,6030,6225,6369,6370,6371,6372,6373,6374,6564,6589,6772,6966,7818,7865,7904,7905,8551,8583,
4;0;7769;8046;1;26,55,68,156,205,208,251,374,412,415,419,474,487,553,554,655,794,1282,1419,1423,1425,1445,1481,1512,1587,1707,1935,2018,2177,2512,2884,2941,3070,3345,3577,3578,3579,3610,3808,3988,4462,4745,4746,5376,5378,5381,5382,5383,6015,6216,6219,6220,6225,6706,7333,7334,7335,7336,7337,7370,7371,8551,8559,9049,9050,9051,9052,9053,9054,9055,9056,9057,9058,9059,9060,9061,9062,9063,9064,9202,
4;1;8046;8159;1;26,55,68,156,205,208,251,374,412,415,419,474,487,553,554,655,794,1282,1419,1423,1425,1445,1481,1512,1587,1707,1935,2018,2177,2512,2884,2941,3070,3345,3577,3578,3579,3610,3808,3988,4462,4745,4746,5376,5378,5381,5382,5383,6015,6216,6219,6220,6225,6706,7333,7334,7335,7336,7337,7370,7371,8551,8559,9049,9050,9051,9052,9053,9054,9055,9056,9057,9058,9059,9060,9061,9062,9063,9064,9202,
163;0;8159;8316;1;26,55,68,156,205,208,251,374,412,415,419,474,487,553,554,655,794,1282,1419,1423,1425,1445,1481,1512,1587,1707,1935,2018,2177,2512,2884,2941,3070,3345,3577,3578,3579,3610,3808,3988,4462,4745,4746,5376,5378,5381,5382,5383,6015,6216,6219,6220,6225,6706,7333,7334,7335,7336,7337,7370,7371,8551,8559,9049,9050,9051,9052,9053,9054,9055,9056,9057,9058,9059,9060,9061,9062,9063,9064,9202,
173;0;8316;8470;1;26,55,68,156,205,208,251,374,412,415,419,474,487,553,554,655,794,1282,1419,1423,1425,1445,1481,1512,1587,1707,1935,2018,2177,2512,2884,2941,3070,3345,3577,3578,3579,3610,3808,3988,4462,4745,4746,5376,5378,5381,5382,5383,6015,6216,6219,6220,6225,6706,7333,7334,7335,7336,7337,7370,7371,8551,8559,9049,9050,9051,9052,9053,9054,9055,9056,9057,9058,9059,9060,9061,9062,9063,9064,9202,
156;0;8470;8489;1;26,55,68,156,205,208,251,374,412,415,419,474,487,553,554,655,794,1282,1419,1423,1425,1445,1481,1512,1587,1707,1935,2018,2177,2512,2884,2941,3070,3345,3577,3578,3579,3610,3808,3988,4462,4745,4746,5376,5378,5381,5382,5383,6015,6216,6219,6220,6225,6706,7333,7334,7335,7336,7337,7370,7371,8551,8559,9049,9050,9051,9052,9053,9054,9055,9056,9057,9058,9059,9060,9061,9062,9063,9064,9202,
194;0;8489;8567;1;26,55,68,156,205,208,251,374,412,415,419,474,487,553,554,655,794,1282,1419,1423,1425,1445,1481,1512,1587,1707,1935,2018,2177,2512,2884,2941,3070,3345,3577,3578,3579,3610,3808,3988,4462,4745,4746,5376,5378,5381,5382,5383,6015,6216,6219,6220,6225,6706,7333,7334,7335,7336,7337,7370,7371,8551,8559,9049,9050,9051,9052,9053,9054,9055,9056,9057,9058,9059,9060,9061,9062,9063,9064,9202,
171;0;8567;8627;1;26,55,68,156,205,208,251,374,412,415,419,474,487,553,554,655,794,1282,1419,1423,1425,1445,1481,1512,1587,1707,1935,2018,2177,2512,2884,2941,3070,3345,3577,3578,3579,3610,3808,3988,4462,4745,4746,5376,5378,5381,5382,5383,6015,6216,6219,6220,6225,6706,7333,7334,7335,7336,7337,7370,7371,8551,8559,9049,9050,9051,9052,9053,9054,9055,9056,9057,9058,9059,9060,9061,9062,9063,9064,9202,
END
fineshedJobsCount: 146
switchs: 1384
switchsInstances: 42
unfineshedPriorityCount: 23
totalUnfineshed: 66
Final Solution: 1886
Time: 414483
PTL: 521
MCMC: 442
Best Initial: -739
Mean Initial: -1007.82
