./input/MyInstancesDiferentToolSets/n=399,p=0.50,r=0.5,t=598,v0.csv;./input/Processed/ToolSetInt.csv
11;720;1440
Machine: 0
88;1;0;4;1;24,26,27,44,46,55,60,137,144,145,170,177,218,225,277,295,302,305,308,314,322,379,429,442,518,528,581,595,787,790,957,995,1143,1268,1277,1279,1287,1288,1293,1294,1295,1322,1478,1565,1589,1716,1980,2034,2035,2036,2080,2197,2259,2315,2326,2394,2567,2796,3284,3292,3607,3609,3829,4003,4103,4114,4167,4168,4169,4170,4172,4472,4816,6957,7029,7071,7072,7073,8412,8861,
26;1;4;114;0;24,26,27,44,46,55,60,137,144,145,170,177,218,225,277,295,302,305,308,314,322,379,429,442,518,528,581,595,787,790,957,995,1143,1268,1277,1279,1287,1288,1293,1294,1295,1322,1478,1565,1589,1716,1980,2034,2035,2036,2080,2197,2259,2315,2326,2394,2567,2796,3284,3292,3607,3609,3829,4003,4103,4114,4167,4168,4169,4170,4172,4472,4816,6957,7029,7071,7072,7073,8412,8861,
68;0;114;202;0;24,26,27,44,46,55,60,137,144,145,170,177,218,225,277,295,302,305,308,314,322,379,429,442,518,528,581,595,787,790,957,995,1143,1268,1277,1279,1287,1288,1293,1294,1295,1322,1478,1565,1589,1716,1980,2034,2035,2036,2080,2197,2259,2315,2326,2394,2567,2796,3284,3292,3607,3609,3829,4003,4103,4114,4167,4168,4169,4170,4172,4472,4816,6957,7029,7071,7072,7073,8412,8861,
98;1;202;207;1;24,26,27,44,46,55,60,137,144,145,170,177,218,225,277,295,302,305,308,314,322,379,429,442,518,528,581,595,787,790,957,995,1143,1268,1277,1279,1287,1288,1293,1294,1295,1322,1478,1565,1589,1716,1980,2034,2035,2036,2080,2197,2259,2315,2326,2394,2567,2796,3284,3292,3607,3609,3829,4003,4103,4114,4167,4168,4169,4170,4172,4472,4816,6957,7029,7071,7072,7073,8412,8861,
345;0;207;215;1;24,26,27,44,46,55,60,137,144,145,170,177,218,225,277,295,302,305,308,314,322,379,429,442,518,528,581,595,787,790,957,995,1143,1268,1277,1279,1287,1288,1293,1294,1295,1322,1478,1565,1589,1716,1980,2034,2035,2036,2080,2197,2259,2315,2326,2394,2567,2796,3284,3292,3607,3609,3829,4003,4103,4114,4167,4168,4169,4170,4172,4472,4816,6957,7029,7071,7072,7073,8412,8861,
99;0;215;547;0;24,26,27,44,46,55,60,137,144,145,170,177,218,225,277,295,302,305,308,314,322,379,429,442,518,528,581,595,787,790,957,995,1143,1268,1277,1279,1287,1288,1293,1294,1295,1322,1478,1565,1589,1716,1980,2034,2035,2036,2080,2197,2259,2315,2326,2394,2567,2796,3284,3292,3607,3609,3829,4003,4103,4114,4167,4168,4169,4170,4172,4472,4816,6957,7029,7071,7072,7073,8412,8861,
5;0;547;860;0;24,26,27,44,46,55,60,137,144,145,170,177,181,218,225,277,288,295,302,305,308,313,314,322,379,403,429,442,518,528,581,595,787,790,957,995,1143,1268,1277,1279,1287,1288,1293,1294,1295,1322,1430,1472,1474,1478,1565,1589,1676,1716,1922,1932,1933,1980,2034,2036,2197,2315,2394,2567,3121,3130,3284,3292,3609,4003,4103,4114,4167,4168,4169,4170,4172,4472,4816,6957,
105;0;860;1141;0;24,26,27,44,46,55,60,137,144,145,170,177,181,218,225,277,288,295,302,305,308,313,314,322,379,403,429,442,518,528,581,595,787,790,957,995,1143,1268,1277,1279,1287,1288,1293,1294,1295,1322,1430,1472,1474,1478,1565,1589,1676,1716,1922,1932,1933,1980,2034,2036,2197,2315,2394,2567,3121,3130,3284,3292,3609,4003,4103,4114,4167,4168,4169,4170,4172,4472,4816,6957,
132;0;1141;1414;0;24,26,27,44,46,55,60,137,144,145,170,177,181,218,225,277,288,295,302,305,308,313,314,322,379,403,429,442,518,528,581,595,787,790,957,995,1143,1268,1277,1279,1287,1288,1293,1294,1295,1322,1430,1472,1474,1478,1565,1589,1676,1716,1922,1932,1933,1980,2034,2036,2197,2315,2394,2567,3121,3130,3284,3292,3609,4003,4103,4114,4167,4168,4169,4170,4172,4472,4816,6957,
107;0;1414;1673;0;24,26,27,44,46,55,60,137,144,145,170,177,181,218,225,277,288,295,302,305,308,313,314,322,379,403,429,442,518,528,581,595,787,790,957,995,1143,1268,1277,1279,1287,1288,1293,1294,1295,1322,1430,1472,1474,1478,1565,1589,1676,1716,1922,1932,1933,1980,2034,2036,2197,2315,2394,2567,3121,3130,3284,3292,3609,4003,4103,4114,4167,4168,4169,4170,4172,4472,4816,6957,
83;0;1673;1930;0;24,26,27,44,46,55,60,137,144,145,170,177,181,218,225,277,288,295,302,305,308,313,314,322,379,403,429,442,518,528,581,595,787,790,957,995,1143,1268,1277,1279,1287,1288,1293,1294,1295,1322,1430,1472,1474,1478,1565,1589,1676,1716,1922,1932,1933,1980,2034,2036,2197,2315,2394,2567,3121,3130,3284,3292,3609,4003,4103,4114,4167,4168,4169,4170,4172,4472,6957,9158,
22;0;1930;2179;0;95,142,144,145,225,241,274,277,289,290,293,297,314,329,390,398,400,429,644,647,772,823,824,931,1117,1118,1198,1293,1468,1474,1813,1922,2223,2318,2353,2354,2391,2573,2600,2628,2645,2696,2770,2774,2775,2777,2778,2816,3019,3174,3263,4567,4604,4605,4606,4739,4740,4771,4802,4855,4946,5230,5299,5329,5523,5594,5633,7055,7425,7426,7427,7428,7429,7430,8569,9121,9123,9124,9144,9145,
71;0;2179;2423;0;95,142,144,145,225,241,274,277,289,290,293,297,314,329,390,398,400,429,644,647,772,823,824,931,1117,1118,1198,1293,1468,1474,1813,1922,2223,2318,2353,2354,2391,2573,2600,2628,2645,2696,2770,2774,2775,2777,2778,2816,3019,3174,3263,4567,4604,4605,4606,4739,4740,4771,4802,4855,4946,5230,5299,5329,5523,5594,5633,7055,7425,7426,7427,7428,7429,7430,8569,9121,9123,9124,9144,9145,
27;0;2423;2666;0;95,142,144,145,225,241,274,277,289,290,293,297,314,329,390,398,400,429,644,647,772,823,824,931,1117,1118,1198,1293,1468,1474,1813,1922,2223,2318,2353,2354,2391,2573,2600,2628,2645,2696,2770,2774,2775,2777,2778,2816,3019,3174,3263,4567,4604,4605,4606,4739,4740,4771,4802,4855,4946,5230,5299,5329,5523,5594,5633,7055,7425,7426,7427,7428,7429,7430,8569,9121,9123,9124,9144,9145,
62;0;2666;2906;0;95,142,144,145,225,241,274,277,289,290,293,297,314,329,390,398,400,429,644,647,772,823,824,931,1117,1118,1198,1293,1468,1474,1813,1922,2223,2318,2353,2354,2391,2573,2600,2628,2645,2696,2770,2774,2775,2777,2778,2816,3019,3174,3263,4567,4604,4605,4606,4739,4740,4771,4802,4855,4946,5230,5299,5329,5523,5594,5633,7055,7425,7426,7427,7428,7429,7430,8569,9121,9123,9124,9144,9145,
125;0;2906;3129;0;95,142,144,145,225,241,274,277,289,290,293,297,314,329,390,398,400,429,644,647,772,823,824,931,1117,1118,1198,1293,1468,1474,1813,1922,2223,2318,2353,2354,2391,2573,2600,2628,2645,2696,2770,2774,2775,2777,2778,2816,3019,3174,3263,4567,4604,4605,4606,4739,4740,4771,4802,4855,4946,5230,5299,5329,5523,5594,5633,7055,7425,7426,7427,7428,7429,7430,8569,9121,9123,9124,9155,9156,
32;0;3129;3341;0;95,142,144,145,206,225,241,274,277,289,290,293,297,314,329,390,398,400,429,519,644,647,772,823,824,931,1117,1118,1198,1293,1468,1474,1813,1922,2223,2318,2353,2354,2391,2573,2600,2628,2645,2696,2770,2774,2775,2777,2778,2816,2983,3019,3174,3263,3615,3861,4334,4567,4604,4605,4606,4739,4740,4771,4802,4855,4946,5230,5299,5329,5523,5594,5633,7055,7397,7399,7425,7426,7427,7469,
128;0;3341;3548;0;4,95,142,144,145,206,225,241,274,277,289,290,293,297,314,329,390,398,400,429,519,644,647,698,772,823,824,841,843,931,1070,1117,1118,1198,1293,1447,1468,1474,1813,1922,2223,2318,2353,2354,2391,2573,2600,2628,2645,2696,2770,2774,2775,2777,2778,2816,2949,2950,2951,2952,2953,2954,2955,2956,2983,3019,3174,3263,3615,3861,4334,4567,4604,4605,4606,4739,4740,5230,7397,7399,
30;0;3548;3746;0;4,61,95,142,144,145,146,150,196,206,225,241,274,277,291,314,329,374,377,390,398,400,429,516,591,644,647,677,764,766,841,843,1047,1054,1117,1118,1120,1124,1157,1196,1293,1425,1468,1474,1735,1736,1763,1922,1988,2223,2318,2354,2412,2413,2414,2498,2626,2645,2661,2774,2775,2777,2778,2898,2951,3263,3577,3578,3579,3608,4567,4604,4605,4606,4740,4834,5230,5257,5511,5512,
114;0;3746;3940;0;4,61,95,142,144,145,146,150,196,206,225,241,274,277,291,314,329,374,377,390,398,400,429,516,591,644,647,677,764,766,841,843,1047,1054,1117,1118,1120,1124,1157,1196,1293,1425,1468,1474,1735,1736,1763,1922,1988,2223,2318,2354,2412,2413,2414,2498,2626,2645,2661,2774,2775,2777,2778,2898,2951,3263,3577,3578,3579,3608,4567,4604,4605,4606,4740,4834,5230,5257,5511,5512,
75;0;3940;4133;0;4,61,95,142,144,145,146,150,196,206,225,241,274,277,291,314,329,374,377,390,398,400,429,516,591,644,647,677,764,766,841,843,1047,1054,1117,1118,1120,1124,1157,1196,1293,1425,1468,1474,1735,1736,1763,1922,1988,2223,2318,2354,2412,2413,2414,2498,2626,2645,2661,2774,2775,2777,2778,2898,2951,3263,3577,3578,3579,3608,4567,4604,4605,4606,4740,4834,5230,5257,5511,5512,
123;0;4133;4321;0;4,61,95,142,144,145,146,150,196,206,225,241,274,277,291,314,329,374,377,390,398,400,429,516,591,644,647,677,764,766,841,843,1047,1054,1117,1118,1120,1124,1157,1196,1293,1425,1468,1474,1735,1736,1763,1922,1988,2223,2318,2354,2412,2413,2414,2498,2626,2645,2661,2774,2775,2777,2778,2898,2951,3263,3577,3578,3579,3608,4567,4604,4605,4606,4740,4834,5230,5257,5511,5512,
66;0;4321;4502;0;4,61,95,139,142,144,145,146,150,196,206,225,241,274,277,291,296,314,329,374,377,390,398,400,404,429,516,591,640,644,647,677,764,766,841,843,948,1047,1054,1093,1117,1118,1120,1124,1157,1196,1293,1425,1468,1474,1735,1736,1763,1922,1973,1988,2223,2318,2354,2413,2498,2626,2645,2661,2774,2775,2777,2778,2898,2951,3263,3577,3711,4553,4567,4604,4605,4606,4740,5511,
63;0;4502;4680;0;4,61,95,139,142,144,145,146,150,196,206,225,241,274,277,291,296,314,329,374,377,390,398,400,401,402,404,429,591,640,644,645,647,677,766,841,948,1054,1057,1093,1117,1118,1124,1146,1196,1293,1425,1468,1474,1475,1763,1922,1933,1973,2103,2104,2108,2223,2318,2354,2413,2498,2626,2645,2661,2774,2775,2777,2778,2898,2951,3263,3577,4553,4567,4604,4605,4606,4740,5511,
299;0;4680;4855;0;4,26,61,95,139,142,144,145,146,196,206,225,241,248,277,291,314,329,377,390,398,400,404,429,528,640,644,647,677,754,766,841,948,1054,1057,1093,1117,1118,1124,1146,1196,1277,1288,1292,1293,1294,1468,1474,1763,1777,1922,1973,2223,2318,2354,2408,2409,2413,2419,2498,2645,2661,2774,2775,2777,2778,2951,3263,3577,4553,4567,4604,4605,4606,4740,5511,6957,7035,7060,7061,
311;0;4855;5029;0;4,26,61,95,139,142,144,145,146,196,206,225,233,241,248,277,291,314,329,377,390,398,400,404,429,528,640,644,647,677,766,841,948,1054,1057,1093,1117,1118,1124,1146,1196,1277,1288,1292,1293,1468,1474,1478,1479,1679,1763,1777,1803,1922,1973,2223,2318,2354,2413,2455,2498,2645,2661,2774,2775,2777,2778,2951,3263,3577,4553,4567,4604,4605,4606,4740,4934,5511,5679,5680,
273;0;5029;5202;0;24,61,93,94,100,117,139,144,145,233,241,249,277,292,314,377,404,429,640,647,655,662,715,766,841,848,1093,1117,1118,1288,1293,1468,1474,1478,1479,1481,1516,1527,1529,2052,2091,2223,2318,2413,2512,2661,2678,2679,2682,3291,3577,4608,4962,5080,5392,5511,5525,5713,5984,5992,6137,6360,6400,6585,6597,7138,7217,7296,7299,7319,7478,8040,8415,9076,9077,9078,9079,9080,9081,9082,
294;0;5202;5375;0;24,61,93,94,100,117,139,144,145,233,241,249,277,292,314,377,404,429,640,647,655,662,715,766,841,848,1093,1117,1118,1288,1293,1468,1474,1478,1479,1481,1516,1527,1529,2052,2091,2223,2318,2413,2512,2661,2678,2679,2682,3291,3577,4608,4962,5080,5392,5511,5525,5713,5984,5992,6137,6360,6400,6585,6597,7138,7217,7296,7299,7319,7478,8040,8415,9076,9077,9078,9079,9080,9081,9082,
314;0;5375;5546;0;24,61,93,94,100,117,139,144,145,233,241,249,277,292,314,377,404,429,640,647,655,662,715,766,841,848,1093,1117,1118,1288,1293,1468,1474,1478,1479,1481,1516,1527,1529,2052,2091,2223,2318,2413,2512,2661,2678,2679,2682,3291,3577,4608,4962,5080,5392,5511,5525,5713,5984,5992,6137,6360,6400,6585,6597,7138,7217,7296,7299,7319,7478,8040,8415,9076,9077,9078,9079,9080,9081,9082,
114;1;5546;5711;0;24,61,93,94,100,117,139,144,145,233,241,249,277,292,314,377,404,429,640,647,655,662,715,766,841,848,1093,1117,1118,1288,1293,1468,1474,1478,1479,1481,1516,1527,1529,2052,2091,2223,2318,2413,2512,2661,2678,2679,2682,3291,3577,4608,4962,5080,5392,5511,5525,5713,5984,5992,6137,6360,6400,6585,6597,7138,7217,7296,7299,7319,7478,8040,8415,9076,9077,9078,9079,9080,9081,9082,
23;0;5760;5924;0;18,21,24,25,37,38,42,45,46,50,52,61,93,94,100,117,139,144,145,233,241,249,277,292,314,377,404,429,502,622,640,647,655,662,715,766,778,814,841,848,977,1006,1007,1011,1093,1117,1118,1288,1293,1305,1390,1427,1468,1474,1478,1479,1481,1529,2091,2223,2413,2512,2661,2678,2679,3125,3291,3577,4917,4918,5525,5984,5992,6360,7138,7217,7299,7796,7797,7798,
394;0;5924;6088;0;18,21,24,25,37,38,42,45,46,50,52,61,93,94,100,117,139,144,145,233,241,249,277,292,314,377,404,429,502,622,640,647,655,662,715,766,778,814,841,848,977,1006,1007,1011,1093,1117,1118,1288,1293,1305,1390,1427,1468,1474,1478,1479,1481,1529,2091,2223,2413,2512,2661,2678,2679,2851,2852,2853,2854,2855,3125,3291,3577,5525,5984,5992,6360,7138,7217,7299,
75;1;6088;6251;0;18,21,24,25,37,38,42,45,46,50,52,61,93,94,100,117,139,144,145,233,241,249,277,292,314,377,404,429,502,622,640,647,655,662,715,766,778,814,841,848,977,1006,1007,1011,1093,1117,1118,1288,1293,1305,1339,1390,1427,1468,1474,1478,1479,1481,1529,2091,2223,2413,2512,2661,2678,2679,2851,2852,2853,2854,2855,3291,3577,5525,5984,5992,6360,7138,7217,7299,
5;1;6251;6412;0;18,21,24,25,37,38,42,45,46,50,52,61,93,94,100,117,139,144,145,149,231,233,241,249,277,292,314,321,377,391,404,429,502,622,640,647,655,662,715,766,778,814,841,848,855,977,1006,1007,1011,1093,1117,1118,1288,1293,1305,1339,1390,1427,1468,1474,1478,1479,1481,1529,2091,2223,2413,2512,2661,2678,2679,3291,3577,5525,5984,5992,6360,7138,7217,7299,
304;0;6412;6572;0;55,60,61,89,100,117,139,144,149,205,231,277,314,321,377,391,404,529,634,640,659,765,766,778,841,851,932,1043,1093,1118,1147,1270,1279,1282,1284,1285,1287,1288,1289,1290,1293,1479,1529,1605,1876,1915,1943,1999,2157,2265,2376,2407,2516,2627,2647,3345,3349,3402,3635,3855,4217,4369,4373,4655,4734,5107,5502,5540,7009,7999,8354,8355,9175,9179,9185,9187,9188,9189,9190,9191,
105;1;6572;6732;0;55,60,61,89,100,117,139,144,149,205,231,277,314,321,377,391,404,529,634,640,659,765,766,778,841,851,932,1043,1093,1118,1147,1270,1279,1282,1284,1285,1287,1288,1289,1290,1293,1479,1529,1605,1876,1915,1943,1999,2157,2265,2376,2407,2516,2627,2647,3345,3349,3402,3635,3855,4217,4369,4373,4655,4734,5107,5502,5540,7009,7999,8354,8355,9175,9179,9185,9187,9188,9189,9190,9191,
123;1;6732;6890;0;55,60,61,89,100,117,139,144,149,205,231,277,314,321,377,391,404,529,634,640,659,765,766,778,841,851,932,1043,1093,1118,1147,1270,1279,1282,1284,1285,1287,1288,1289,1290,1293,1479,1529,1605,1876,1915,1943,1999,2157,2265,2376,2407,2516,2627,2647,3345,3349,3402,3635,3855,4217,4369,4373,4655,4734,5107,5502,5540,7009,7999,8354,8355,9175,9179,9185,9187,9188,9189,9190,9191,
365;0;7200;7356;0;55,60,61,89,100,117,139,144,149,205,231,276,277,314,321,377,391,404,529,634,640,659,765,766,778,841,851,932,1043,1093,1118,1121,1147,1171,1270,1279,1282,1284,1285,1287,1288,1289,1290,1293,1472,1479,1529,1605,1675,1814,1876,1915,1943,1999,2157,2265,2376,2407,2516,2627,2647,3345,3915,3916,3917,3918,3919,3920,3921,3922,3923,3924,3925,3926,3927,3928,4217,4373,7009,8354,
54;1;7356;7510;0;55,60,61,89,100,117,139,144,149,205,231,262,276,277,314,321,377,391,396,397,404,529,634,640,659,765,766,778,841,851,932,1043,1093,1118,1121,1147,1171,1270,1279,1282,1284,1285,1287,1288,1289,1290,1293,1468,1472,1476,1479,1529,1605,1675,1814,1876,1915,1943,1999,2157,2223,2265,2376,2407,2516,2627,2647,3345,3915,3916,3917,3918,3919,3920,3925,4093,4217,4373,7009,8354,
77;1;7510;7662;0;55,60,61,89,100,117,139,144,149,205,231,262,276,277,314,321,377,391,396,397,404,529,634,640,659,765,766,778,841,851,932,1043,1093,1118,1121,1147,1171,1270,1279,1282,1284,1285,1287,1288,1289,1290,1293,1468,1472,1476,1479,1529,1605,1675,1814,1876,1915,1943,1999,2157,2223,2265,2376,2407,2516,2627,2647,3345,3915,3916,3917,3918,3920,3925,4093,4217,4373,7009,7513,8354,
327;0;7662;7812;0;55,60,61,97,100,117,139,144,149,205,225,231,234,262,268,272,273,276,277,286,287,291,302,310,314,321,351,377,391,395,396,397,404,529,640,765,851,1093,1118,1121,1147,1171,1236,1270,1279,1282,1284,1285,1287,1288,1289,1290,1293,1472,1476,1479,1605,1624,1740,1814,1915,2157,2223,2225,2265,2376,2407,2627,2695,3345,3698,3793,3915,3920,4093,4217,7009,7033,7034,8354,
344;0;7812;7961;0;5,24,28,46,95,117,137,206,288,292,308,329,390,395,396,404,644,773,838,849,854,891,946,948,979,1053,1145,1146,1148,1149,1150,1151,1270,1288,1290,1561,1605,1674,2091,2157,2305,2586,2645,2774,2775,2776,2777,2778,3006,3259,3263,3435,3482,3796,3808,3900,3906,4273,4274,4275,4370,4605,4606,4612,4759,4760,5082,5305,5499,5984,6340,7299,7837,8007,8011,8012,8170,8171,8322,8566,
46;0;7961;8110;0;5,24,28,46,95,117,137,206,288,292,308,329,390,395,396,404,644,773,838,849,854,891,946,948,979,1053,1145,1146,1148,1149,1150,1151,1270,1288,1290,1561,1605,1674,2091,2157,2305,2586,2645,2774,2775,2776,2777,2778,3006,3259,3263,3435,3482,3796,3808,3900,3906,4273,4274,4275,4370,4605,4606,4612,4759,4760,5082,5305,5499,5984,6340,7299,7837,8007,8011,8012,8170,8171,8322,8566,
30;1;8110;8258;0;5,24,28,46,95,117,137,206,288,292,308,329,390,395,396,404,644,773,838,849,854,891,946,948,979,1053,1145,1146,1148,1149,1150,1151,1270,1288,1290,1561,1605,1674,2091,2157,2305,2586,2645,2774,2775,2776,2777,2778,3006,3259,3263,3435,3482,3796,3808,3900,3906,4273,4274,4275,4370,4605,4606,4612,4759,4760,5082,5305,5499,5984,6340,7299,7837,8007,8011,8012,8170,8171,8322,8566,
27;1;8258;8405;0;5,24,28,46,95,117,137,206,288,292,308,329,390,395,396,404,644,773,838,849,854,891,946,948,979,1053,1145,1146,1148,1149,1150,1151,1270,1288,1290,1561,1605,1674,2091,2157,2305,2586,2645,2774,2775,2776,2777,2778,3006,3259,3263,3435,3482,3796,3808,3900,3906,4273,4274,4275,4370,4605,4606,4612,4759,4760,5082,5305,5499,5984,6340,7299,7837,8007,8011,8012,8170,8171,8322,8566,
55;1;8405;8552;0;5,24,28,46,95,117,137,206,288,292,308,329,390,395,396,404,644,773,838,849,854,891,946,948,979,1053,1145,1146,1148,1149,1150,1151,1270,1288,1290,1561,1605,1674,2091,2157,2305,2586,2645,2774,2775,2776,2777,2778,3006,3259,3263,3435,3482,3796,3808,3900,3906,4273,4274,4275,4370,4605,4606,4612,4759,4760,5082,5305,5499,5984,6340,7299,7837,8007,8011,8012,8170,8171,8322,8566,
79;1;8640;8783;0;5,24,27,28,46,76,95,117,137,191,206,288,292,308,329,390,395,396,404,408,415,460,503,644,724,773,838,849,854,891,946,948,979,1053,1145,1146,1148,1149,1150,1151,1270,1288,1290,1561,1605,1674,2074,2091,2157,2305,2586,2645,2774,2775,2776,2777,2778,3006,3259,3263,3435,3482,3796,3808,3900,3906,4273,4274,4275,4370,4605,4606,4612,4991,5499,5600,5984,7837,8170,8171,
393;0;8783;8925;0;5,24,27,28,46,76,95,117,137,191,206,288,292,308,329,390,395,396,404,408,415,460,503,644,724,773,838,849,854,861,891,946,948,979,1053,1145,1146,1148,1149,1150,1151,1270,1288,1290,1561,1605,1674,2074,2091,2157,2305,2586,2645,2774,2775,2777,2778,2802,3263,3281,3435,4605,4606,4894,5053,5499,5984,6401,6783,7837,7882,8165,8166,8167,8168,8169,8170,8171,8172,8173,
15;0;8925;9066;0;5,24,27,28,46,76,95,117,137,191,206,288,292,308,329,390,395,396,404,408,415,460,503,644,724,773,838,849,854,861,891,946,948,979,1053,1145,1146,1148,1149,1150,1151,1270,1288,1290,1561,1605,1674,2074,2091,2157,2305,2586,2645,2774,2775,2777,2778,2802,3263,3281,3435,3472,3473,4605,4606,4894,5053,5499,5952,5984,6042,6043,6401,6783,7837,7882,8165,8166,8170,8171,
25;0;9066;9206;0;5,24,27,28,46,76,95,117,137,191,206,288,292,308,329,390,395,396,404,408,415,460,503,644,724,773,838,849,854,861,891,946,948,979,1053,1145,1146,1148,1149,1150,1151,1270,1288,1290,1561,1605,1674,2074,2091,2157,2305,2586,2645,2774,2775,2777,2778,2802,3263,3281,3435,3472,3473,4605,4606,4894,5053,5499,5952,5984,6042,6401,7882,8165,8166,8170,8171,8453,8454,8455,
7;0;9206;9339;0;5,15,24,27,28,46,76,95,117,137,186,189,191,206,288,292,308,329,390,395,396,404,408,415,460,503,644,662,724,773,838,849,854,861,891,946,948,979,1053,1088,1145,1146,1148,1149,1151,1270,1288,1290,1550,1561,1580,1605,1674,2074,2091,2157,2305,2555,2645,2774,2775,2777,2778,3022,3127,3263,3435,3473,3627,4605,4606,5053,5499,5984,6401,7882,8165,8166,8170,8171,
28;0;9339;9469;0;4,5,7,8,17,27,62,95,152,186,188,189,202,206,266,288,390,392,394,398,404,490,794,833,838,854,872,987,1048,1049,1050,1051,1053,1054,1055,1057,1058,1059,1060,1145,1146,1196,1228,1229,1270,1288,1290,1470,1605,1633,1669,1973,1992,2134,2355,2388,2413,2425,2645,2936,2937,2941,3005,3070,3348,3361,3705,3877,4280,4982,5493,5494,5495,5536,7395,8076,8077,8078,8079,8081,
128;1;9469;9596;0;4,5,7,8,17,27,62,95,152,186,188,189,202,206,266,288,390,392,394,398,404,490,794,833,838,854,872,987,1048,1049,1050,1051,1053,1054,1055,1057,1058,1059,1060,1145,1146,1196,1228,1229,1270,1288,1290,1470,1605,1633,1669,1973,1992,2134,2355,2388,2413,2425,2645,2936,2937,2941,3005,3070,3348,3361,3705,3877,4280,4982,5493,5494,5495,5536,7395,8076,8077,8078,8079,8081,
65;0;9596;9720;0;4,5,7,8,17,27,62,95,152,186,188,189,202,206,266,288,390,392,394,398,404,490,794,833,838,854,872,987,1048,1049,1050,1051,1053,1054,1055,1057,1058,1059,1060,1145,1146,1196,1228,1229,1270,1288,1290,1470,1605,1633,1669,1973,1992,2134,2355,2388,2413,2425,2645,2936,2937,2941,3005,3070,3348,3361,3705,3877,4280,4982,5493,5494,5495,5536,7395,8076,8077,8078,8079,8081,
59;0;9720;9842;0;4,5,7,8,17,27,62,95,152,186,188,189,202,206,266,288,390,392,394,398,404,490,794,833,838,854,872,987,1048,1049,1050,1051,1053,1054,1055,1057,1058,1059,1060,1145,1146,1196,1228,1229,1270,1288,1290,1470,1605,1633,1669,1973,1992,2134,2355,2388,2413,2425,2645,2936,2937,2941,3005,3070,3348,3361,3705,3877,4280,4982,5493,5494,5495,5536,7395,8076,8077,8078,8079,8081,
319;0;9842;9959;0;4,5,7,8,17,27,62,95,152,186,188,189,202,206,266,288,390,392,394,398,404,490,794,833,838,854,872,987,1048,1049,1050,1051,1053,1054,1055,1057,1058,1059,1060,1145,1146,1196,1228,1229,1270,1288,1290,1470,1605,1633,1669,1973,1992,2134,2355,2388,2413,2425,2645,2936,2937,2941,3005,3070,3348,3361,3705,3877,4280,4982,5493,5494,5495,5536,7395,8076,8077,8078,8079,8081,
50;1;9959;10074;0;4,5,7,8,17,27,62,95,152,186,188,189,202,206,266,288,390,392,394,398,404,490,794,833,838,854,872,987,1048,1049,1050,1051,1053,1054,1055,1057,1058,1059,1060,1145,1146,1196,1228,1229,1270,1288,1290,1470,1605,1633,1669,1973,1992,2134,2355,2388,2413,2425,2645,2936,2937,2941,3005,3070,3348,3361,3705,3877,4280,4982,5493,5494,5495,5536,7395,8076,8077,8078,8079,8081,
303;0;10080;10194;0;4,5,7,8,17,26,27,62,95,152,186,188,189,202,206,266,288,390,392,394,398,404,490,528,794,833,838,854,872,987,1048,1049,1050,1051,1053,1054,1055,1057,1058,1059,1060,1145,1146,1196,1228,1229,1242,1270,1271,1272,1275,1276,1278,1283,1288,1290,1291,1293,1419,1470,1605,1633,1669,1702,1777,1783,1973,1992,2355,2388,2413,2645,2936,2937,2941,3070,3361,3877,4280,4282,
360;0;10194;10306;0;4,5,7,8,17,26,27,62,95,152,186,188,189,202,206,266,288,390,392,394,398,404,490,528,794,833,838,854,872,987,1048,1049,1050,1051,1053,1054,1055,1057,1058,1059,1060,1145,1146,1196,1228,1229,1242,1270,1271,1272,1275,1276,1278,1283,1288,1290,1291,1293,1419,1470,1605,1633,1669,1702,1777,1783,1973,1992,2022,2355,2388,2413,2645,2936,2937,2941,3070,3361,3877,4280,
25;1;10306;10411;0;4,5,7,8,17,26,27,62,95,152,157,186,188,189,202,206,266,288,390,392,394,398,404,412,490,528,540,794,833,838,854,872,987,1048,1049,1050,1051,1053,1054,1055,1057,1058,1059,1060,1145,1146,1196,1228,1229,1242,1270,1271,1272,1275,1276,1278,1283,1288,1290,1293,1605,1669,1702,1783,1973,2022,2355,2388,2413,2645,2936,2937,2941,3070,3334,3361,3449,3877,4181,4280,
69;0;10411;10513;0;4,5,7,8,17,26,27,62,79,95,152,157,186,188,189,202,206,266,288,390,392,394,398,404,412,448,490,528,540,578,730,794,833,838,854,872,987,1048,1049,1050,1051,1053,1054,1055,1057,1058,1059,1145,1146,1158,1196,1229,1270,1275,1288,1290,1293,1605,1669,1702,1783,1973,2022,2028,2355,2388,2413,2517,2645,2936,2937,2941,3070,3361,3877,3929,3930,3931,3932,4280,
102;1;10513;10614;0;4,8,17,26,27,79,95,142,149,152,188,202,266,288,315,379,380,390,392,394,398,399,400,404,412,490,528,833,838,854,872,987,1048,1050,1051,1054,1055,1061,1145,1146,1149,1196,1229,1231,1270,1275,1288,1290,1293,1363,1604,1605,1669,1702,1726,1783,1809,1822,1823,1824,1825,1826,1827,1828,1829,1830,1831,1832,1973,2022,2355,2388,2413,2645,2937,2941,3070,3361,3877,4280,
17;0;10614;10714;0;4,8,26,27,61,79,95,149,152,188,202,247,266,288,379,380,390,392,398,400,404,412,490,528,757,833,838,854,872,987,1048,1050,1051,1054,1145,1146,1149,1196,1229,1270,1275,1288,1290,1293,1466,1604,1605,1669,1702,1726,1783,1809,1973,2073,2413,2645,2868,2937,2941,3070,3072,3361,3589,3590,3703,3877,3908,4119,4280,4736,6092,7009,8354,8536,8537,8538,8539,8540,8541,8542,
279;0;10714;10811;0;33,48,61,68,76,87,144,169,196,198,208,248,249,319,380,398,400,414,427,452,502,559,609,765,767,833,838,854,863,875,898,962,1134,1261,1270,1281,1423,1560,1580,1587,1605,1718,1726,1788,1796,1797,1809,1875,1922,2091,2238,2338,2339,2354,2498,2645,2679,2951,2986,3070,3291,3765,4364,4383,5053,5150,5161,5435,5560,6254,6373,6401,7009,7877,7878,7879,7880,7881,7882,8158,
52;1;10811;10901;0;33,48,61,68,76,87,144,169,196,198,208,248,249,319,380,398,400,414,427,452,502,559,609,765,767,833,838,854,863,875,898,962,1134,1261,1270,1281,1423,1560,1580,1587,1605,1718,1726,1788,1796,1797,1809,1875,1922,2091,2238,2338,2339,2354,2498,2645,2679,2951,2986,3070,3291,3765,4364,4383,5053,5150,5161,5435,5560,6254,6373,6401,7009,7877,7878,7879,7880,7881,7882,8158,
389;0;10901;10989;0;33,48,61,68,76,87,144,169,196,198,208,248,249,319,380,398,400,414,427,452,502,559,609,765,767,833,838,854,863,875,898,962,1134,1261,1270,1281,1423,1560,1580,1587,1605,1718,1726,1788,1796,1797,1809,1875,1922,2091,2238,2338,2339,2354,2498,2645,2679,2951,2986,3070,3291,3765,4364,4383,5053,5150,5161,5435,5560,6254,6373,6401,7009,7877,7878,7879,7880,7881,7882,8158,
71;1;10989;11076;0;33,48,61,68,76,87,144,169,196,198,208,248,249,319,380,398,400,414,427,452,502,559,609,765,767,833,838,854,863,875,898,962,1134,1261,1270,1281,1423,1560,1580,1587,1605,1718,1726,1788,1796,1797,1809,1875,1922,2091,2238,2338,2339,2354,2498,2645,2679,2951,2986,3070,3291,3765,4364,4383,5053,5150,5161,5435,5560,6254,6373,6401,7009,7877,7878,7879,7880,7881,7882,8158,
32;1;11520;11600;0;33,48,61,68,76,87,144,169,196,198,208,248,249,319,380,398,400,414,427,452,502,559,609,704,765,767,833,838,854,862,863,875,898,962,1134,1261,1270,1281,1307,1423,1560,1580,1587,1605,1718,1726,1809,1875,1922,2091,2338,2468,2645,2676,2679,2774,2775,2951,2986,3532,4383,4604,4639,4641,4994,4995,4996,4997,4998,4999,5000,5001,5002,5003,5004,5005,5006,5007,5008,5435,
87;0;11600;11678;0;33,48,61,68,76,87,144,169,196,198,208,244,248,249,319,380,397,398,400,414,427,452,502,559,609,704,765,767,833,838,854,862,863,875,898,962,1134,1261,1270,1281,1307,1423,1560,1580,1587,1605,1718,1726,1809,1875,1922,2091,2338,2468,2493,2645,2658,2676,2679,2774,2775,2778,2816,2951,2986,3532,4383,4567,4604,4627,4639,4641,4652,4740,4994,5411,5435,5603,5604,5605,
293;0;11678;11755;0;33,48,61,68,76,87,144,169,196,198,208,244,248,249,319,380,397,398,400,414,427,452,502,559,609,704,765,767,833,838,854,862,863,875,898,962,1134,1261,1270,1281,1307,1423,1560,1580,1587,1605,1718,1726,1809,1875,1922,2091,2338,2468,2493,2645,2658,2676,2679,2774,2775,2778,2816,2951,2986,4383,4567,4604,4627,4639,4641,4740,5411,5435,5605,6133,6136,7956,8282,8284,
310;0;11755;11831;0;33,48,61,68,76,87,101,144,169,196,198,208,244,248,249,319,380,397,398,400,414,427,452,502,559,609,704,765,767,833,838,854,862,863,875,898,962,1134,1261,1270,1281,1307,1423,1479,1560,1580,1587,1605,1718,1726,1809,1875,1922,2091,2338,2468,2493,2645,2658,2676,2679,2774,2775,2778,2816,2951,2986,4383,4567,4604,4627,4639,4641,4740,5247,5411,5435,5538,5605,6133,
117;1;11831;11907;0;3,33,48,61,68,76,87,101,144,169,196,198,208,244,248,249,380,395,397,398,400,427,640,765,767,833,838,854,898,1134,1174,1270,1281,1361,1423,1580,1587,1718,1726,1763,1809,1875,1922,1970,2091,2338,2468,2493,2645,2658,2679,2728,2774,2775,2778,2816,2951,2986,3099,3133,4383,4553,4563,4567,4604,4627,4639,4641,4650,4740,5048,5411,5435,5516,5605,6153,6154,6155,6156,6157,
338;0;11907;11981;0;3,33,48,61,68,97,101,144,169,196,208,244,248,249,260,345,380,395,397,398,400,427,584,640,765,767,833,838,854,890,898,1134,1270,1281,1361,1374,1423,1580,1587,1718,1726,1756,1763,1809,1875,1922,1970,2091,2338,2405,2468,2645,2658,2679,2774,2775,2778,2816,2951,2986,2988,3099,3519,3699,4383,4563,4567,4604,4627,4639,4641,4740,5411,5435,5605,5867,6198,6199,6200,6201,
96;0;11981;12051;0;3,61,97,101,144,169,196,208,244,248,380,395,397,398,400,640,677,767,814,827,833,838,854,890,898,1096,1097,1134,1270,1361,1481,1580,1587,1718,1726,1763,1809,1875,1970,2338,2468,2644,2645,2658,2661,2679,2690,2774,2775,2778,2816,2951,2986,2988,3099,4383,4563,4567,4604,4627,4639,4641,4740,5411,5435,5525,5530,5605,5637,5640,5722,5868,6024,6025,6099,6496,6561,6562,6563,6564,
122;1;12051;12120;0;3,61,97,101,137,144,169,196,208,244,248,380,391,395,397,398,400,640,677,767,814,827,833,838,854,890,891,898,1096,1097,1117,1134,1147,1270,1361,1469,1481,1580,1587,1718,1726,1763,1809,1875,1970,2338,2468,2644,2645,2658,2661,2679,2690,2774,2775,2778,2816,2951,2986,2988,3099,4383,4563,4567,4604,4627,4639,4641,4740,5411,5435,5525,5530,5605,5637,5640,5722,5868,6024,6099,
359;0;12120;12188;0;3,8,9,61,95,101,137,143,144,145,146,169,208,248,259,377,380,382,390,391,397,398,429,640,647,775,827,838,854,893,895,1054,1095,1096,1117,1124,1147,1171,1270,1361,1397,1481,1488,1580,1587,1683,1726,1799,1809,1970,1973,2224,2455,2774,2775,2778,2821,2988,3037,3130,3267,3743,4383,4533,4604,4637,4639,4641,4740,4748,4890,5435,6513,6809,6813,6814,6815,6821,6822,6823,
109;0;12188;12256;0;30,61,79,95,101,144,145,146,169,170,177,202,225,234,248,262,288,302,304,305,308,314,317,390,391,412,415,429,442,484,595,647,753,827,989,995,1160,1275,1293,1430,1463,1565,1587,1657,1676,1719,1726,1932,1933,1935,2413,2518,2538,2555,2774,2778,2941,3247,3336,3361,3627,3877,4225,4510,5435,5487,5488,5489,5791,6145,6513,6675,8271,8585,8586,8587,8588,8589,8590,8591,
341;0;12256;12321;0;30,61,79,95,101,144,145,146,169,170,177,202,225,234,248,262,288,302,304,305,308,314,317,390,391,412,415,429,442,484,595,647,753,827,989,995,1160,1275,1293,1430,1463,1565,1587,1657,1676,1719,1726,1932,1933,1935,2413,2518,2538,2555,2774,2778,2941,3247,3336,3361,3627,3877,4225,4510,5435,5487,5488,5489,5791,6145,6513,6675,8271,8585,8586,8587,8588,8589,8590,8591,
28;1;12321;12385;0;30,61,79,95,101,144,145,146,169,170,177,202,225,234,248,262,288,302,304,305,308,314,317,390,391,412,415,429,442,484,595,647,753,827,989,995,1160,1275,1293,1430,1463,1565,1587,1657,1676,1719,1726,1932,1933,1935,2413,2518,2538,2555,2774,2778,2941,3247,3336,3361,3627,3877,4225,4510,5435,5487,5488,5489,5791,6145,6513,6675,8271,8585,8586,8587,8588,8589,8590,8591,
381;0;12385;12447;0;30,61,79,95,101,144,145,146,169,170,177,202,225,234,248,262,288,302,304,305,308,314,317,390,391,412,415,429,442,484,595,647,753,827,989,995,1160,1275,1293,1430,1463,1565,1587,1657,1676,1719,1726,1932,1933,1935,2413,2518,2538,2555,2774,2778,2941,3247,3336,3361,3627,3877,4225,4510,5435,5487,5488,5489,5791,6145,6513,6675,8271,8585,8586,8587,8588,8589,8590,8591,
379;0;12447;12508;0;30,61,79,95,101,144,145,146,169,170,177,202,225,234,248,262,288,302,304,305,308,314,317,390,391,412,415,429,442,484,595,647,753,827,989,995,1160,1275,1293,1430,1463,1565,1587,1657,1676,1719,1726,1932,1933,1935,2413,2518,2538,2555,2774,2778,2941,3247,3336,3361,3627,3877,4225,4510,5435,5487,5488,5489,5791,6145,6513,6675,8271,8585,8586,8587,8588,8589,8590,8591,
267;0;12960;13020;0;26,30,61,78,79,95,101,144,145,146,169,170,177,202,225,234,248,262,288,302,304,305,308,314,317,390,391,412,415,429,442,484,528,529,595,647,753,827,989,995,1160,1268,1275,1277,1285,1287,1288,1289,1293,1295,1430,1463,1565,1587,1657,1676,1702,1719,1726,1779,1783,1935,2175,2263,2282,2471,2518,2538,2774,2778,2941,3049,3701,3702,3703,3716,3717,4225,5791,6513,
269;0;13020;13076;0;26,30,79,95,101,144,145,146,169,170,225,226,229,230,232,234,240,241,242,243,248,262,274,288,302,305,314,390,391,412,429,430,528,595,647,818,819,821,822,827,1092,1099,1268,1275,1277,1287,1288,1293,1295,1398,1407,1473,1587,1681,1726,1843,1935,2175,2246,2248,2263,2292,2293,2294,2295,2296,2297,2298,2299,2300,2301,2302,2303,2518,2538,2774,2778,2941,3702,6513,
82;1;13076;13131;0;26,30,79,95,101,144,145,146,169,170,225,226,229,230,232,234,240,241,242,243,248,262,274,288,302,305,314,390,391,412,429,430,528,595,647,818,819,821,822,827,1092,1099,1268,1275,1277,1287,1288,1293,1295,1398,1407,1473,1587,1681,1726,1843,1935,2175,2246,2248,2263,2292,2293,2294,2295,2296,2297,2298,2299,2300,2301,2518,2538,2774,2778,2941,3702,6039,6040,6513,
100;0;13131;13183;0;26,30,79,95,101,144,145,146,169,170,225,226,229,230,232,234,240,241,242,243,248,262,274,288,302,305,314,390,391,412,429,430,528,595,647,818,819,821,822,827,1092,1099,1268,1275,1277,1287,1288,1293,1295,1398,1407,1473,1587,1681,1726,1843,1935,2175,2246,2248,2263,2292,2293,2294,2295,2296,2297,2298,2299,2300,2518,2538,2774,2778,2941,3702,6513,8465,8466,8467,
104;1;13183;13234;0;26,30,79,95,101,144,145,146,169,170,225,226,229,230,232,234,240,241,242,243,248,262,274,288,302,305,314,390,391,412,429,430,528,595,647,818,819,821,822,827,1092,1099,1268,1275,1277,1287,1288,1293,1295,1398,1407,1473,1587,1681,1726,1843,1935,2175,2246,2248,2263,2292,2293,2294,2295,2296,2297,2298,2299,2518,2538,2774,2778,2941,3702,5476,6513,7397,7398,7399,
53;0;13234;13284;0;26,30,79,95,101,144,145,146,169,170,225,226,229,230,232,234,240,241,242,243,248,262,274,288,302,305,314,390,391,412,429,430,528,595,598,647,818,819,821,822,827,1092,1099,1268,1275,1277,1287,1288,1292,1293,1294,1295,1322,1398,1407,1473,1587,1681,1726,1782,1843,1935,2175,2239,2241,2242,2246,2248,2263,2407,2518,2538,2774,2778,2941,3026,3027,3702,6513,7397,
280;0;13284;13333;0;24,26,30,79,95,101,144,145,146,169,170,225,226,229,230,232,234,240,241,242,243,248,262,274,288,302,305,314,390,391,412,429,430,503,528,595,598,647,818,819,821,822,827,1062,1092,1099,1268,1275,1277,1287,1288,1292,1293,1294,1295,1322,1398,1407,1473,1587,1707,1726,1935,2154,2175,2263,2407,2518,2538,2774,2778,2941,3346,3414,3702,5948,6513,7003,7214,7397,
288;0;13333;13381;0;24,26,30,79,95,101,144,145,146,169,170,225,226,229,230,232,234,240,241,242,243,248,262,274,288,302,305,314,390,391,412,429,430,503,528,595,647,827,1099,1268,1275,1277,1287,1288,1292,1293,1294,1295,1322,1398,1407,1473,1587,1707,1726,1935,2175,2263,2407,2518,2538,2774,2778,2941,3346,3702,6360,6513,7397,7479,8219,8375,8376,8379,8380,8381,8382,8383,8384,8385,
125;1;13381;13425;0;24,26,30,38,79,95,101,144,145,146,169,170,210,225,226,229,230,232,234,240,241,242,243,248,262,274,288,302,305,314,390,391,412,429,430,503,528,595,647,651,736,827,1099,1268,1275,1277,1287,1288,1292,1293,1294,1295,1322,1398,1407,1473,1587,1707,1723,1726,1935,1996,2175,2263,2407,2518,2538,2774,2778,2941,3346,3702,6360,6513,7397,7479,8219,8375,8376,8379,
96;1;13425;13467;0;24,26,30,38,79,95,101,144,145,146,169,170,210,225,226,229,230,232,234,240,241,242,243,248,262,274,275,288,302,305,314,390,391,412,429,430,503,528,595,647,651,736,827,1099,1268,1275,1277,1287,1288,1292,1293,1294,1295,1322,1398,1407,1473,1587,1707,1723,1726,1935,1996,2175,2263,2407,2518,2538,2774,2778,2941,3346,3702,3744,6126,6360,6410,6513,7397,7479,
278;0;13467;13506;0;24,26,30,38,79,95,101,144,145,146,169,170,210,225,226,229,230,232,234,240,241,242,243,248,262,274,275,288,302,305,314,390,391,412,429,430,503,528,595,647,651,736,827,1099,1268,1275,1277,1287,1288,1292,1293,1294,1295,1322,1398,1407,1473,1587,1707,1723,1726,1935,1996,2175,2263,2407,2518,2538,2774,2778,2941,3346,3702,3744,6126,6360,6513,7397,7444,7445,
10;1;13506;13545;0;24,26,30,38,79,95,101,144,145,146,169,170,210,225,226,229,232,234,240,241,242,243,248,262,274,288,302,305,314,390,391,412,429,430,528,595,647,827,1099,1268,1275,1277,1287,1288,1292,1293,1294,1295,1322,1398,1407,1473,1587,1723,1726,1935,2175,2263,2407,2518,2538,2774,2778,2941,3346,3470,3473,3474,3702,3744,6360,6513,8265,8340,8764,8765,8770,9014,9015,9016,
2;1;13545;13581;0;24,26,30,38,46,79,95,101,144,145,146,169,170,210,225,226,229,232,234,240,241,242,243,248,262,274,288,302,305,314,390,391,412,429,430,528,595,647,827,1099,1268,1275,1277,1287,1288,1292,1293,1294,1295,1322,1398,1407,1473,1587,1723,1726,1935,2168,2175,2263,2407,2518,2538,2774,2778,2937,2941,3346,3470,3473,3474,3702,3744,6360,6513,8265,8340,8764,8765,8770,
289;0;13581;13613;0;4,24,26,30,38,79,95,101,144,145,146,169,170,210,225,226,229,234,240,241,242,243,248,262,274,288,301,302,305,306,314,390,391,392,404,405,412,429,430,528,595,647,827,1052,1099,1146,1268,1275,1277,1287,1288,1292,1293,1294,1295,1322,1417,1473,1587,1620,1664,1723,1726,1935,2168,2175,2263,2407,2428,2518,2538,2774,2778,2820,2941,3346,3702,3744,5588,6513,
41;1;13613;13644;0;4,15,24,26,30,38,79,95,101,144,145,146,150,169,170,210,225,226,229,234,240,241,242,243,248,251,262,274,288,302,305,306,314,390,391,404,405,412,429,430,507,528,595,647,827,1052,1099,1146,1258,1268,1275,1277,1287,1288,1292,1293,1294,1295,1322,1587,1620,1723,1726,1935,2168,2175,2263,2407,2518,2538,2774,2778,2941,3346,3599,3600,3601,3702,3744,6513,
100;1;13644;13674;0;15,24,26,30,79,95,101,144,145,146,150,169,170,210,225,226,229,240,241,242,248,251,262,274,288,302,305,390,391,404,405,412,429,430,528,647,1146,1268,1275,1277,1287,1288,1292,1293,1294,1295,1322,1587,1620,1726,2168,2263,2407,2538,2774,2778,2807,2941,3346,3702,3744,5029,6296,6513,7294,8165,8166,8320,8391,8407,8428,8730,9000,9001,9002,9003,9004,9005,9006,9007,
126;1;13674;13701;0;24,30,101,144,145,146,149,152,169,190,248,251,262,277,288,302,305,321,398,404,504,528,632,640,647,872,949,972,1093,1163,1196,1275,1277,1282,1287,1292,1293,1322,1332,1333,1361,1478,1561,1562,1587,1604,1651,1726,1802,1808,1887,2053,2101,2190,2223,2538,2563,2572,2765,3022,3337,3346,4035,4219,4450,5777,5984,5987,5992,6090,6513,6584,6745,7153,7159,7649,7650,7926,7927,7958,
331;0;13701;13725;0;24,30,101,144,145,146,149,152,169,190,248,251,262,277,288,302,305,321,398,404,504,528,632,640,647,872,949,972,1093,1163,1196,1275,1277,1282,1287,1292,1293,1322,1332,1333,1361,1478,1561,1562,1587,1604,1651,1726,1802,1808,1887,2053,2101,2190,2223,2538,2563,2572,2765,3022,3337,3346,4035,4219,4450,5777,5984,5987,5992,6090,6513,6584,6745,7153,7159,7649,7650,7926,7927,7958,
388;0;13725;13746;0;24,30,101,144,145,146,149,152,169,190,248,251,262,277,288,302,305,321,398,404,504,528,632,640,647,872,949,972,1093,1163,1196,1275,1277,1282,1287,1292,1293,1322,1332,1333,1361,1478,1561,1562,1587,1604,1651,1726,1802,1808,1887,2053,2101,2190,2223,2538,2563,2572,2765,3022,3337,3346,4035,4219,4450,5777,5984,5987,5992,6090,6513,6584,6745,7153,7159,7649,7650,7926,7927,7958,
53;1;13746;13760;0;24,30,101,144,145,146,149,152,169,190,248,251,262,277,288,302,305,321,398,404,504,528,632,640,647,872,949,972,1093,1163,1196,1275,1277,1282,1287,1292,1293,1322,1332,1333,1361,1478,1561,1562,1587,1604,1651,1726,1802,1808,1887,2053,2101,2190,2223,2538,2563,2572,2765,3022,3337,3346,4035,4219,4450,5777,5984,5987,5992,6090,6513,6584,6745,7153,7159,7649,7650,7926,7927,7958,
23;1;13760;13774;0;24,30,101,144,145,146,149,152,169,190,248,251,262,277,288,302,305,321,398,404,504,528,632,640,647,872,949,972,1093,1163,1196,1275,1277,1282,1287,1292,1293,1322,1332,1333,1361,1478,1561,1562,1587,1604,1651,1726,1802,1808,1887,2053,2101,2190,2223,2538,2563,2572,2765,3022,3337,3346,4035,4219,4450,5777,5984,5987,5992,6090,6513,6584,6745,7153,7159,7649,7650,7926,7927,7958,
320;0;14400;14409;0;24,30,101,144,145,146,149,152,169,190,248,251,262,277,288,302,305,321,398,404,504,528,632,640,647,872,949,972,1093,1163,1196,1275,1277,1282,1287,1292,1293,1322,1332,1333,1361,1478,1561,1562,1587,1604,1651,1726,1802,1808,1887,2053,2101,2190,2223,2538,2563,2572,2765,3022,3337,3346,8551,8559,9049,9050,9051,9052,9053,9054,9055,9056,9057,9058,9059,9060,9061,9062,9063,9064,
321;0;14409;14413;0;24,30,101,144,145,146,149,152,169,180,190,248,251,262,277,288,302,303,305,307,311,312,321,379,380,381,384,385,398,404,504,528,592,593,594,632,640,647,872,949,972,1093,1130,1163,1196,1275,1277,1282,1287,1292,1293,1322,1332,1333,1361,1428,1478,1561,1562,1587,1604,1651,1726,1802,1808,1845,1887,2053,2101,2190,2223,2538,2563,2572,2765,3022,3337,3346,8551,8559,
17;1;14413;14417;0;24,30,101,144,145,146,149,152,169,180,190,208,248,251,262,277,288,302,303,305,307,311,312,321,379,380,381,384,385,398,404,480,504,528,592,593,594,632,640,647,872,949,972,987,1093,1130,1163,1196,1275,1277,1282,1287,1292,1293,1322,1332,1333,1361,1428,1478,1561,1562,1580,1587,1604,1651,1726,1802,1808,1845,1887,2053,2101,2190,2223,2538,2563,2765,4383,8559,
49;1;14417;14428;1;24,30,101,144,145,146,149,152,169,180,190,197,208,248,251,262,277,288,302,303,305,307,311,312,321,379,380,381,384,385,398,404,466,480,504,528,592,593,594,632,640,647,826,872,949,987,1093,1196,1267,1275,1277,1282,1287,1293,1322,1332,1341,1361,1478,1561,1562,1580,1587,1604,1726,1781,2053,2197,2223,2765,3410,3774,4487,4488,5471,5682,7671,8559,8836,8838,
287;0;14428;14440;1;24,26,30,101,144,145,146,149,152,169,180,190,197,208,248,251,255,262,277,288,302,305,321,379,398,404,528,640,647,872,949,987,1093,1196,1269,1275,1277,1279,1280,1282,1287,1293,1295,1322,1332,1361,1390,1478,1561,1562,1580,1587,1604,1726,1893,2053,2223,2261,2577,2765,2795,2842,2941,3413,3831,3869,3986,4007,4021,6957,6958,6959,6960,6961,6962,6963,6964,6965,6966,8559,
16;1;14440;14455;1;3,24,26,30,101,137,144,145,146,149,152,169,180,190,197,208,248,251,255,262,277,288,302,305,321,379,390,398,404,528,640,647,872,949,987,1048,1051,1054,1093,1145,1146,1196,1269,1275,1277,1279,1280,1282,1287,1293,1295,1322,1332,1358,1361,1390,1478,1561,1562,1580,1587,1604,1726,1893,1945,1970,1971,2053,2223,2261,2577,2765,2795,2842,2941,3413,3831,3869,4007,8559,
364;0;14455;14471;1;3,24,26,30,40,101,137,144,145,146,149,152,169,180,190,197,208,210,248,251,262,277,288,305,321,379,390,398,404,528,581,640,647,722,803,872,949,987,1054,1093,1146,1196,1269,1277,1279,1280,1282,1293,1322,1332,1361,1390,1478,1561,1562,1580,1587,1701,1726,1898,1970,1971,2053,2223,2273,2315,2564,2765,2922,2941,2968,3831,3861,4007,4026,5097,5098,5099,5100,8559,
372;0;14471;14490;1;3,24,26,30,40,101,137,144,145,146,149,152,169,180,190,197,208,210,248,251,262,277,288,305,321,379,390,398,404,490,528,557,581,640,647,722,803,872,949,987,1054,1093,1146,1196,1269,1277,1279,1280,1282,1293,1322,1332,1361,1390,1478,1561,1562,1580,1587,1701,1726,1898,1970,1971,2053,2223,2273,2315,2564,2765,2922,2941,2968,3831,3861,4007,4026,5097,5098,8559,
4;1;14490;14513;1;3,24,26,30,40,101,137,144,145,146,149,152,169,180,190,197,208,210,248,250,251,262,277,288,305,321,379,390,398,404,490,528,557,640,647,872,949,987,1054,1093,1146,1196,1269,1274,1277,1279,1280,1282,1293,1322,1332,1361,1390,1478,1561,1562,1580,1587,1701,1726,1970,1971,2053,2223,2273,2315,2419,2765,2941,3269,3598,3797,4007,4439,4459,4460,4461,4462,4463,8559,
76;1;14513;14542;1;3,24,26,30,40,101,137,144,145,146,149,152,169,180,190,197,208,210,248,250,251,262,277,288,305,321,379,390,391,397,398,404,490,528,557,640,647,769,872,949,987,1050,1054,1093,1146,1196,1269,1274,1277,1279,1282,1293,1322,1332,1361,1390,1478,1561,1562,1580,1587,1701,1726,1970,1971,2053,2223,2273,2315,2419,2765,2941,3269,3598,3797,4007,4439,4459,4460,8559,
366;0;14542;14572;1;24,26,137,144,145,146,149,208,262,277,288,321,379,390,391,397,398,404,490,528,536,640,647,769,872,949,1050,1054,1146,1196,1268,1269,1274,1277,1282,1288,1290,1293,1294,1322,1329,1390,1478,1561,1562,1580,1587,1726,1970,1971,2223,2240,2263,2264,2265,2273,2315,2407,2419,2447,2485,2765,2941,3269,3598,3702,3708,3797,4357,4439,4453,4459,4460,4810,4811,4812,4813,4814,4815,8559,
396;0;14572;14605;1;24,26,137,144,145,146,149,208,262,277,288,321,379,390,391,397,398,404,490,528,536,640,647,769,872,949,1050,1054,1146,1196,1268,1269,1274,1277,1282,1288,1290,1293,1294,1322,1329,1390,1478,1561,1562,1580,1587,1726,1970,1971,2223,2240,2263,2264,2265,2273,2315,2407,2419,2447,2485,2765,2941,3269,3598,3702,3708,3797,4357,4439,4453,4459,4460,4810,4811,4812,4813,4814,7362,8559,
36;1;14605;14638;1;2,24,26,137,144,145,146,149,208,262,277,288,321,379,390,391,397,398,404,490,528,536,640,647,769,872,949,1050,1054,1146,1196,1268,1269,1274,1277,1282,1288,1290,1293,1294,1322,1329,1390,1478,1481,1561,1562,1580,1587,1726,1970,1971,2223,2224,2240,2263,2264,2265,2273,2315,2407,2419,2447,2485,2765,2941,3269,3598,3702,3708,3797,4357,4439,4453,4459,4460,4810,5182,5206,8559,
97;1;14638;14672;1;2,24,26,137,144,145,146,149,208,262,277,288,321,379,390,391,397,398,404,490,528,536,640,647,769,872,949,1050,1054,1146,1196,1268,1269,1274,1277,1282,1288,1290,1293,1294,1322,1329,1390,1478,1481,1561,1562,1580,1587,1726,1970,1971,2090,2223,2273,2315,2407,2419,2765,2941,3126,3269,3587,3588,3589,3590,3591,3592,3593,3594,3595,3596,3597,3598,3797,4439,4459,4460,5206,8559,
342;0;14672;14708;1;9,24,26,137,144,145,146,149,225,226,229,231,240,242,245,262,266,268,277,288,321,379,390,397,398,401,404,405,429,430,432,443,490,647,719,769,949,1050,1119,1149,1196,1293,1390,1478,1481,1561,1607,1608,1609,1610,1611,1612,1613,1614,1615,1616,1617,1618,1619,1620,1621,1622,1623,1624,1625,1626,1726,2223,2315,2419,2765,2941,3269,3597,3598,3797,4439,4459,4460,5206,
45;1;14708;14747;1;9,24,26,137,144,145,146,149,225,226,229,231,240,242,245,262,266,268,277,288,321,340,379,390,397,398,401,404,405,429,430,432,443,490,647,719,769,851,949,1050,1119,1149,1196,1293,1390,1478,1481,1561,1607,1608,1609,1610,1611,1612,1613,1614,1615,1726,2223,2315,2419,2765,2941,3269,3597,3598,3797,4439,4459,4460,5206,6517,8190,8196,8198,8199,8200,8201,8202,8203,
352;0;14747;14786;1;9,24,26,137,144,145,146,149,225,226,229,231,240,242,245,262,266,268,274,277,288,321,340,343,379,390,397,398,401,404,405,429,430,432,443,490,647,719,769,851,949,1050,1119,1149,1196,1293,1390,1478,1481,1561,1607,1726,2223,2315,2419,2765,2774,2775,2778,2941,3269,3597,3598,3744,3797,4439,4459,4460,4604,4639,4641,4739,4740,4741,4742,4743,5206,8190,8196,8198,
316;0;14786;14827;1;24,26,100,104,137,144,145,146,149,225,226,229,240,245,262,268,274,276,277,288,297,321,351,379,390,397,398,404,429,438,647,769,834,854,931,947,949,1050,1119,1151,1168,1390,1478,1481,1519,1528,1674,1726,2223,2315,2491,2667,2678,2737,2774,2775,2778,3531,3638,4400,4858,5206,5456,5656,5774,5841,6022,6106,7320,7463,8022,8095,8152,8190,8303,8364,8578,8579,8580,8581,
29;1;14827;14872;1;24,26,100,104,137,144,145,146,149,225,226,229,240,245,262,268,274,276,277,288,297,321,351,379,390,397,398,404,429,438,647,769,834,854,931,947,949,1050,1119,1151,1168,1390,1478,1481,1519,1528,1674,1726,2223,2315,2491,2667,2678,2737,2774,2775,2778,3531,3638,4400,4858,5206,5456,5656,5774,5841,6022,6106,7320,7365,7463,7652,8022,8095,8152,8190,8303,8364,8578,8579,
124;1;14872;14917;1;24,26,100,104,137,144,145,146,149,225,226,229,240,245,262,268,274,276,277,288,297,321,351,379,390,397,398,404,429,438,647,769,834,854,931,947,949,1050,1119,1151,1168,1390,1478,1481,1519,1528,1674,1726,2223,2315,2491,2667,2678,2737,2774,2775,2778,3531,3638,4400,4858,5206,5456,5656,5774,5841,6022,6106,7320,7365,7367,7463,7652,8022,8095,8152,8190,8303,8364,8578,
291;0;14917;14965;1;24,26,79,100,104,137,144,145,146,149,170,225,226,229,240,245,262,268,274,276,277,288,297,321,351,379,390,397,398,404,429,438,647,769,834,854,931,947,949,968,1031,1050,1119,1151,1168,1390,1478,1481,1519,1528,1674,1726,2168,2223,2315,2491,2667,2678,2737,2774,2775,2778,3331,3531,3638,3775,4400,4858,5206,5456,5656,5774,5804,5805,5841,6022,6106,7320,7365,8190,
58;1;14965;15014;1;24,26,79,100,104,137,144,145,146,149,170,225,226,229,240,241,245,262,268,271,274,276,277,288,297,321,351,379,390,397,398,404,429,438,645,647,648,769,834,854,931,947,949,968,1031,1050,1119,1151,1168,1390,1474,1478,1481,1519,1528,1674,1726,2168,2223,2315,2491,2667,2678,2737,2774,2775,2778,2891,3331,3531,3638,3775,4400,4858,5206,5456,5656,5841,6106,8190,
16;0;15014;15073;1;15,24,26,27,79,100,104,137,144,145,146,149,150,170,187,188,225,226,229,240,241,245,262,268,271,274,276,277,288,297,321,351,379,390,397,398,404,412,429,438,509,567,645,647,648,769,834,854,931,947,949,968,1031,1050,1119,1151,1168,1390,1474,1478,1481,1519,1528,1674,1726,2168,2223,2315,2491,2667,2678,2774,2775,2778,3313,3314,5206,5841,6106,8190,
363;0;15073;15139;1;24,26,95,100,138,144,145,146,149,225,226,229,262,268,288,314,321,390,397,398,429,553,554,645,647,1147,1270,1348,1474,1481,1488,1528,1588,1814,2159,2175,2222,2223,2305,2420,2488,2589,2627,2779,2808,3535,3745,4033,4238,4280,5531,5532,6694,6918,6919,6920,6921,6922,7318,7339,7460,7804,7816,7886,8175,8190,8208,8391,8425,8488,8489,8583,8978,8979,8980,8981,8982,8983,8984,8985,
302;0;15139;15207;1;24,26,95,100,138,144,145,146,149,225,226,229,262,268,288,314,321,390,397,398,429,553,554,645,647,1147,1270,1348,1474,1481,1488,1528,1588,1814,2159,2175,2222,2223,2305,2420,2488,2589,2627,2779,2808,3535,3745,4033,4238,4280,5531,5532,6694,6918,6919,6920,6921,6922,7318,7339,7460,7804,7816,7886,8175,8190,8208,8391,8425,8488,8489,8583,8978,8979,8980,8981,8982,8983,8984,8985,
0;1;15207;15275;1;24,26,95,100,138,144,145,146,149,225,226,229,262,268,288,314,321,390,397,398,429,553,554,645,647,1147,1270,1348,1474,1481,1488,1528,1588,1814,2159,2175,2222,2223,2305,2420,2488,2589,2627,2779,2808,3535,3745,4033,4238,4280,5531,5532,6694,6918,6919,6920,6921,6922,7318,7339,7460,7804,7816,7886,8175,8190,8208,8391,8425,8488,8489,8583,8978,8979,8980,8981,8982,8983,8984,8985,
38;1;15275;15348;1;24,26,95,100,138,144,145,146,149,225,226,229,262,268,288,314,321,390,397,398,429,553,554,645,647,1147,1270,1348,1474,1481,1488,1528,1588,1814,2159,2175,2222,2223,2305,2420,2488,2589,2627,2779,2808,3535,3745,4033,4238,4280,5531,5532,6694,6918,6919,6920,6921,6922,7318,7339,7460,7804,7816,7886,8175,8190,8208,8391,8425,8488,8489,8583,8978,8979,8980,8981,8982,8983,8984,8985,
127;1;15348;15421;1;24,26,95,100,138,144,145,146,149,225,226,229,262,268,288,314,321,390,397,398,429,553,554,645,647,1147,1270,1348,1474,1481,1488,1528,1588,1814,2159,2175,2222,2223,2305,2420,2488,2589,2627,2779,2808,3535,3745,4033,4238,4280,5531,5532,6694,6918,6919,6920,6921,6922,7318,7339,7460,7804,7816,7886,8175,8190,8208,8391,8425,8488,8489,8583,8978,8979,8980,8981,8982,8983,8984,8985,
49;0;15421;15494;1;24,26,95,100,138,144,145,146,149,225,226,229,262,268,288,314,321,390,397,398,429,553,554,645,647,1147,1270,1348,1474,1481,1488,1528,1588,1814,2159,2175,2222,2223,2305,2420,2488,2589,2627,2779,2808,3535,3745,4033,4238,4280,5531,5532,6694,6918,6919,6920,6921,6922,7318,7339,7460,7804,7816,7886,8175,8190,8208,8391,8425,8488,8489,8583,8978,8979,8980,8981,8982,8983,8984,8985,
131;1;15494;15567;1;24,26,95,100,138,144,145,146,149,225,226,229,262,268,288,314,321,390,397,398,429,553,554,645,647,1147,1270,1348,1474,1481,1488,1528,1588,1814,2159,2175,2222,2223,2305,2420,2488,2589,2627,2779,2808,3535,3745,4033,4238,4280,5531,5532,6694,6918,6919,6920,6921,6922,7318,7339,7460,7804,7816,7886,8175,8190,8208,8391,8425,8488,8489,8583,8978,8979,8980,8981,8982,8983,8984,8985,
Machine: 1
13;1;0;4;1;15,16,17,18,19,21,24,25,35,37,38,39,40,54,79,117,144,150,193,198,208,210,364,366,410,476,569,632,653,677,715,979,987,1390,1481,1529,1560,1898,1936,1937,1940,2091,2475,2564,2626,2628,2924,2940,3074,3361,3484,3485,3486,3489,3490,3491,3492,3493,3494,3496,3498,3499,3500,3501,3502,3503,3504,3505,3659,3660,4138,4464,4465,4466,5722,7834,7835,7836,7837,7838,
284;0;4;14;1;15,16,17,18,19,21,24,25,35,37,38,39,40,54,79,117,144,150,193,198,208,210,364,366,410,476,569,632,653,677,715,979,987,1390,1481,1529,1560,1898,1936,1937,1940,2091,2475,2564,2626,2628,2924,2940,3074,3361,3484,3485,3486,3489,3490,3491,3492,3493,3494,3496,3498,3499,3500,3501,3502,3503,3504,3505,3659,3660,4138,4464,4465,4466,5722,7834,7835,7836,7837,7838,
266;0;14;26;1;15,16,17,18,19,21,24,25,35,37,38,39,40,54,79,117,144,150,193,198,208,210,364,366,410,476,569,632,653,677,715,979,987,1390,1481,1529,1560,1898,1936,1937,1940,2091,2475,2564,2626,2628,2924,2940,3074,3361,3484,3485,3486,3489,3490,3491,3492,3493,3494,3496,3498,3499,3500,3501,3502,3503,3504,3505,3659,3660,4138,4464,4465,4466,5722,7834,7835,7836,7837,7838,
305;0;26;40;1;15,16,17,18,19,21,24,25,35,37,38,39,40,54,79,117,144,150,193,198,208,210,364,366,410,476,569,632,653,677,715,979,987,1390,1481,1529,1560,1898,1936,1937,1940,2091,2475,2564,2626,2628,2924,2940,3074,3361,3484,3485,3486,3489,3490,3491,3492,3493,3494,3496,3498,3499,3500,3501,3502,3503,3504,3505,3659,3660,4138,4464,4465,4466,5722,7834,7835,7836,7837,7838,
81;1;40;54;1;15,16,17,18,19,21,24,25,35,37,38,39,40,54,79,117,144,150,193,198,208,210,364,366,410,476,569,632,653,677,715,979,987,1390,1481,1529,1560,1898,1936,1937,1940,2091,2475,2564,2626,2628,2924,2940,3074,3361,3484,3485,3486,3489,3490,3491,3492,3493,3494,3496,3498,3499,3500,3501,3502,3503,3504,3505,3659,3660,4138,4464,4465,4466,5722,7834,7835,7836,7837,7838,
98;0;54;73;1;15,16,17,18,19,21,24,25,35,37,38,39,40,54,79,117,144,150,193,198,208,210,364,366,410,476,569,632,653,677,715,814,827,979,987,1198,1200,1203,1214,1390,1481,1529,1560,1898,1936,1937,1940,2091,2475,2564,2602,2626,2628,2661,2812,2924,2940,3074,3361,3379,3484,3485,3486,3489,4138,5336,5637,5722,5795,5869,6023,6229,6311,6312,6313,7835,8130,8131,8132,8133,
112;1;73;95;1;3,18,19,21,24,35,37,38,40,54,79,95,117,144,150,193,198,208,226,230,329,379,395,569,640,647,677,694,715,814,827,854,979,1060,1117,1118,1146,1147,1214,1360,1361,1375,1428,1478,1481,1529,1669,1675,1762,1814,1936,1937,1944,1973,2091,2224,2321,2661,2781,2891,3037,3279,3284,3379,3744,4533,4545,4553,5185,5722,6023,7575,8449,8739,8740,8741,8742,8743,8744,8745,
307;0;95;119;1;3,18,19,21,24,35,37,38,40,54,79,95,117,144,150,189,193,198,208,226,255,329,362,363,395,528,561,569,640,647,677,694,715,732,814,827,854,978,1060,1117,1118,1146,1214,1287,1360,1361,1478,1481,1529,1669,1762,1814,1937,1944,1973,2080,2089,2091,2224,2321,2661,3037,3284,3379,3606,3707,3907,4533,4545,4553,5101,5185,5722,6023,6790,6791,6792,6793,6794,6795,
346;0;119;151;1;3,18,19,21,24,35,37,38,40,54,79,95,117,144,150,189,193,198,208,226,255,291,329,363,395,434,528,569,640,647,677,694,715,814,827,854,978,1060,1117,1118,1146,1214,1287,1360,1361,1478,1481,1529,1669,1762,1814,1937,1944,1973,2080,2089,2091,2224,2321,2661,2774,2775,2776,3037,3284,3379,3707,3907,4533,4545,4553,4567,4604,4639,4765,5043,5185,5722,6023,9204,
380;0;151;184;1;3,18,19,21,24,35,37,38,54,79,87,95,117,144,150,189,226,255,291,329,395,434,528,569,640,647,677,691,694,715,765,767,814,827,849,854,898,1060,1117,1118,1136,1146,1214,1287,1360,1361,1478,1481,1529,1669,1680,1762,1814,1937,1944,1973,2091,2224,2321,2627,2661,2774,2775,2776,2986,3037,3284,3291,3379,3618,4533,4545,4553,4604,4639,4744,4791,5185,5722,6023,
373;0;184;218;1;1,3,18,19,21,24,38,95,117,144,149,189,226,262,270,277,329,391,395,434,528,640,647,715,765,854,898,1069,1093,1117,1204,1214,1361,1473,1475,1476,1477,1478,1599,1667,1669,1762,1803,1814,1825,1937,1944,1973,2091,2109,2134,2224,2321,2451,3108,3278,3284,3618,4033,4535,4553,4857,4891,4902,4925,4926,4927,4928,4929,4930,4931,4932,4933,4934,4935,4936,4937,4938,4939,5296,
378;0;218;252;1;1,3,18,19,21,24,38,95,117,138,144,149,189,262,270,277,288,329,391,395,434,528,640,644,645,647,715,765,854,892,896,898,911,1075,1093,1117,1214,1361,1472,1473,1475,1476,1477,1478,1623,1661,1667,1669,1762,1814,1937,1944,1973,2091,2103,2109,2224,2321,2427,2428,2429,2430,2431,2432,2433,2434,2435,2436,2437,2438,2439,2440,2441,2442,2451,3278,3284,3618,4535,4553,
61;1;252;288;1;1,3,18,19,21,24,38,95,117,138,144,149,189,262,270,277,288,329,391,395,434,528,555,640,644,645,647,715,765,854,892,896,898,911,1075,1093,1117,1214,1278,1279,1361,1472,1473,1475,1476,1477,1478,1661,1667,1669,1762,1814,1937,1944,1973,2091,2103,2109,2150,2224,2321,2432,2434,2451,2836,3278,3284,3395,3409,3546,3611,3618,3722,4450,4535,4553,5111,7009,7884,7885,
317;0;288;327;1;1,3,93,95,117,143,144,148,149,262,277,288,323,329,390,394,395,400,404,640,644,647,715,892,911,1055,1093,1149,1167,1210,1361,1469,1478,1535,1603,1604,1669,1735,1737,1738,1740,1741,1742,1743,1744,1745,1748,1750,1751,1752,1753,1754,1755,1757,1760,1762,1764,1765,1767,1769,1770,1771,1811,1812,1814,2091,2224,2321,2603,2646,3250,3278,3284,3630,4553,6415,6416,7056,7057,7058,
103;1;327;366;1;1,3,93,95,117,137,143,144,148,149,225,231,234,262,277,288,314,323,329,377,390,394,395,400,404,640,644,647,715,838,892,911,949,1055,1093,1149,1167,1210,1361,1469,1474,1478,1535,1603,1604,1669,1735,1737,1738,1740,1741,1742,1743,1744,1745,1748,1750,1751,1752,1757,1762,1811,1812,1814,2091,2224,2321,3104,3278,3284,3630,4553,4630,4859,5274,5457,5458,5459,5460,5461,
322;0;366;410;1;1,3,93,95,117,137,143,144,148,149,225,231,234,262,277,288,314,323,329,377,390,394,395,400,404,640,644,647,715,838,892,911,949,1055,1093,1149,1167,1210,1361,1469,1474,1478,1535,1603,1604,1669,1735,1737,1738,1740,1741,1742,1743,1744,1745,1748,1750,1751,1752,1757,1762,1811,1812,1814,2091,2224,2321,2943,2944,2945,2946,2947,2948,3104,3278,3284,3630,4553,4630,4859,
298;0;410;454;1;1,3,93,95,100,117,137,143,144,148,149,225,231,234,262,277,288,314,323,329,377,390,394,395,400,404,430,591,640,644,647,715,838,892,911,949,1055,1093,1149,1167,1210,1361,1469,1474,1478,1535,1603,1604,1669,1735,1737,1738,1740,1741,1742,1743,1744,1745,1748,1750,1751,1752,1757,1762,1811,1812,1814,2091,2224,2321,2405,2674,2676,3069,3278,3284,3630,4553,4630,4859,
14;1;454;502;1;1,3,93,95,100,117,137,143,144,148,149,225,231,234,262,277,288,314,323,329,345,351,377,390,394,395,400,404,430,591,640,644,647,671,715,764,838,858,892,911,949,1055,1093,1149,1210,1356,1361,1474,1478,1535,1603,1604,1669,1735,1750,1751,1757,1762,1811,1812,1814,2091,2224,2321,2405,2631,2643,2651,2652,2676,3278,3284,3532,3630,4369,4553,4630,4733,4859,5348,
334;0;502;551;1;1,3,93,95,100,117,137,143,144,148,149,225,231,234,262,277,288,314,323,329,345,351,377,390,394,395,400,404,430,591,640,644,647,671,715,764,838,858,892,911,949,1055,1093,1149,1210,1356,1361,1474,1478,1535,1603,1604,1669,1735,1750,1751,1757,1762,1811,1812,1814,2091,2224,2321,2405,2467,2631,2643,2651,2652,2676,3278,3284,3532,3630,4369,4553,4630,4733,4859,
306;0;551;711;0;3,95,100,117,137,144,148,149,225,231,234,262,277,288,314,329,351,377,390,394,395,404,430,591,640,644,647,715,764,838,855,858,863,892,911,921,949,1055,1093,1172,1210,1361,1474,1478,1484,1502,1535,1604,1633,1669,1670,1735,1750,1751,1757,1762,1811,1814,2091,2224,2321,2405,2643,2676,3034,3278,3284,3532,3630,4369,4397,4401,4472,4553,4733,4795,4859,5206,5695,5926,
70;1;711;811;0;3,95,100,117,136,137,144,145,149,225,231,234,241,245,262,269,273,276,277,288,290,297,314,321,329,351,390,395,398,404,647,769,816,855,858,863,891,892,911,921,1024,1049,1093,1134,1172,1210,1361,1474,1478,1484,1669,1671,1750,1757,1920,1922,2053,2091,2224,2321,2337,2391,2676,2695,3278,3532,4552,4553,4859,5206,5351,5706,6184,6645,6971,7215,7216,7217,7655,7656,
277;0;811;860;1;3,95,100,117,136,137,144,145,149,225,231,234,241,245,262,269,273,276,277,288,290,297,314,321,329,351,390,395,398,404,647,769,816,855,858,863,891,892,911,921,1024,1049,1093,1134,1172,1210,1361,1474,1478,1484,1669,1671,1750,1757,1920,1922,2053,2091,2224,2321,2337,2391,2676,2695,3278,3532,4552,4553,4859,5206,5351,5706,6184,6645,6971,7215,7216,7217,7655,7656,
121;1;860;910;1;3,95,100,117,136,137,144,145,149,225,231,234,241,245,262,269,273,276,277,288,290,297,314,321,329,351,390,395,398,404,647,769,816,855,858,863,891,892,911,921,1024,1049,1093,1134,1172,1210,1361,1474,1478,1484,1669,1671,1750,1757,1920,1922,2053,2091,2224,2321,2337,2391,2676,2695,3278,3532,4552,4553,4859,5206,5351,5706,6184,6645,6971,7215,7216,7217,7655,7656,
74;1;1440;1495;1;3,137,144,149,177,225,262,267,276,297,305,306,318,329,395,404,434,854,855,858,890,892,894,895,896,897,898,899,900,901,907,908,911,912,913,915,916,918,919,920,921,923,924,925,926,927,928,929,930,931,932,934,938,939,942,943,948,1171,1361,1378,1474,1478,1668,1671,1809,1922,2370,3618,3619,3620,4469,4553,4658,6101,6107,6108,6109,6110,6111,6112,
121;0;1495;1559;1;3,30,55,137,144,149,177,189,221,225,262,267,276,297,305,306,318,329,395,404,434,854,855,858,890,892,894,895,896,897,898,899,900,901,907,908,911,912,913,915,916,920,926,927,931,948,1171,1275,1293,1361,1378,1474,1478,1668,1671,1809,1922,1980,1984,1997,1999,2027,2158,2423,3577,3618,3855,3933,3934,3935,3936,3937,3938,3939,3940,3941,4553,6101,6107,6109,
301;0;1559;1626;1;3,30,55,137,144,149,177,189,221,225,262,267,276,297,305,306,318,329,395,404,434,854,855,858,890,892,894,895,896,897,898,899,900,901,907,908,911,912,913,915,916,920,926,927,931,948,1117,1165,1171,1275,1293,1361,1363,1378,1474,1478,1668,1671,1809,1922,1944,1980,1984,1997,1999,2027,2386,3577,3618,3634,4553,5725,6101,6107,6109,7470,7471,7472,7473,7474,
374;0;1626;1694;1;3,30,55,60,137,144,149,177,189,221,225,262,267,276,297,305,306,318,329,395,404,434,727,854,855,858,875,890,892,894,895,896,897,898,899,900,901,907,908,911,912,913,915,916,920,926,927,931,948,1117,1165,1171,1275,1293,1361,1363,1378,1474,1478,1668,1671,1809,1922,1944,1980,1984,1997,1999,2027,2075,3380,3577,3618,4059,4060,4061,4553,6101,6107,6109,
106;1;1694;1762;1;3,30,53,55,60,137,144,149,177,189,221,225,262,267,276,297,305,306,318,329,395,404,434,528,581,727,854,855,858,875,890,892,894,895,896,897,898,899,900,901,907,908,911,912,913,915,920,926,927,931,948,1117,1171,1275,1293,1361,1363,1378,1474,1478,1668,1671,1809,1922,1944,1984,1999,3577,3618,3797,3798,3799,3800,3801,3802,4060,4553,6101,6107,6109,
43;1;1762;1835;1;3,30,53,55,60,137,144,149,177,189,221,225,262,267,276,297,305,306,318,329,395,404,434,528,581,727,854,855,858,875,890,892,894,898,899,901,911,920,926,927,931,948,1117,1171,1275,1293,1361,1363,1378,1474,1478,1668,1671,1809,1922,1944,1984,1999,3577,3618,3802,4060,4553,5953,5958,5959,5966,5976,5979,5987,5992,6101,6107,6109,6146,6147,6148,6149,6150,6151,
103;0;1835;1908;1;3,30,53,55,60,137,144,149,177,189,221,225,262,267,276,297,305,306,318,329,395,404,434,528,581,727,736,854,855,858,875,890,892,894,898,899,901,911,920,926,927,931,948,1117,1171,1275,1293,1322,1361,1363,1378,1433,1474,1478,1668,1671,1809,1922,1944,1984,1999,2153,2178,2230,2273,2306,3403,3577,3618,3784,3802,4060,4553,5953,5958,5976,5992,6101,6107,6109,
348;0;1908;1981;1;3,30,53,55,60,90,137,144,149,177,189,221,225,262,267,276,297,305,306,329,395,404,528,581,772,773,843,854,855,858,875,890,892,894,898,899,901,911,920,926,927,931,948,1117,1171,1275,1293,1322,1361,1363,1378,1474,1478,1668,1671,1809,1922,1944,1984,1999,2153,2273,2306,2498,3577,3618,3802,4060,4427,4553,4728,4747,5107,5108,5281,5976,5992,6101,6107,6109,
11;1;1981;2055;1;3,30,53,55,60,90,137,144,149,177,189,221,225,262,267,276,297,305,306,329,395,404,528,581,773,843,854,855,858,875,890,892,894,898,899,901,911,920,926,927,931,948,1117,1171,1275,1293,1322,1361,1363,1378,1474,1478,1668,1671,1809,1922,1944,1984,1999,2153,2273,2306,3577,3618,3802,4060,4553,4728,4747,5539,5976,5992,6101,6107,6109,8551,8552,8644,9032,9097,
33;1;2055;2131;1;3,30,55,60,90,91,98,137,144,149,177,189,225,262,267,276,297,305,329,337,340,395,404,528,581,583,765,773,843,854,855,858,875,890,892,894,899,901,911,920,926,948,1078,1117,1171,1275,1293,1322,1361,1363,1378,1474,1478,1668,1671,1809,1844,1883,1884,1885,1886,1944,1984,1999,2153,2273,2306,3577,3618,3802,4060,4553,4728,4747,5976,5992,6101,6107,6109,8551,
275;0;2131;2209;1;18,19,21,24,34,37,38,55,70,144,189,212,225,251,267,288,329,404,432,443,517,765,871,873,874,875,876,877,880,1093,1269,1282,1285,1289,1293,1294,1304,1313,1322,1329,1399,1463,1472,1474,1476,1587,1668,1809,2197,2213,2220,2305,2359,2407,2861,2873,3435,3448,3703,3721,3724,4334,4903,5471,5846,5954,5964,5976,5984,6092,6181,6186,6244,7658,8470,8475,8476,8477,8478,8479,
13;0;2209;2291;1;18,19,21,24,34,37,38,55,70,144,189,212,225,251,267,288,329,404,432,443,517,765,871,873,874,875,876,877,880,1093,1269,1282,1285,1289,1293,1294,1304,1313,1322,1329,1399,1463,1472,1474,1476,1587,1668,1809,2197,2213,2220,2305,2359,2407,2861,2873,3435,3448,3703,3721,3724,4334,4903,5471,5846,5954,5964,5976,5984,6092,6181,6186,6244,7658,8470,8475,8476,8477,8478,8479,
89;1;2291;2375;1;18,19,21,24,34,37,38,55,70,144,189,212,225,251,267,288,329,404,432,443,517,765,871,873,874,875,876,877,880,1093,1269,1282,1285,1289,1293,1294,1304,1313,1322,1329,1399,1463,1472,1474,1476,1587,1668,1809,2197,2213,2220,2305,2359,2407,2861,2873,3435,3448,3703,3721,3724,4334,4903,5471,5846,5954,5964,5976,5984,6092,6181,6186,6244,7658,8470,8475,8476,8477,8478,8479,
85;1;2375;2461;1;18,19,21,24,34,37,38,55,70,144,189,212,225,251,267,288,329,404,432,443,517,765,871,873,874,875,876,877,880,1093,1269,1282,1285,1289,1293,1294,1304,1313,1322,1329,1399,1463,1472,1474,1476,1587,1668,1809,2197,2213,2220,2305,2359,2407,2861,2873,3435,3448,3703,3721,3724,4334,4903,5471,5846,5954,5964,5976,5984,6092,6181,6186,6244,7658,8470,8475,8476,8477,8478,8479,
47;1;2461;2550;1;18,19,21,24,34,37,38,55,70,144,189,212,225,251,267,288,329,404,432,443,517,765,871,873,874,875,876,877,880,1093,1269,1282,1285,1289,1293,1294,1304,1313,1322,1329,1399,1463,1472,1474,1476,1587,1668,1809,2197,2213,2220,2305,2359,2407,2861,2873,3435,3448,3703,3721,3724,4334,4903,5471,5846,5954,5964,5976,5984,6092,6181,6186,6244,7658,8470,8475,8476,8477,8478,8479,
89;0;2550;2640;1;18,19,21,24,34,37,38,55,70,144,189,212,225,251,267,288,329,404,432,443,517,765,871,873,874,875,876,877,880,1093,1269,1282,1285,1289,1293,1294,1304,1313,1322,1329,1399,1463,1472,1474,1476,1587,1668,1809,2197,2213,2220,2305,2359,2407,2861,2873,3435,3448,3703,3721,3724,4334,4903,5471,5846,5954,5964,5976,5984,6092,6181,6186,6244,7658,8470,8475,8476,8477,8478,8479,
357;0;2640;2737;1;18,19,21,24,34,37,38,55,70,144,189,212,225,251,267,288,329,404,432,443,517,765,871,873,874,875,876,877,880,1093,1269,1282,1285,1289,1293,1294,1304,1313,1322,1329,1399,1463,1472,1474,1476,1587,1668,1809,2197,2213,2220,2305,2359,2407,2861,2873,3435,3448,3703,3721,3724,4334,4903,5471,5846,5954,5964,5976,5984,6092,6181,6186,6244,7658,8470,8475,8476,8477,8478,8479,
295;0;2880;2977;1;8,18,19,21,24,34,37,38,55,70,144,189,212,225,251,267,288,329,390,404,429,432,443,517,765,871,873,874,875,876,877,880,1051,1093,1134,1146,1269,1282,1285,1289,1293,1294,1304,1313,1322,1329,1399,1463,1472,1473,1474,1476,1587,1668,1757,1809,2197,2213,2220,2305,2359,2407,2861,2873,3257,3435,3448,3703,3721,3724,4334,4903,5471,5846,5954,5964,5976,5984,6092,6181,
281;0;2977;3075;1;8,18,19,21,24,34,37,38,55,70,144,189,212,225,251,267,274,288,329,336,390,404,429,432,443,517,677,765,856,871,873,874,875,876,877,880,1051,1093,1134,1146,1269,1282,1285,1289,1293,1294,1304,1313,1322,1329,1399,1463,1472,1473,1474,1476,1587,1668,1757,1809,2197,2213,2220,2305,2359,2407,2645,2689,2861,2873,3257,3435,3448,3703,3715,3721,3724,4334,5471,5984,
343;0;3075;3176;1;8,18,19,21,24,34,37,38,55,70,144,169,189,206,212,225,251,267,274,288,329,336,390,404,429,432,443,483,502,506,516,517,569,677,765,856,871,872,873,874,875,876,877,880,1051,1093,1134,1146,1269,1282,1285,1289,1293,1294,1304,1313,1322,1329,1463,1472,1473,1474,1476,1587,1668,1809,2197,2220,2305,2407,2412,2645,2873,3435,3448,3703,3715,5464,5471,5984,
42;0;3176;3278;1;8,18,19,21,24,34,37,38,55,70,144,169,189,206,212,225,251,267,274,288,295,329,336,390,397,404,429,432,443,483,502,506,516,517,569,677,765,856,871,872,873,874,875,876,877,880,1051,1093,1134,1146,1269,1282,1285,1289,1293,1294,1304,1313,1322,1463,1472,1473,1474,1476,1521,1587,1668,1809,2197,2220,2305,2407,2645,2873,3435,3448,3703,3715,5471,5984,
354;0;3278;3383;1;8,18,19,24,34,38,55,70,144,169,189,225,229,231,234,240,243,245,251,266,267,268,272,273,274,286,288,295,329,351,390,397,404,429,569,677,765,871,874,875,876,877,880,1051,1093,1134,1146,1172,1210,1214,1269,1293,1294,1322,1472,1473,1474,1476,1521,1587,1668,1756,1809,2197,2220,2305,2407,2432,2645,2873,3286,3435,3448,3715,4859,5371,5372,5373,5471,5984,
61;0;3383;3493;1;8,18,19,24,34,38,55,70,144,169,189,225,229,231,234,240,243,245,251,266,267,268,272,273,274,286,288,295,329,351,390,397,404,429,569,677,765,787,871,874,875,876,877,880,1051,1093,1134,1146,1172,1210,1214,1269,1293,1294,1322,1472,1473,1474,1476,1521,1587,1668,1756,1809,2197,2220,2305,2407,2432,2645,2873,3286,3435,3448,3715,4859,5371,5372,5471,5984,
0;0;3493;3605;1;24,26,38,46,52,54,79,88,144,169,225,251,262,268,273,286,288,295,302,305,308,310,314,380,390,404,408,429,595,677,704,847,862,892,894,1051,1093,1131,1134,1146,1214,1269,1293,1294,1307,1322,1430,1587,1719,1720,1721,1722,1723,1724,1809,1844,2468,2676,2774,2775,3309,3532,4604,4639,4641,4994,4995,4996,4997,4998,4999,5000,5002,5003,5004,5005,5006,5007,5008,5009,
24;1;3605;3720;1;24,26,38,46,52,54,79,88,144,169,225,251,262,268,273,286,288,295,302,305,308,310,314,380,390,404,408,429,595,677,704,847,862,892,894,1051,1093,1131,1134,1146,1214,1269,1293,1294,1307,1322,1430,1587,1719,1720,1721,1722,1723,1724,1809,1844,2468,2676,2774,2775,3309,3532,4604,4639,4641,4994,4995,4996,4997,4998,4999,5000,5002,5003,5004,5005,5006,5007,5008,5009,
92;0;3720;3837;1;24,26,38,46,52,54,79,88,144,169,225,251,262,268,273,286,288,295,302,305,308,310,314,380,390,404,408,429,595,677,704,847,862,892,894,1051,1093,1131,1134,1146,1214,1269,1293,1294,1307,1322,1430,1587,1719,1720,1721,1722,1723,1724,1809,1844,2468,2676,2774,2775,3309,3532,4604,4639,4641,4994,4995,4996,4997,4998,4999,5000,5002,5003,5004,5005,5006,5007,5008,5009,
12;1;3837;3957;1;24,26,38,46,52,54,79,88,144,169,225,251,262,268,273,286,288,295,302,305,308,310,314,380,390,404,408,429,595,677,704,847,862,892,894,1051,1093,1131,1134,1146,1214,1269,1293,1294,1307,1322,1430,1587,1719,1720,1721,1722,1723,1724,1809,1844,2468,2676,2774,2775,3309,3532,4604,4639,4641,4994,4995,4996,4997,4998,4999,5000,5002,5003,5004,5005,5006,5007,5008,5009,
386;0;4320;4441;1;24,26,38,46,52,54,79,88,144,169,225,251,262,268,273,286,288,295,302,305,308,310,314,380,390,404,408,429,528,595,634,677,704,847,862,892,894,1051,1093,1131,1134,1146,1214,1267,1269,1273,1287,1288,1293,1294,1295,1307,1322,1430,1587,1719,1720,1721,1722,1723,1724,1778,1783,1784,1809,1844,2241,2264,2468,2485,2676,2774,2775,3700,4604,4620,4996,5105,5122,5123,
56;1;4441;4564;1;3,24,26,38,46,52,54,79,88,100,144,169,225,251,262,268,273,286,288,295,302,305,308,310,314,380,390,404,408,429,528,595,607,634,677,704,720,847,862,892,894,1051,1093,1131,1134,1146,1214,1267,1269,1273,1287,1288,1293,1294,1295,1307,1322,1430,1470,1478,1587,1679,1719,1720,1721,1722,1723,1778,1809,1944,2241,2434,2485,2721,2774,2775,4604,4620,4996,6565,
14;0;4564;4688;1;3,24,26,38,46,52,54,79,88,100,139,144,169,225,251,262,268,273,286,288,295,302,305,308,310,314,380,390,404,408,429,528,595,607,634,677,704,720,862,948,1051,1093,1118,1133,1134,1146,1214,1236,1267,1269,1273,1287,1288,1293,1294,1295,1322,1361,1478,1587,1679,1778,1809,1916,2053,2241,2338,2485,2721,2774,2775,3630,4553,4604,4620,4754,4996,5011,5338,6746,
325;0;4688;4813;1;3,24,26,38,46,52,54,79,88,100,139,144,169,225,251,262,268,273,286,288,295,302,305,308,310,314,380,390,404,408,429,528,595,607,634,677,862,948,1051,1093,1118,1133,1134,1146,1214,1267,1269,1273,1287,1288,1293,1294,1295,1322,1361,1478,1587,1679,1778,1809,1916,2053,2241,2338,2485,2495,2721,2774,2775,2814,3630,4545,4553,4604,4620,4972,5767,5768,5769,5770,
45;0;4813;4952;1;3,24,26,38,46,52,54,79,88,100,137,139,144,169,225,251,262,268,273,286,288,295,302,305,314,380,390,398,404,408,429,528,607,677,862,948,1048,1051,1054,1093,1118,1133,1134,1145,1146,1214,1267,1269,1273,1287,1288,1293,1294,1295,1322,1358,1361,1478,1587,1604,1778,1809,1814,1916,1945,1970,1971,2053,2241,2338,2485,2721,2774,2775,3630,4545,4553,4604,4620,4972,
285;0;4952;5093;1;4,27,28,30,89,90,144,155,169,251,255,276,359,407,408,415,427,504,510,578,583,748,764,768,773,833,836,858,862,863,944,945,947,949,1046,1134,1162,1174,1196,1214,1371,1513,1524,1525,1532,1533,1534,1535,1536,1537,1538,1549,1580,1587,1849,2018,2036,2074,2179,2198,2199,2285,2847,2848,3003,3004,3005,3006,3007,3008,3009,3010,3978,3979,6136,7953,7954,7956,7957,8120,
118;0;5093;5234;1;4,27,28,30,89,90,144,155,169,251,255,276,359,407,408,415,427,504,510,578,583,748,764,768,773,833,836,858,862,863,944,945,947,949,1046,1134,1162,1174,1196,1214,1371,1513,1524,1525,1532,1533,1534,1535,1536,1537,1538,1549,1580,1587,1849,2018,2036,2074,2179,2198,2199,2285,2847,2848,3003,3004,3005,3006,3007,3008,3009,3010,3978,3979,6136,7953,7954,7956,7957,8120,
286;0;5234;5376;1;4,27,28,30,89,90,144,155,169,251,255,276,359,407,408,415,427,504,510,578,583,748,764,768,773,833,836,858,862,863,944,945,947,949,1046,1134,1162,1174,1196,1214,1371,1513,1524,1525,1532,1533,1534,1535,1536,1537,1538,1549,1580,1587,1849,2018,2036,2074,2179,2198,2199,2285,2847,2848,3003,3004,3005,3006,3007,3008,3009,3010,3978,3979,6136,7953,7954,7956,7957,8120,
296;0;5376;5520;1;4,27,28,30,89,90,144,155,169,251,255,276,359,407,408,415,427,504,510,578,583,748,764,768,773,833,836,858,862,863,944,945,947,949,1046,1134,1162,1174,1196,1214,1371,1513,1524,1525,1532,1533,1534,1535,1536,1537,1538,1549,1580,1587,1849,2018,2036,2074,2179,2198,2199,2285,2847,2848,3003,3004,3005,3006,3007,3008,3009,3010,3978,3979,6136,7953,7954,7956,7957,8120,
58;0;5760;5907;1;4,27,28,30,89,90,144,145,155,169,225,251,255,276,321,359,407,408,415,427,504,510,578,583,748,764,768,773,833,836,858,862,863,944,945,947,949,1046,1134,1162,1174,1196,1214,1360,1371,1513,1524,1525,1532,1533,1534,1535,1536,1537,1538,1549,1580,1587,1849,2018,2036,2074,2179,2198,2199,2249,2285,2508,2847,2848,3003,3004,3005,3006,3007,3008,3009,3010,3293,6136,
292;0;5907;6055;1;4,27,28,30,89,90,144,145,155,169,225,251,255,276,321,359,407,408,415,427,504,510,520,578,583,728,748,764,768,773,833,836,858,862,863,944,945,947,949,1046,1134,1162,1174,1196,1214,1360,1371,1513,1524,1525,1532,1533,1534,1535,1536,1537,1538,1549,1580,1587,1849,2018,2036,2074,2179,2198,2199,2249,2285,2419,2508,2837,2847,2848,3003,3004,3005,3006,3008,6136,
73;1;6055;6203;1;4,27,28,30,89,90,144,145,155,169,225,251,255,276,321,359,407,408,415,427,504,510,520,578,583,728,748,764,768,773,833,836,858,862,863,944,945,947,949,1046,1134,1162,1174,1196,1214,1360,1371,1513,1524,1525,1538,1587,1849,2074,2179,3005,3006,3008,6136,9222,9223,9224,9225,9229,9230,9231,9233,9234,9235,9236,9241,9243,9244,9250,9251,9252,9253,9254,9255,9256,
84;1;6203;6351;1;4,27,28,30,89,90,100,144,145,155,169,225,251,255,276,321,359,407,408,415,427,504,510,520,578,583,666,677,715,728,748,764,768,773,814,833,836,858,862,863,944,945,947,949,1046,1134,1162,1196,1214,1360,1481,1513,1524,1525,1529,1538,1587,1849,2074,2179,2635,2661,2678,2802,3005,3006,3008,3379,3527,4949,5432,5525,5722,6023,6024,6136,6496,6497,6498,6499,
35;1;6351;6499;1;24,100,137,144,145,225,231,251,266,288,290,291,321,329,377,396,397,429,640,827,833,838,839,863,901,949,1093,1118,1133,1134,1170,1214,1407,1525,1809,1884,2053,2054,2055,2056,2504,2645,2678,2687,2774,2775,2776,2778,2779,2790,3019,3263,3435,4604,4605,4606,4946,5370,5432,5894,5895,5898,5899,5901,6126,6127,6128,6129,6136,6361,6362,6363,6629,7428,8147,8653,8654,8655,8656,8657,
54;0;6499;6805;0;24,100,137,144,145,225,231,251,266,288,290,291,321,329,377,396,397,429,640,827,833,838,839,863,901,949,1093,1118,1133,1134,1170,1214,1407,1525,1809,1884,2053,2054,2055,2056,2504,2645,2678,2687,2774,2775,2776,2778,2779,2790,3019,3263,3435,4604,4605,4606,4946,5370,5432,5894,5895,5898,5899,5901,6126,6127,6128,6129,6136,6361,6362,6363,6629,7428,8147,8653,8654,8655,8656,8657,
117;0;6805;7011;0;24,100,137,144,145,225,231,251,266,288,290,291,321,329,377,396,397,429,640,827,833,838,839,863,901,949,1093,1118,1133,1134,1170,1214,1407,1525,1809,1884,2053,2054,2055,2056,2504,2645,2678,2687,2774,2775,2776,2778,2779,2790,3019,3263,3435,4604,4605,4606,4946,5370,5432,5894,5895,5898,5899,5901,6126,6127,6128,6129,6136,6361,6362,6363,6629,7428,8147,8653,8654,8655,8656,8657,
39;0;7011;7192;0;24,100,137,144,145,225,231,251,266,288,290,291,321,329,377,396,397,429,640,827,833,838,839,863,901,949,1093,1118,1133,1134,1170,1214,1407,1525,1809,1884,2053,2054,2055,2056,2504,2645,2678,2687,2774,2775,2776,2778,2779,2790,3019,3263,3435,4604,4605,4606,4946,5370,5432,5894,5895,5898,5899,5901,6126,6127,6128,6129,6136,6361,6362,6363,6629,7428,8147,8653,8654,8655,8656,8657,
361;0;7200;7375;0;3,24,100,137,139,144,145,149,225,231,251,262,266,275,288,290,291,301,321,329,377,396,397,429,640,647,827,833,838,839,855,863,901,948,949,1060,1093,1118,1133,1134,1170,1214,1407,1502,1525,1670,1809,1884,2053,2054,2055,2056,2224,2504,2645,2678,2687,2774,2775,2776,2778,2779,2790,3019,3263,3435,4535,4553,4604,4605,4606,4746,5432,5627,5894,5895,5898,5899,5901,6136,
300;0;7375;7503;0;3,137,139,140,144,145,225,231,262,270,290,291,292,329,351,377,386,398,404,429,647,678,694,920,926,948,1093,1117,1118,1170,1378,1380,1475,1476,1477,1501,1521,1762,2120,2127,2645,2657,2778,2815,2904,3712,4034,4093,4390,4470,4472,4545,4572,4573,4574,4575,4576,4577,4578,4579,4580,4581,4582,4583,4584,4585,4586,4587,4588,4589,4590,4591,4592,4593,4594,4595,4596,4597,4604,4606,
83;1;7503;7601;0;3,137,139,140,144,145,225,231,262,270,290,291,292,329,351,377,386,398,404,429,647,678,694,920,926,948,1093,1117,1118,1170,1378,1380,1474,1475,1476,1477,1501,1521,1762,2120,2127,2645,2657,2778,2815,2904,3712,4034,4093,4390,4470,4472,4545,4572,4573,4574,4575,4576,4577,4578,4579,4580,4581,4582,4583,4584,4585,4586,4587,4588,4589,4590,4591,4592,4593,4594,4595,4596,4604,4606,
68;1;7601;7681;0;3,137,139,140,144,145,225,231,262,270,290,291,292,329,351,377,386,398,404,429,647,678,694,824,920,926,948,1093,1117,1118,1170,1378,1380,1474,1475,1476,1477,1501,1521,1762,2120,2127,2253,2322,2645,2657,2777,2778,2789,2815,2816,2904,3099,3111,3712,4034,4093,4390,4397,4470,4472,4545,4572,4573,4574,4575,4576,4577,4578,4579,4604,4606,4771,4855,9121,9123,9124,9152,9153,9154,
34;1;7681;7720;0;3,97,137,139,140,144,145,225,231,262,270,288,290,291,292,329,351,377,380,386,398,404,429,647,678,694,824,920,926,948,1093,1117,1118,1170,1378,1380,1401,1474,1475,1476,1477,1478,1501,1521,1762,2120,2127,2253,2322,2355,2645,2657,2777,2778,2789,2815,2816,2904,3099,3111,3712,4034,4093,4390,4397,4470,4472,4545,4572,4573,4574,4575,4576,4577,4578,4579,4604,4606,4771,4855,
7;1;7720;7756;0;3,97,137,139,140,144,145,149,225,231,241,262,270,277,288,290,291,292,329,351,377,380,386,391,396,398,404,429,647,678,694,824,920,926,948,1093,1117,1118,1170,1214,1378,1380,1401,1468,1474,1475,1476,1477,1478,1501,1521,1762,2109,2120,2127,2253,2322,2355,2451,2645,2657,2709,2777,2778,2789,2815,2816,2904,2926,3099,3111,3712,4093,4545,4572,4574,4604,4606,5243,6125,
130;1;7756;7772;0;3,137,139,144,145,149,225,226,233,234,241,262,267,268,273,275,277,284,285,286,287,288,289,290,291,292,301,351,398,404,429,430,609,612,647,827,948,1093,1099,1118,1146,1172,1358,1378,1478,1519,1525,1734,1735,1915,1916,1918,2052,2091,2133,2337,2338,2573,2645,3763,4093,4426,4533,5185,5186,5187,5188,5189,5190,5191,5192,5193,5194,5195,5196,5197,5198,5199,5200,5201,
276;0;7772;7922;1;26,87,95,100,117,144,248,251,262,277,291,297,351,393,398,528,691,848,899,1050,1051,1093,1136,1146,1358,1378,1530,1668,1725,1726,1727,1728,1729,1730,1731,1732,1733,1915,2091,2337,2394,2627,2643,2645,2678,2679,2986,3016,3618,3774,3802,3915,4744,4745,4746,4775,4791,4840,4841,5053,5890,6098,6136,6145,6401,7029,7316,7463,7879,8074,8075,8077,8115,8116,8282,8356,8368,8369,8370,8371,
390;0;7922;8073;1;26,87,95,100,117,144,248,251,262,277,291,297,351,393,398,528,691,848,899,1050,1051,1093,1136,1146,1358,1378,1530,1668,1725,1726,1727,1728,1729,1730,1731,1732,1733,1915,2091,2337,2394,2627,2643,2645,2678,2679,2986,3016,3618,3774,3802,3915,4744,4745,4746,4775,4791,4840,4841,5053,5890,6098,6136,6145,6401,7029,7316,7463,7879,8074,8075,8077,8115,8116,8282,8356,8368,8369,8370,8371,
38;0;8073;8224;1;26,87,95,100,117,144,248,251,262,277,291,297,351,393,398,528,691,848,899,1050,1051,1093,1136,1146,1358,1378,1530,1668,1725,1726,1727,1728,1729,1730,1731,1732,1733,1915,2091,2337,2394,2627,2643,2645,2678,2679,2986,3016,3618,3774,3802,3915,4744,4745,4746,4775,4791,4840,4841,5053,5890,6098,6136,6145,6401,7029,7316,7463,7879,8074,8075,8077,8115,8116,8282,8356,8368,8369,8370,8371,
336;0;8224;8378;1;26,87,95,100,117,144,248,251,262,277,291,297,351,393,398,528,691,848,899,1050,1051,1093,1136,1146,1358,1378,1530,1668,1725,1726,1727,1728,1729,1730,1731,1732,1733,1915,2091,2337,2394,2627,2643,2645,2678,2679,2986,3016,3618,3774,3802,3915,4744,4745,4746,4775,4791,4840,4841,5053,5890,6098,6136,6145,6401,7029,7316,7463,7879,8074,8075,8077,8115,8116,8282,8356,8368,8369,8370,8371,
8;1;8378;8534;1;26,87,95,100,117,144,248,251,262,277,291,297,351,393,398,528,691,848,899,1050,1051,1093,1136,1146,1358,1378,1530,1668,1725,1726,1727,1728,1729,1730,1731,1732,1733,1915,2091,2337,2394,2627,2643,2645,2678,2679,2986,3016,3618,3774,3802,3915,4744,4745,4746,4775,4791,4840,4841,5053,5890,6098,6136,6145,6401,7029,7316,7463,7879,8074,8075,8077,8115,8116,8282,8356,8368,8369,8370,8371,
6;1;8534;8692;1;26,87,95,100,117,144,248,251,262,277,291,297,351,393,398,528,691,848,899,1050,1051,1093,1136,1146,1358,1378,1530,1668,1725,1726,1727,1728,1729,1730,1731,1732,1733,1915,2091,2337,2394,2627,2643,2645,2678,2679,2986,3016,3618,3774,3802,3915,4744,4745,4746,4775,4791,4840,4841,5053,5890,6098,6136,6145,6401,7029,7316,7463,7879,8074,8075,8077,8115,8116,8282,8356,8368,8369,8370,8371,
40;1;8692;8851;1;26,87,95,100,117,144,248,251,262,277,291,297,351,393,398,528,691,848,899,1050,1051,1093,1136,1146,1358,1378,1530,1668,1725,1726,1727,1728,1729,1730,1731,1732,1733,1915,2091,2337,2394,2627,2643,2645,2678,2679,2986,3016,3178,3232,3538,3618,3665,3673,3774,3802,3915,4744,4745,4746,4775,4791,4840,4841,5053,5088,5890,5984,5992,6098,6136,6145,6401,6468,6584,7029,7154,7463,8077,8703,
97;0;8851;9011;1;26,27,87,95,100,117,144,248,251,255,262,277,291,297,351,393,398,528,691,826,848,899,1050,1051,1093,1136,1146,1267,1270,1286,1287,1358,1378,1530,1668,1685,1725,1726,1727,1728,1729,1730,1731,1732,1733,1915,2091,2197,2337,2394,2627,2643,2645,2678,2679,2986,3015,3016,3178,3232,3411,3618,3774,3802,4487,4488,5053,5162,5471,5682,5890,5984,5992,6136,6145,6584,7463,7671,8077,8836,
392;0;9011;9172;1;26,27,87,95,100,117,144,248,251,255,262,277,291,297,351,393,398,486,528,691,826,848,899,1050,1051,1093,1136,1146,1180,1267,1270,1286,1287,1358,1378,1530,1668,1685,1725,1726,1727,1728,1729,1730,1731,1732,1733,1915,2091,2197,2337,2394,2627,2643,2645,2678,2679,2986,3015,3016,3178,3232,3411,3618,3774,3802,3837,4003,4487,4488,5053,5162,5890,5984,5992,6136,6145,6584,7463,8077,
48;1;9172;9336;1;26,27,87,95,100,117,144,164,248,251,255,262,277,291,297,351,393,398,486,528,691,826,848,899,1050,1051,1093,1136,1146,1180,1267,1270,1280,1286,1287,1293,1295,1358,1378,1530,1668,1685,1725,1726,1727,1728,1729,1730,1731,1732,1915,2091,2337,2394,2611,2627,2645,2678,2679,2986,3015,3386,3598,3618,3774,3802,3831,3986,4462,5053,5890,5984,5992,6136,6145,6584,6961,7003,7463,8077,
36;0;9336;9500;1;26,35,68,88,95,117,144,150,196,245,247,248,262,277,321,343,374,390,395,398,528,569,640,648,765,835,995,1051,1093,1146,1177,1264,1270,1277,1278,1293,1322,1358,1360,1363,1512,1693,1710,1751,1814,1853,1920,1984,1989,2122,2216,2503,2518,2519,2520,2521,2522,2523,2524,2525,2526,2527,2528,2559,2611,2661,2693,2897,2914,2915,3037,3447,3618,3745,5253,5316,5334,6099,6611,7161,
51;1;9500;9665;1;26,35,68,88,95,117,144,150,196,245,247,248,262,277,321,343,374,390,395,398,528,569,640,648,765,835,995,1051,1093,1146,1177,1264,1270,1277,1278,1293,1322,1358,1360,1363,1512,1693,1710,1751,1814,1853,1920,1984,1989,2122,2216,2503,2518,2519,2520,2521,2522,2523,2524,2525,2526,2527,2528,2559,2611,2661,2693,2897,2914,2915,3037,3447,3618,3745,5253,5316,5334,6099,6611,7161,
95;1;9665;9838;1;26,35,68,88,95,117,144,150,196,245,247,248,262,277,321,343,374,390,395,398,528,569,640,648,765,835,995,1051,1093,1146,1177,1264,1270,1277,1278,1293,1322,1358,1360,1363,1512,1693,1710,1751,1814,1853,1920,1984,1989,2122,2216,2503,2518,2519,2520,2521,2522,2523,2524,2525,2526,2527,2528,2559,2611,2661,2693,2897,2914,2915,3037,3447,3618,3745,5253,5316,5334,6099,6611,7161,
72;1;9838;10011;1;26,35,68,88,95,117,144,150,196,245,247,248,262,277,321,343,374,390,395,398,528,569,640,648,765,835,995,1051,1093,1146,1177,1264,1270,1277,1278,1293,1322,1358,1360,1363,1512,1693,1710,1751,1814,1853,1920,1984,1989,2122,2216,2503,2518,2519,2520,2521,2522,2523,2524,2525,2526,2527,2528,2559,2611,2661,2693,2897,2914,2915,3037,3447,3618,3745,5253,5316,5334,6099,6611,7161,
111;1;10011;10184;1;26,35,68,88,95,117,144,150,196,245,247,248,262,277,321,343,374,390,395,398,528,569,640,648,765,835,995,1051,1093,1146,1177,1264,1270,1277,1278,1293,1322,1358,1360,1363,1512,1693,1710,1751,1814,1853,1920,1984,1989,2122,2216,2503,2518,2519,2520,2521,2522,2523,2524,2525,2526,2527,2528,2559,2611,2661,2693,2897,2914,2915,3037,3447,3618,3745,5253,5316,5334,6099,6611,7161,
387;0;10184;10359;1;26,35,68,88,95,117,144,150,196,245,247,248,262,277,321,343,374,390,395,398,528,569,640,648,762,765,835,995,1051,1093,1146,1177,1264,1270,1277,1278,1293,1322,1358,1360,1363,1512,1693,1710,1751,1814,1853,1920,1984,1989,2122,2216,2503,2518,2519,2520,2521,2522,2523,2524,2525,2526,2527,2528,2559,2611,2661,2693,2897,2914,2915,3037,3447,3618,3745,5253,5316,5334,6099,6611,
115;0;10359;10702;0;26,35,68,88,95,117,144,150,196,245,247,248,262,277,321,343,374,390,395,398,528,569,640,648,762,765,835,995,1051,1093,1146,1177,1264,1270,1273,1277,1278,1293,1322,1358,1360,1363,1512,1570,1693,1710,1751,1814,1853,1920,1984,1989,2089,2122,2216,2503,2518,2519,2520,2521,2522,2523,2524,2525,2526,2527,2528,2559,2611,2661,2693,2914,2941,3604,3618,3745,3988,4263,4268,5253,
55;0;10702;11020;0;3,26,68,88,95,117,137,144,149,150,245,247,248,262,277,321,343,359,390,395,398,528,569,640,765,835,1051,1054,1062,1146,1270,1273,1277,1278,1293,1322,1358,1360,1361,1363,1478,1604,1670,1809,1811,1814,1920,2025,2089,2216,2281,2310,2337,2611,2661,2693,2914,2941,2968,2984,3618,3621,3745,4093,4162,4263,4268,4553,4727,5607,5830,6101,6107,6109,6113,7936,8261,8450,8451,8452,
79;0;11020;11320;0;3,26,68,88,95,117,137,144,149,150,245,247,248,262,277,321,343,359,390,395,398,528,569,640,765,835,1051,1054,1062,1146,1270,1273,1277,1278,1293,1322,1358,1360,1361,1363,1478,1604,1670,1809,1811,1814,1920,2025,2089,2216,2281,2310,2337,2611,2661,2693,2914,2941,2968,2984,3618,3621,3745,4093,4162,4263,4268,4553,4727,5607,5830,6101,6107,6109,6113,7936,8261,8450,8451,8452,
50;0;11320;11615;0;3,26,68,88,95,117,137,144,149,150,245,247,248,262,277,321,343,359,390,395,398,528,569,640,765,835,1051,1054,1062,1146,1270,1273,1277,1278,1293,1322,1358,1360,1361,1363,1478,1604,1670,1809,1811,1814,1920,2025,2089,2216,2281,2310,2337,2611,2661,2693,2914,2941,2968,2984,3618,3621,3745,4093,4162,4263,4268,4553,4727,5607,5830,6101,6107,6109,6113,7936,8261,8450,8451,8452,
93;0;11615;11896;0;18,26,34,44,46,55,57,59,68,95,128,137,144,149,198,247,248,262,321,343,371,390,398,413,415,427,496,528,569,640,757,765,835,1013,1054,1270,1273,1277,1293,1322,1360,1478,1565,1652,1814,1920,2034,2035,2071,2074,2089,2216,2337,2395,2396,2611,2661,2693,2914,2941,2979,2984,3006,3618,3745,3867,3902,4074,4553,5405,5474,5708,5927,5928,5929,5930,5931,5932,5933,5934,
19;0;11896;12166;0;18,24,26,34,44,46,55,57,59,68,95,126,128,137,144,149,198,208,247,248,262,321,343,371,390,398,413,415,427,480,496,499,504,528,547,569,578,640,757,765,835,964,1013,1054,1270,1273,1277,1293,1322,1360,1478,1565,1587,1652,1701,1814,1920,1936,2034,2035,2069,2074,2089,2216,2306,2337,2611,2661,2693,2914,2941,2984,3395,3618,3745,3867,3902,4553,5474,7980,
70;0;12166;12428;0;26,34,144,189,247,262,321,389,398,529,558,577,591,600,640,729,769,835,855,858,1054,1221,1269,1270,1277,1290,1293,1295,1322,1478,1524,1587,1592,1651,1700,2064,2074,2089,2216,2217,2218,2219,2220,2221,2492,2512,2547,2611,2645,2649,2692,2693,2728,2783,2806,2914,3029,3050,3524,3829,3867,4371,4440,4452,4498,4813,5091,5092,5093,5094,5095,5096,5146,7294,7299,8166,8260,8320,8989,9065,
9;0;12428;12672;0;26,34,144,189,247,262,321,389,398,529,558,577,591,600,640,729,769,835,855,858,1054,1221,1269,1270,1277,1290,1293,1295,1322,1478,1524,1587,1592,1651,1700,2064,2074,2089,2216,2217,2218,2219,2220,2221,2492,2512,2547,2611,2645,2649,2692,2693,2728,2783,2806,2914,3029,3050,3524,3829,3867,4371,4440,4452,4498,4813,5091,5092,5093,5094,5095,5096,5146,7294,7299,8166,8260,8320,8989,9065,
122;0;12672;12904;0;26,34,144,189,247,262,321,389,398,529,558,577,591,600,640,729,769,835,855,858,1054,1221,1269,1270,1277,1290,1293,1295,1322,1478,1524,1587,1592,1651,1700,2064,2074,2089,2216,2217,2218,2219,2220,2221,2492,2512,2547,2611,2645,2649,2692,2693,2728,2783,2806,2914,3029,3050,3524,3829,3867,4371,4440,4452,4498,4813,5091,5092,5093,5094,5095,5096,5146,7294,7299,8166,8260,8320,8989,9065,
82;0;12904;13131;0;26,34,144,189,247,262,321,389,398,529,558,577,591,600,640,729,769,835,855,858,1054,1221,1269,1270,1277,1290,1293,1295,1322,1478,1524,1587,1592,1651,1700,2064,2074,2089,2216,2217,2218,2219,2220,2221,2492,2512,2547,2611,2645,2649,2692,2693,2728,2783,2806,2914,3029,3050,3524,3829,3867,4371,4440,4452,4498,4813,5091,5092,5093,5094,5095,5096,5146,7294,7299,8166,8260,8320,8989,9065,
80;0;13131;13333;0;26,34,144,189,247,262,321,389,398,515,529,558,577,591,600,640,729,769,835,855,858,1054,1221,1266,1269,1270,1275,1277,1287,1288,1290,1293,1295,1322,1478,1524,1587,1592,1651,1700,2064,2074,2089,2216,2217,2218,2219,2220,2221,2485,2492,2512,2547,2611,2645,2649,2692,2693,2728,2783,2806,2914,3029,3050,3524,3829,3867,4371,4440,4452,4498,4813,5091,6203,7978,7989,8873,8874,8875,8876,
78;0;13333;13530;0;26,34,144,189,247,262,321,389,398,515,529,558,577,591,600,640,729,769,835,838,855,858,1054,1207,1221,1266,1269,1270,1275,1277,1287,1288,1290,1293,1295,1322,1478,1493,1513,1524,1587,1592,1651,1700,1728,1729,1973,2064,2074,2089,2216,2217,2218,2219,2220,2221,2405,2485,2492,2512,2547,2611,2645,2649,2692,2693,2728,2806,2914,3000,3050,3436,3437,3438,3439,3440,3441,3442,3443,3867,
77;0;13530;13715;0;27,34,139,144,145,192,225,234,247,262,274,275,297,321,398,495,640,644,647,769,843,855,911,948,951,1054,1069,1072,1119,1293,1294,1295,1322,1359,1478,1518,1587,1610,1651,1668,1849,1916,1951,2074,2089,2216,2221,2364,2398,2407,2485,2573,2588,2611,2645,2680,2770,2914,3267,3569,3867,4357,4489,4747,4939,5110,5531,5757,6366,6646,6766,7022,7227,7605,7945,7971,8519,8520,8521,8522,
102;0;13715;13889;0;27,34,139,144,145,192,225,234,247,262,274,275,297,321,398,495,640,644,647,769,843,855,911,948,951,1054,1069,1072,1119,1293,1294,1295,1322,1359,1478,1518,1587,1610,1651,1668,1849,1916,1951,2074,2089,2216,2221,2364,2398,2407,2485,2573,2588,2611,2645,2680,2770,2914,3267,3569,3867,4357,4489,4747,4939,5110,5531,5757,6366,6646,6766,7022,7227,7605,7945,7971,8519,8520,8521,8522,
62;1;13889;14061;0;27,34,139,144,145,192,225,234,247,262,274,275,297,321,398,495,640,644,647,769,843,855,911,948,951,1054,1069,1072,1119,1293,1294,1295,1322,1359,1478,1518,1587,1610,1651,1668,1849,1916,1951,2074,2089,2216,2221,2364,2398,2407,2485,2573,2588,2611,2645,2680,2770,2914,3267,3569,3867,4357,4489,4747,4939,5110,5531,5757,6366,6646,6766,7022,7227,7605,7945,7971,8519,8520,8521,8522,
356;0;14061;14233;0;27,34,139,144,145,192,225,234,247,262,274,275,297,321,398,495,640,644,647,769,843,855,911,948,951,1054,1069,1072,1119,1293,1294,1295,1322,1359,1478,1518,1587,1610,1651,1668,1849,1916,1951,2074,2089,2216,2221,2364,2398,2407,2485,2573,2588,2611,2645,2680,2770,2914,3267,3569,3867,4357,4489,4747,4939,5110,5531,5757,6366,6646,6766,7022,7227,7605,7945,7971,8519,8520,8521,8522,
115;1;14400;14570;0;27,34,139,144,145,192,225,234,247,262,274,275,297,321,398,458,495,640,644,647,769,843,855,911,948,951,1054,1069,1072,1119,1293,1294,1295,1322,1359,1478,1518,1543,1587,1610,1651,1668,1849,1859,1916,1951,2074,2089,2216,2221,2364,2398,2407,2485,2573,2588,2611,2645,2680,2770,2914,2958,3267,3381,3382,3569,3861,3862,3863,3864,3865,3866,3867,3868,3869,3870,4357,4489,4747,4939,
116;0;14570;14738;0;27,34,139,144,145,192,225,234,247,262,274,275,297,321,398,458,495,640,644,647,769,843,855,911,948,951,1054,1069,1072,1119,1293,1294,1295,1322,1359,1478,1518,1543,1587,1610,1651,1668,1849,1859,1916,1949,1950,1951,1952,1954,1955,1956,1957,1958,1959,1960,1961,1962,1963,1964,1965,1966,1967,1968,1969,2074,2089,2216,2221,2364,2398,2407,2485,2573,2588,2645,3870,6166,6167,6168,
358;0;14738;14902;0;27,34,52,139,144,145,192,225,234,247,262,274,275,297,321,398,458,495,640,644,647,769,843,855,911,948,951,1054,1069,1072,1119,1293,1294,1295,1322,1359,1478,1518,1543,1587,1610,1651,1668,1726,1849,1859,1916,1949,1950,1951,1952,1954,1955,1956,1957,1958,1959,1960,1961,1962,1963,1964,1965,1966,1967,1968,1969,2074,2089,2216,2221,2364,2398,2407,2485,2573,2645,2872,3870,5468,
116;1;14902;15066;0;27,34,52,139,144,145,192,225,234,247,262,274,275,297,321,398,458,495,640,644,647,769,843,855,911,948,951,1054,1069,1072,1119,1293,1294,1295,1296,1322,1359,1478,1518,1543,1587,1610,1651,1668,1726,1849,1859,1916,1949,1950,1951,1952,1954,1955,1956,1957,1958,1959,1960,1961,1962,1963,1964,1965,1966,1967,1968,1969,2074,2089,2216,2221,2364,2398,2407,2485,2573,2645,2872,3870,
383;0;15066;15227;0;27,34,61,63,68,138,139,144,145,170,198,225,234,247,262,274,275,288,348,398,404,484,528,544,640,644,647,1054,1280,1293,1294,1295,1322,1398,1472,1478,1480,1544,1587,1651,1674,1726,2074,2149,2171,2179,2190,2216,2221,2279,2315,2407,2471,2645,2864,2941,3008,3060,3707,3831,3870,4009,4012,4013,4026,4119,4120,4121,4229,4230,4422,4423,4898,4899,5216,5322,5479,5480,5481,5482,
99;1;15227;15388;0;27,34,61,63,68,138,139,144,145,170,198,225,234,247,262,274,275,288,348,398,404,484,528,544,640,644,647,1054,1280,1293,1294,1295,1322,1398,1472,1478,1480,1544,1587,1651,1674,1726,2074,2149,2171,2179,2190,2216,2221,2279,2315,2407,2471,2645,2864,2941,3008,3060,3707,3831,3870,4009,4012,4013,4026,4119,4120,4121,4229,4230,4422,4423,4898,4899,5216,5322,5479,5480,5481,5482,
66;1;15388;15547;0;27,34,61,63,68,138,139,144,145,170,198,225,234,247,262,274,275,288,348,398,404,484,528,544,640,644,647,1054,1280,1293,1294,1295,1322,1398,1472,1478,1480,1544,1587,1651,1674,1726,2074,2149,2171,2179,2190,2216,2221,2279,2315,2407,2471,2645,2864,2941,3008,3060,3707,3831,3870,4009,4012,4013,4026,4119,4120,4121,4229,4230,4422,4423,4898,4899,5216,5322,5479,5480,5481,5482,
324;0;15547;15704;0;27,34,61,63,68,138,139,144,145,170,198,225,234,247,262,274,275,288,348,398,404,484,528,544,640,644,647,1054,1280,1293,1294,1295,1322,1398,1472,1478,1480,1544,1587,1651,1674,1726,2074,2149,2171,2179,2190,2216,2221,2279,2315,2407,2471,2645,2864,2941,3008,3060,3707,3831,3870,4009,4012,4013,4026,4119,4120,4121,4229,4230,4422,4423,4898,4899,5216,5322,5479,5480,5481,5482,
END
fineshedJobsCount: 246
switchs: 3127
switchsInstances: 158
unfineshedPriorityCount: 108
finalSolution: -567
totalUnfineshed: 153
Time: 37
