./input/MyInstancesSameToolSets/n=228,p=0.50,r=0.6,t=1520,v4.csv;./input/Processed/ToolSetInt.csv
6;720;1440
Machine: 0
24;0;0;9;1;3,15,16,20,27,52,60,100,144,199,200,201,202,203,204,205,206,207,208,209,210,211,212,213,214,215,216,217,218,219,220,221,222,223,224,225,354,355,356,357,404,499,503,607,662,720,736,979,987,1268,1269,1270,1293,1294,1295,1304,1322,1470,1478,1558,1679,1809,1898,1944,1992,2220,2407,2434,2721,3126,3127,3128,3703,3721,3797,4112,4217,4353,6565,8135,
66;0;9;30;1;3,15,16,20,27,52,60,100,144,199,200,201,202,203,204,205,206,207,208,209,210,211,212,213,214,215,216,217,218,219,220,221,222,223,224,225,354,355,356,357,404,499,503,607,662,720,736,979,987,1268,1269,1270,1293,1294,1295,1304,1322,1470,1478,1558,1679,1809,1898,1944,1992,2220,2407,2434,2721,3126,3127,3128,3703,3721,3797,4112,4217,4353,6565,8135,
15;0;30;53;1;3,15,16,20,27,52,60,100,144,199,200,201,202,203,204,205,206,207,208,209,210,211,212,213,214,215,216,217,218,219,220,221,222,223,224,225,354,355,356,357,404,499,503,607,662,720,736,979,987,1268,1269,1270,1293,1294,1295,1304,1322,1470,1478,1558,1679,1809,1898,1944,1992,2220,2407,2434,2721,3126,3127,3128,3703,3721,3797,4112,4217,4353,6565,8135,
0;0;53;82;1;3,15,16,20,27,52,60,100,144,199,200,201,202,203,204,205,206,207,208,209,210,211,212,213,214,215,216,217,218,219,220,221,222,223,224,225,354,355,356,357,404,499,503,607,662,720,736,979,987,1268,1269,1270,1293,1294,1295,1304,1322,1470,1478,1558,1679,1809,1898,1944,1992,2220,2407,2434,2721,3126,3127,3128,3703,3721,3797,4112,4217,4353,6565,8135,
41;0;82;126;1;3,15,16,20,27,52,60,100,144,199,200,201,202,203,204,205,206,207,208,209,210,211,212,213,214,215,216,217,218,219,220,221,222,223,224,225,354,355,356,357,404,499,503,607,662,720,736,979,987,1268,1269,1270,1293,1294,1295,1304,1322,1470,1478,1558,1679,1809,1898,1944,1992,2220,2407,2434,2721,3126,3127,3128,3703,3721,3797,4112,4217,4353,6565,8135,
56;0;126;178;1;3,15,16,20,27,52,60,100,144,199,200,201,202,203,204,205,206,207,208,209,210,211,212,213,214,215,216,217,218,219,220,221,222,223,224,225,354,355,356,357,404,499,503,607,662,720,736,979,987,1268,1269,1270,1293,1294,1295,1304,1322,1470,1478,1558,1679,1809,1898,1944,1992,2220,2407,2434,2721,3126,3127,3128,3703,3721,3797,4112,4217,4353,6565,8135,
28;0;178;238;1;3,15,16,20,27,52,60,100,144,199,200,201,202,203,204,205,206,207,208,209,210,211,212,213,214,215,216,217,218,219,220,221,222,223,224,225,354,355,356,357,404,499,503,607,662,720,736,979,987,1268,1269,1270,1293,1294,1295,1304,1322,1470,1478,1558,1679,1809,1898,1944,1992,2220,2407,2434,2721,4217,4353,7893,8122,8135,8137,8138,8142,8143,8283,8372,
35;0;238;316;1;3,15,16,20,24,27,52,60,100,144,189,199,200,201,202,203,204,205,206,207,208,209,210,211,212,213,214,215,216,217,218,219,220,221,222,223,224,225,249,354,355,356,357,404,499,503,581,607,662,720,736,979,987,1047,1268,1269,1270,1274,1282,1293,1294,1295,1304,1322,1470,1478,1558,1679,1809,1898,1944,1992,2220,2407,2434,4217,4353,4452,4620,6094,
23;0;316;404;1;3,15,16,20,24,27,52,60,100,144,178,179,189,199,200,201,202,203,204,205,206,207,208,209,210,211,212,213,214,215,216,217,218,219,220,221,222,223,224,225,249,262,302,307,354,355,356,357,380,381,404,499,503,581,594,595,607,662,720,736,979,987,1047,1268,1282,1293,1294,1295,1304,1322,1416,1424,1478,1558,1992,2220,2407,4217,4353,6094,
31;0;404;494;1;3,15,16,20,24,27,52,60,89,100,102,144,178,179,189,199,200,201,202,203,204,205,206,207,208,209,210,211,212,213,214,215,216,217,218,219,220,221,222,223,224,225,249,262,302,307,351,354,355,381,404,503,607,764,768,770,833,848,858,1268,1282,1293,1294,1295,1304,1322,1416,1478,1558,1992,2220,2407,2643,2651,3462,4217,4353,4369,4370,6094,
31;1;494;499;1;3,15,16,20,24,27,52,60,89,100,102,144,178,179,189,199,200,201,202,203,204,205,206,207,208,209,210,211,212,213,214,215,216,217,218,219,220,221,222,223,224,225,249,262,302,307,351,354,355,381,404,503,607,764,768,770,833,848,858,1268,1282,1293,1294,1295,1304,1322,1416,1478,1558,1992,2220,2407,2643,2651,3462,4217,4353,4369,4370,6094,
69;0;499;598;1;3,15,16,17,18,19,20,21,22,23,24,25,26,27,34,35,36,37,38,39,40,41,42,43,44,45,46,48,49,50,51,52,53,54,55,56,57,58,59,60,61,89,100,102,144,178,179,189,202,204,205,206,225,262,302,351,381,404,503,607,768,848,858,1268,1282,1293,1294,1295,1304,1322,1416,1478,1558,1992,2220,2407,4217,4353,4370,6094,
52;0;598;658;1;3,15,16,17,18,19,20,21,22,23,24,25,26,27,34,35,36,37,38,39,40,41,42,43,44,45,46,48,49,50,51,52,53,54,55,56,57,58,59,60,61,89,100,144,178,179,202,204,205,206,225,262,302,351,381,404,503,504,607,768,848,858,1268,1282,1293,1294,1295,1304,1322,1416,1478,1558,1712,1992,2220,2407,4217,4353,4370,6094,
52;1;658;711;1;3,15,16,17,18,19,20,21,22,23,24,25,26,27,34,35,36,37,38,39,40,41,42,43,44,45,46,48,49,50,51,52,53,54,55,56,57,58,59,60,61,89,100,144,178,179,202,204,205,206,225,262,302,351,381,404,503,504,607,768,848,858,1268,1282,1293,1294,1295,1304,1322,1416,1478,1558,1712,1992,2220,2407,4217,4353,4370,6094,
30;0;711;773;1;15,16,17,19,22,24,34,35,38,40,42,44,45,46,51,52,53,54,60,61,190,202,206,404,412,502,503,579,607,623,632,791,1063,1226,1240,1283,1419,1691,1940,1992,2027,2028,2161,2233,2305,2413,2937,2938,2940,2941,2942,2959,3326,3584,3663,3679,3686,3690,3775,3776,3777,3778,3779,3780,4909,4910,5082,6003,6004,6005,6006,6007,6008,6009,6010,6011,6012,6013,6058,7023,
30;1;773;825;1;15,16,17,19,22,24,34,35,38,40,42,44,45,46,51,52,53,54,60,61,190,202,206,404,412,502,503,579,607,623,632,791,1063,1226,1240,1283,1419,1691,1940,1992,2027,2028,2161,2233,2305,2413,2937,2938,2940,2941,2942,2959,3326,3584,3663,3679,3686,3690,3775,3776,3777,3778,3779,3780,4909,4910,5082,6003,6004,6005,6006,6007,6008,6009,6010,6011,6012,6013,6058,7023,
18;0;825;940;1;15,16,17,19,22,24,34,35,38,40,42,44,45,46,51,52,53,54,60,61,190,202,206,404,412,502,503,579,607,623,632,791,1063,1226,1240,1283,1419,1691,1940,1992,2027,2028,2161,2233,2305,2413,2937,2938,2940,2941,2942,2959,3326,3584,3663,3679,3686,3690,3775,3776,3777,3778,3779,3780,4909,4910,5082,6003,6004,6005,6006,6007,6008,6009,6010,6011,6012,6013,6058,7023,
67;0;940;1060;1;15,16,17,19,22,24,34,35,38,40,42,44,45,46,51,52,53,54,60,61,190,202,206,404,412,502,503,579,607,623,632,791,1063,1226,1240,1283,1419,1691,1940,1992,2027,2028,2161,2233,2305,2413,2937,2938,2940,2941,2942,2959,3326,3584,3663,3679,3686,3690,3775,3776,3777,3778,3779,3780,4909,4910,5082,6003,6004,6005,6006,6007,6008,6009,6010,6011,6012,6013,6058,7023,
16;0;1060;1108;1;15,16,17,19,22,24,34,35,38,40,42,44,45,46,51,52,53,54,60,61,190,202,206,404,412,502,503,579,607,623,632,791,1063,1226,1240,1283,1419,1691,1940,1992,2027,2028,2161,2233,2305,2413,2937,2938,2940,2941,2942,2959,3326,3584,3663,3679,3686,3690,3775,3776,3777,3778,3779,3780,4909,4910,5082,6003,6004,6005,6006,6007,6008,6009,6010,6011,6012,6013,6058,7023,
16;1;1108;1182;1;15,16,17,19,22,24,34,35,38,40,42,44,45,46,51,52,53,54,60,61,190,202,206,404,412,502,503,579,607,623,632,791,1063,1226,1240,1283,1419,1691,1940,1992,2027,2028,2161,2233,2305,2413,2937,2938,2940,2941,2942,2959,3326,3584,3663,3679,3686,3690,3775,3776,3777,3778,3779,3780,4909,4910,5082,6003,6004,6005,6006,6007,6008,6009,6010,6011,6012,6013,6058,7023,
59;0;1440;1536;1;15,16,17,19,22,24,34,35,38,40,42,44,45,46,51,52,53,54,60,61,190,202,206,404,412,502,503,579,607,623,632,791,871,1063,1226,1240,1283,1419,1587,1691,1936,1940,1992,2027,2028,2062,2063,2161,2233,2305,2306,2413,2581,2937,2938,2940,2941,2942,2959,3270,3326,3345,3346,3584,3663,3679,3686,3690,3775,3776,3777,3778,3779,4313,4314,4315,4316,4317,4318,6726,
59;1;1536;1570;1;15,16,17,19,22,24,34,35,38,40,42,44,45,46,51,52,53,54,60,61,190,202,206,404,412,502,503,579,607,623,632,791,871,1063,1226,1240,1283,1419,1587,1691,1936,1940,1992,2027,2028,2062,2063,2161,2233,2305,2306,2413,2581,2937,2938,2940,2941,2942,2959,3270,3326,3345,3346,3584,3663,3679,3686,3690,3775,3776,3777,3778,3779,4313,4314,4315,4316,4317,4318,6726,
4;0;1570;1625;1;15,16,17,19,22,24,34,35,38,40,42,44,45,46,51,52,53,54,60,61,110,190,202,206,404,412,502,503,578,579,605,607,615,616,618,623,632,778,791,813,871,1063,1226,1240,1283,1311,1419,1587,1862,1914,1936,2001,2062,2063,2091,2305,3073,3077,3079,3345,3346,3555,3556,3565,3571,3796,4212,4313,4314,4315,4316,4317,4318,5291,5714,7761,7762,7763,7764,7765,
4;1;1625;1709;1;15,16,17,19,22,24,34,35,38,40,42,44,45,46,51,52,53,54,60,61,110,190,202,206,404,412,502,503,578,579,605,607,615,616,618,623,632,778,791,813,871,1063,1226,1240,1283,1311,1419,1587,1862,1914,1936,2001,2062,2063,2091,2305,3073,3077,3079,3345,3346,3555,3556,3565,3571,3796,4212,4313,4314,4315,4316,4317,4318,5291,5714,7761,7762,7763,7764,7765,
11;0;1709;1853;1;15,16,17,19,22,24,34,35,38,40,42,44,45,46,51,52,53,54,60,61,110,111,190,202,206,404,412,502,503,577,578,579,605,607,615,616,618,623,632,778,791,813,871,1063,1226,1240,1283,1311,1419,1587,1862,1914,1936,2001,2062,2063,2091,2305,3073,3077,3079,3345,3346,3555,3556,3565,3571,3796,4212,4313,4314,4315,4316,4317,4318,5291,5714,7761,7762,7763,
63;0;1853;1943;1;2,4,6,15,16,17,19,22,24,34,35,38,40,42,44,45,46,51,52,53,54,60,61,95,110,111,139,149,190,202,206,301,321,390,391,395,404,412,502,503,577,578,579,605,607,615,616,618,623,778,791,855,871,948,949,1052,1163,1203,1232,1240,1358,1587,1884,1914,1936,2062,2063,2091,2223,2305,3345,3346,4212,4313,4314,4315,4316,4317,4318,5454,
63;1;1943;2000;1;2,4,6,15,16,17,19,22,24,34,35,38,40,42,44,45,46,51,52,53,54,60,61,95,110,111,139,149,190,202,206,301,321,390,391,395,404,412,502,503,577,578,579,605,607,615,616,618,623,778,791,855,871,948,949,1052,1163,1203,1232,1240,1358,1587,1884,1914,1936,2062,2063,2091,2223,2305,3345,3346,4212,4313,4314,4315,4316,4317,4318,5454,
42;0;2000;2148;1;2,4,6,15,16,17,19,22,24,34,35,38,40,42,44,45,46,51,52,53,54,60,61,95,110,111,139,149,190,202,206,301,321,390,391,395,404,412,502,503,577,578,579,605,607,615,616,618,623,778,791,855,871,948,949,1052,1163,1203,1240,1587,1884,1914,1936,2062,2063,2091,2223,2305,3345,3346,4212,4313,4314,4315,4316,4317,4318,7369,7413,7579,
57;0;2148;2300;1;2,4,6,15,16,17,19,24,34,35,38,40,42,44,46,52,53,54,60,61,110,111,139,144,149,178,184,202,206,225,286,301,308,312,315,321,323,390,391,395,404,412,502,503,615,616,778,791,855,871,949,1163,1416,1417,1587,1884,1914,1936,2062,2063,2091,2223,2305,3345,3346,4212,4313,4314,4315,4316,4317,4318,7369,7438,8838,9020,9021,9022,9023,9024,
104;0;2300;2431;0;2,4,6,15,16,17,19,24,34,35,38,40,42,44,46,52,53,54,60,61,110,111,139,144,149,178,184,202,206,225,286,301,308,312,315,321,323,390,391,395,404,412,502,503,615,616,778,791,855,871,949,1163,1416,1417,1587,1884,1914,1936,2062,2063,2091,2223,2305,3345,3346,4212,4313,4314,4315,4316,4317,4318,7369,7438,8838,9020,9021,9022,9023,9024,
104;1;2431;2591;0;2,4,6,15,16,17,19,24,34,35,38,40,42,44,46,52,53,54,60,61,110,111,139,144,149,178,184,202,206,225,286,301,308,312,315,321,323,390,391,395,404,412,502,503,615,616,778,791,855,871,949,1163,1416,1417,1587,1884,1914,1936,2062,2063,2091,2223,2305,3345,3346,4212,4313,4314,4315,4316,4317,4318,7369,7438,8838,9020,9021,9022,9023,9024,
89;0;2591;2714;0;2,4,6,15,16,17,19,24,34,35,38,40,42,44,46,52,53,54,60,61,110,111,139,144,149,178,184,202,206,225,286,301,308,312,315,321,323,390,391,395,404,412,502,503,615,616,778,791,855,871,949,1163,1416,1417,1587,1884,1914,1936,2062,2063,2091,2223,2305,3345,3346,4212,4313,4314,4315,4316,4317,4318,7369,7438,8838,9020,9021,9022,9023,9024,
89;1;2714;2852;0;2,4,6,15,16,17,19,24,34,35,38,40,42,44,46,52,53,54,60,61,110,111,139,144,149,178,184,202,206,225,286,301,308,312,315,321,323,390,391,395,404,412,502,503,615,616,778,791,855,871,949,1163,1416,1417,1587,1884,1914,1936,2062,2063,2091,2223,2305,3345,3346,4212,4313,4314,4315,4316,4317,4318,7369,7438,8838,9020,9021,9022,9023,9024,
123;0;2880;2978;0;2,4,6,15,16,17,19,24,34,35,38,40,42,44,46,52,53,54,60,61,110,111,139,144,149,178,184,202,206,225,286,301,308,312,315,321,323,390,391,395,404,412,502,503,615,616,778,791,855,871,949,1163,1277,1287,1290,1293,1322,1416,1417,1587,1884,1914,1936,2062,2063,2091,2223,2305,3345,3346,3814,4212,4313,4314,4315,4316,4317,4318,7369,7438,
123;1;2978;3135;0;2,4,6,15,16,17,19,24,34,35,38,40,42,44,46,52,53,54,60,61,110,111,139,144,149,178,184,202,206,225,286,301,308,312,315,321,323,390,391,395,404,412,502,503,615,616,778,791,855,871,949,1163,1277,1287,1290,1293,1322,1416,1417,1587,1884,1914,1936,2062,2063,2091,2223,2305,3345,3346,3814,4212,4313,4314,4315,4316,4317,4318,7369,7438,
114;0;3135;3308;0;2,4,6,15,16,17,19,24,26,34,35,38,40,41,42,44,49,52,54,56,58,60,61,68,111,139,144,149,206,225,280,281,286,301,321,390,391,481,502,505,791,871,949,994,1183,1277,1287,1293,1322,1587,1634,1635,1636,1637,1638,1639,1640,1641,1642,1643,1644,1645,1646,1647,1648,1649,1936,2062,2063,2305,3345,3346,4212,4313,4314,4315,4316,4317,4318,7369,
114;1;3308;3384;0;2,4,6,15,16,17,19,24,26,34,35,38,40,41,42,44,49,52,54,56,58,60,61,68,111,139,144,149,206,225,280,281,286,301,321,390,391,481,502,505,791,871,949,994,1183,1277,1287,1293,1322,1587,1634,1635,1636,1637,1638,1639,1640,1641,1642,1643,1644,1645,1646,1647,1648,1649,1936,2062,2063,2305,3345,3346,4212,4313,4314,4315,4316,4317,4318,7369,
105;0;3384;3547;0;2,3,4,6,15,24,25,38,40,52,54,56,59,60,66,97,111,135,139,144,149,206,225,286,294,301,321,333,390,391,429,502,645,719,791,871,875,933,965,1056,1146,1177,1233,1277,1287,1293,1294,1295,1322,1363,1398,1473,1587,1781,1843,1936,2062,2063,2240,2305,2410,2465,2471,2472,2503,3345,3346,3915,4212,4313,4314,4315,4316,4317,4318,6532,7162,7163,7164,7165,
105;1;3547;3627;0;2,3,4,6,15,24,25,38,40,52,54,56,59,60,66,97,111,135,139,144,149,206,225,286,294,301,321,333,390,391,429,502,645,719,791,871,875,933,965,1056,1146,1177,1233,1277,1287,1293,1294,1295,1322,1363,1398,1473,1587,1781,1843,1936,2062,2063,2240,2305,2410,2465,2471,2472,2503,3345,3346,3915,4212,4313,4314,4315,4316,4317,4318,6532,7162,7163,7164,7165,
92;0;3627;3784;0;2,3,4,6,15,24,25,38,40,52,54,56,59,60,66,97,111,135,139,144,149,206,225,286,294,301,321,333,390,391,429,502,645,719,791,871,875,933,965,1056,1146,1177,1233,1277,1287,1293,1294,1295,1322,1363,1398,1473,1587,1781,1843,1936,2062,2063,2240,2305,2410,2465,2471,2472,2503,3345,3346,3915,4212,4313,4314,4315,4316,4317,4318,6532,7162,7163,7164,7165,
92;1;3784;3857;0;2,3,4,6,15,24,25,38,40,52,54,56,59,60,66,97,111,135,139,144,149,206,225,286,294,301,321,333,390,391,429,502,645,719,791,871,875,933,965,1056,1146,1177,1233,1277,1287,1293,1294,1295,1322,1363,1398,1473,1587,1781,1843,1936,2062,2063,2240,2305,2410,2465,2471,2472,2503,3345,3346,3915,4212,4313,4314,4315,4316,4317,4318,6532,7162,7163,7164,7165,
126;0;3857;3954;0;2,3,4,6,15,24,25,38,40,52,54,56,59,60,66,97,111,135,139,144,149,206,225,286,294,301,321,333,390,391,429,502,645,719,791,871,875,933,965,1056,1146,1177,1233,1277,1287,1293,1294,1295,1322,1363,1398,1473,1587,1781,1843,1936,2062,2063,2240,2305,2410,2465,2471,2472,2503,3345,3346,3915,4212,4313,4314,4315,4316,4317,4318,6532,7162,7163,7164,7165,
126;1;3954;4058;0;2,3,4,6,15,24,25,38,40,52,54,56,59,60,66,97,111,135,139,144,149,206,225,286,294,301,321,333,390,391,429,502,645,719,791,871,875,933,965,1056,1146,1177,1233,1277,1287,1293,1294,1295,1322,1363,1398,1473,1587,1781,1843,1936,2062,2063,2240,2305,2410,2465,2471,2472,2503,3345,3346,3915,4212,4313,4314,4315,4316,4317,4318,6532,7162,7163,7164,7165,
97;0;4058;4099;0;2,3,4,6,15,24,25,38,40,52,54,56,59,60,66,97,111,135,139,144,149,206,225,286,294,301,321,333,390,391,429,502,645,719,791,871,875,933,965,1056,1146,1177,1233,1277,1287,1293,1294,1295,1322,1363,1398,1473,1587,1781,1843,1936,2062,2063,2240,2305,2410,2465,2471,2472,2503,3345,3346,3915,4212,4313,4314,4315,4316,4317,4318,6532,7162,7163,7164,7165,
97;1;4099;4236;0;2,3,4,6,15,24,25,38,40,52,54,56,59,60,66,97,111,135,139,144,149,206,225,286,294,301,321,333,390,391,429,502,645,719,791,871,875,933,965,1056,1146,1177,1233,1277,1287,1293,1294,1295,1322,1363,1398,1473,1587,1781,1843,1936,2062,2063,2240,2305,2410,2465,2471,2472,2503,3345,3346,3915,4212,4313,4314,4315,4316,4317,4318,6532,7162,7163,7164,7165,
88;0;4236;4290;0;2,3,4,6,15,24,25,38,40,52,54,56,59,60,66,97,111,135,139,144,149,206,225,286,294,301,321,333,390,391,429,502,645,719,791,871,875,933,965,1056,1146,1177,1233,1277,1287,1293,1294,1295,1322,1363,1398,1473,1587,1781,1843,1936,2062,2063,2240,2305,2410,2465,2471,2472,2503,3345,3346,3915,4212,4313,4314,4315,4316,4317,4318,6532,7162,7163,7164,7165,
88;1;4290;4411;0;2,3,4,6,15,24,25,38,40,52,54,56,59,60,66,97,111,135,139,144,149,206,225,286,294,301,321,333,390,391,429,502,645,719,791,871,875,933,965,1056,1146,1177,1233,1277,1287,1293,1294,1295,1322,1363,1398,1473,1587,1781,1843,1936,2062,2063,2240,2305,2410,2465,2471,2472,2503,3345,3346,3915,4212,4313,4314,4315,4316,4317,4318,6532,7162,7163,7164,7165,
91;0;4411;4583;0;2,3,4,6,15,24,25,27,38,40,52,54,56,59,60,66,97,111,135,139,144,149,206,225,286,294,301,321,333,390,391,429,502,645,719,791,871,875,933,965,1056,1146,1177,1233,1277,1287,1293,1294,1295,1322,1363,1398,1473,1545,1587,1781,1843,1906,1936,2062,2063,2178,2220,2240,2305,2407,2471,3070,3345,3346,4212,4217,4313,4314,4315,4316,4317,4318,4353,6494,
72;0;4583;4755;0;2,3,4,6,15,24,25,27,30,38,40,52,54,56,59,60,66,79,97,111,135,139,144,149,152,204,205,206,225,286,294,301,321,333,390,391,429,502,506,645,719,753,791,871,875,933,964,965,1056,1146,1157,1177,1233,1277,1282,1287,1333,1398,1473,1541,1558,1580,1587,1843,2062,2063,2305,2895,3345,3346,4212,4313,4314,4315,4316,4317,4318,5496,6094,6494,
106;0;4755;4913;0;1,2,3,4,5,6,7,8,9,10,11,12,13,15,24,25,27,30,38,40,52,54,56,59,60,66,79,97,111,135,139,144,149,152,204,205,206,225,286,294,301,321,333,390,391,429,502,506,645,719,753,791,871,875,933,964,965,1056,1146,1157,1177,1233,1277,1398,1473,1587,1843,2062,2063,2305,3345,3346,4212,4313,4314,4315,4316,4317,4318,6494,
106;1;4913;4924;0;1,2,3,4,5,6,7,8,9,10,11,12,13,15,24,25,27,30,38,40,52,54,56,59,60,66,79,97,111,135,139,144,149,152,204,205,206,225,286,294,301,321,333,390,391,429,502,506,645,719,753,791,871,875,933,964,965,1056,1146,1157,1177,1233,1277,1398,1473,1587,1843,2062,2063,2305,3345,3346,4212,4313,4314,4315,4316,4317,4318,6494,
86;0;4924;4969;0;3,8,15,23,24,37,38,40,54,55,56,59,60,72,111,135,144,149,204,225,262,277,286,301,321,390,391,419,429,486,635,645,791,871,933,973,1011,1056,1087,1093,1146,1157,1177,1186,1304,1378,1398,1473,1587,1853,1895,2031,2062,2063,2179,2305,2512,2924,3029,3030,3031,3032,3033,3345,3346,4102,4212,4276,4277,4278,4279,4280,4281,4313,4314,4315,4316,4317,4318,7946,
86;1;4969;5081;0;3,8,15,23,24,37,38,40,54,55,56,59,60,72,111,135,144,149,204,225,262,277,286,301,321,390,391,419,429,486,635,645,791,871,933,973,1011,1056,1087,1093,1146,1157,1177,1186,1304,1378,1398,1473,1587,1853,1895,2031,2062,2063,2179,2305,2512,2924,3029,3030,3031,3032,3033,3345,3346,4102,4212,4276,4277,4278,4279,4280,4281,4313,4314,4315,4316,4317,4318,7946,
121;0;5081;5092;0;3,8,15,23,24,37,38,40,54,55,56,59,60,72,111,135,144,149,204,225,262,277,286,301,321,390,391,419,429,486,635,645,791,871,933,973,1011,1056,1087,1093,1146,1157,1177,1186,1304,1378,1398,1473,1587,1853,1895,2031,2062,2063,2179,2305,2512,2924,3029,3030,3031,3032,3033,3345,3346,4102,4212,4276,4277,4278,4279,4280,4281,4313,4314,4315,4316,4317,4318,7946,
121;1;5092;5230;0;3,8,15,23,24,37,38,40,54,55,56,59,60,72,111,135,144,149,204,225,262,277,286,301,321,390,391,419,429,486,635,645,791,871,933,973,1011,1056,1087,1093,1146,1157,1177,1186,1304,1378,1398,1473,1587,1853,1895,2031,2062,2063,2179,2305,2512,2924,3029,3030,3031,3032,3033,3345,3346,4102,4212,4276,4277,4278,4279,4280,4281,4313,4314,4315,4316,4317,4318,7946,
90;0;5230;5373;0;3,8,15,23,24,37,38,40,54,55,56,59,60,72,111,135,144,149,204,225,262,277,286,301,321,390,391,419,429,486,635,645,791,871,933,973,1011,1056,1087,1093,1146,1157,1177,1186,1304,1378,1398,1473,1587,1853,1895,2031,2062,2063,2179,2305,2512,2924,3029,3030,3031,3032,3033,3345,3346,4102,4212,4276,4277,4278,4279,4280,4281,4313,4314,4315,4316,4317,4318,7946,
128;0;5373;5383;0;3,8,15,23,24,37,38,40,54,55,56,59,60,72,111,135,144,149,204,225,262,277,286,301,321,390,391,419,429,486,635,645,791,871,933,973,1011,1056,1087,1093,1146,1157,1177,1186,1304,1378,1398,1473,1587,1853,1895,2031,2062,2063,2179,2305,2512,2924,3029,3030,3031,3032,3033,3345,3346,4102,4212,4276,4277,4278,4279,4280,4281,4313,4314,4315,4316,4317,4318,7946,
128;1;5383;5515;0;3,8,15,23,24,37,38,40,54,55,56,59,60,72,111,135,144,149,204,225,262,277,286,301,321,390,391,419,429,486,635,645,791,871,933,973,1011,1056,1087,1093,1146,1157,1177,1186,1304,1378,1398,1473,1587,1853,1895,2031,2062,2063,2179,2305,2512,2924,3029,3030,3031,3032,3033,3345,3346,4102,4212,4276,4277,4278,4279,4280,4281,4313,4314,4315,4316,4317,4318,7946,
85;0;5515;5651;0;3,8,15,23,24,37,38,40,54,55,56,59,60,72,111,135,144,149,204,225,262,277,286,301,321,390,391,419,429,486,635,645,791,871,933,973,1011,1056,1087,1093,1146,1157,1177,1186,1304,1378,1398,1473,1587,1853,1895,2031,2062,2063,2179,2305,2512,2924,3029,3030,3031,3032,3033,3345,3346,4102,4212,4276,4277,4278,4279,4280,4281,4313,4314,4315,4316,4317,4318,7946,
98;0;5651;5739;0;3,8,15,23,24,37,38,40,54,55,56,59,60,72,111,135,144,149,204,225,262,277,286,301,321,390,391,419,429,486,635,645,791,871,933,973,1011,1056,1087,1093,1146,1157,1177,1186,1304,1378,1398,1473,1587,1853,1895,2031,2062,2063,2179,2305,2512,2924,3029,3030,3031,3032,3033,3345,3346,4102,4212,4276,4277,4278,4279,4280,4281,4313,4314,4315,4316,4317,4318,7946,
98;1;5739;5780;0;3,8,15,23,24,37,38,40,54,55,56,59,60,72,111,135,144,149,204,225,262,277,286,301,321,390,391,419,429,486,635,645,791,871,933,973,1011,1056,1087,1093,1146,1157,1177,1186,1304,1378,1398,1473,1587,1853,1895,2031,2062,2063,2179,2305,2512,2924,3029,3030,3031,3032,3033,3345,3346,4102,4212,4276,4277,4278,4279,4280,4281,4313,4314,4315,4316,4317,4318,7946,
78;0;5780;5812;0;3,8,15,23,24,37,38,40,54,55,56,59,60,72,111,135,144,149,204,225,262,277,286,301,321,390,391,419,429,486,591,635,645,791,848,858,871,933,973,1011,1056,1073,1087,1093,1146,1169,1177,1473,1521,1523,1587,1666,1853,2062,2063,2512,2547,2649,2677,2683,2693,3133,3260,3345,3346,4212,4313,4314,4315,4316,4317,4318,4371,4372,4373,4374,4375,4376,4379,4380,
78;1;5812;5906;0;3,8,15,23,24,37,38,40,54,55,56,59,60,72,111,135,144,149,204,225,262,277,286,301,321,390,391,419,429,486,591,635,645,791,848,858,871,933,973,1011,1056,1073,1087,1093,1146,1169,1177,1473,1521,1523,1587,1666,1853,2062,2063,2512,2547,2649,2677,2683,2693,3133,3260,3345,3346,4212,4313,4314,4315,4316,4317,4318,4371,4372,4373,4374,4375,4376,4379,4380,
107;0;5906;6000;0;8,15,24,54,60,135,144,145,148,149,225,226,227,228,229,230,231,232,233,234,240,242,243,245,259,262,265,266,267,268,272,273,274,275,276,277,283,284,285,286,287,288,289,290,291,292,301,321,351,390,429,430,645,858,871,933,936,1056,1092,1146,1473,1587,2062,2063,2246,2247,2248,2249,2250,2251,2252,2253,3345,3346,4313,4314,4315,4316,4317,4318,
107;1;6000;6016;0;8,15,24,54,60,135,144,145,148,149,225,226,227,228,229,230,231,232,233,234,240,242,243,245,259,262,265,266,267,268,272,273,274,275,276,277,283,284,285,286,287,288,289,290,291,292,301,321,351,390,429,430,645,858,871,933,936,1056,1092,1146,1473,1587,2062,2063,2246,2247,2248,2249,2250,2251,2252,2253,3345,3346,4313,4314,4315,4316,4317,4318,
139;0;6016;6021;0;8,15,24,54,60,135,137,144,145,146,149,225,262,267,268,272,273,274,276,277,287,288,289,291,295,301,321,351,377,390,429,645,838,852,854,858,871,891,926,936,949,1056,1118,1134,1146,1165,1476,1478,1540,1587,1973,2062,2063,2247,2250,2583,2587,2904,3345,3346,3634,4313,4314,4315,4316,4317,4318,4424,4658,5050,5251,5452,5695,5696,5697,5698,5699,5700,5701,5702,
139;1;6021;6119;0;8,15,24,54,60,135,137,144,145,146,149,225,262,267,268,272,273,274,276,277,287,288,289,291,295,301,321,351,377,390,429,645,838,852,854,858,871,891,926,936,949,1056,1118,1134,1146,1165,1476,1478,1540,1587,1973,2062,2063,2247,2250,2583,2587,2904,3345,3346,3634,4313,4314,4315,4316,4317,4318,4424,4658,5050,5251,5452,5695,5696,5697,5698,5699,5700,5701,5702,
119;0;6119;6219;0;8,15,24,54,60,135,137,144,145,146,149,225,260,262,267,268,272,273,274,276,277,287,288,289,291,295,301,321,351,377,390,429,645,838,852,854,858,871,891,926,936,949,1056,1118,1134,1146,1165,1476,1478,1540,1587,1973,2062,2063,2247,2250,2583,2587,2904,3345,3346,3634,4313,4314,4315,4316,4317,4318,4424,4658,5050,5251,5452,5695,5696,5697,5698,5699,5700,5701,
70;0;6219;6306;0;8,15,24,54,60,135,137,144,145,146,149,225,260,262,267,268,272,273,274,276,277,287,288,289,291,295,301,321,351,377,390,429,645,838,852,854,858,871,891,926,936,949,1056,1118,1134,1146,1165,1292,1476,1478,1540,1587,1973,2062,2063,2247,2250,2583,2587,2904,3345,3346,3634,4313,4314,4315,4316,4317,4318,4327,4424,4658,5050,5251,5452,5695,5696,5697,6488,7369,
132;0;6306;6390;0;8,15,24,54,60,135,137,144,145,146,149,225,260,262,267,268,272,273,274,276,277,287,288,289,291,295,301,321,351,377,390,429,645,838,852,854,858,871,891,926,936,949,1056,1118,1134,1146,1165,1292,1476,1478,1540,1587,1920,1922,1973,2062,2063,2247,2250,2583,2587,2904,3345,3346,3634,4088,4313,4314,4315,4316,4317,4318,4327,4424,4658,5050,5251,5274,5452,5695,
133;0;6390;6471;0;8,15,24,54,60,86,87,90,96,101,135,137,144,145,146,149,225,260,262,267,268,272,273,274,276,277,287,288,289,291,295,301,321,342,345,346,347,351,377,390,429,645,769,773,838,844,852,854,855,858,871,891,926,936,945,949,1044,1056,1118,1134,1146,1165,1178,1292,1476,1478,1587,1920,1922,2062,2063,2250,3345,3346,4313,4314,4315,4316,4317,4318,
77;0;6471;6492;0;8,15,135,137,142,144,177,225,262,273,288,289,291,295,302,305,310,314,317,381,390,398,404,405,429,442,644,645,646,648,768,838,871,1056,1062,1121,1132,1146,1428,1474,1676,1915,1920,1922,1932,2062,2091,2102,2106,2155,2250,2318,2529,2530,2679,2695,2714,2722,3389,3532,4313,4314,4315,4316,4359,5304,5397,6292,8051,8171,8174,8320,8321,8322,8323,8324,8325,8326,8327,8328,
77;1;6492;6546;0;8,15,135,137,142,144,177,225,262,273,288,289,291,295,302,305,310,314,317,381,390,398,404,405,429,442,644,645,646,648,768,838,871,1056,1062,1121,1132,1146,1428,1474,1676,1915,1920,1922,1932,2062,2091,2102,2106,2155,2250,2318,2529,2530,2679,2695,2714,2722,3389,3532,4313,4314,4315,4316,4359,5304,5397,6292,8051,8171,8174,8320,8321,8322,8323,8324,8325,8326,8327,8328,
125;0;6546;6612;0;8,15,135,137,142,144,177,225,262,273,288,289,291,295,302,305,310,314,317,381,390,398,404,405,429,442,644,645,646,648,768,838,871,1056,1062,1121,1132,1146,1428,1474,1676,1915,1920,1922,1932,2062,2091,2102,2106,2155,2250,2318,2529,2530,2679,2695,2714,2722,3389,3532,4313,4314,4315,4316,4359,5304,5397,6292,8051,8171,8174,8320,8321,8322,8323,8324,8325,8326,8327,8328,
127;0;6612;6677;0;8,15,135,137,142,144,177,225,262,273,288,289,291,295,302,305,310,314,317,381,390,398,404,405,429,442,644,645,646,648,768,838,871,1056,1062,1121,1132,1146,1428,1474,1676,1915,1920,1922,1932,2062,2091,2102,2106,2155,2250,2318,2529,2530,2679,2695,2714,2722,3389,3532,4313,4314,4315,4316,4359,5304,5397,6292,8051,8171,8174,8320,8321,8322,8323,8324,8325,8326,8327,8328,
137;0;7200;7263;0;8,15,135,137,142,144,177,225,262,273,288,289,291,295,297,302,305,310,314,317,379,381,390,398,400,404,405,429,438,442,644,645,646,648,768,838,871,912,1056,1057,1062,1121,1132,1146,1163,1171,1428,1469,1474,1676,1915,1920,1922,1932,2062,2091,2102,2106,2155,2223,2250,2318,2529,2530,2679,2695,2714,2722,3037,3389,3527,3532,4313,4314,4315,4316,4359,5304,5397,7408,
73;0;7263;7299;0;8,15,135,137,142,144,177,225,262,273,288,289,291,295,297,302,305,310,314,317,379,381,390,398,400,404,405,429,438,442,644,645,646,648,768,838,871,912,1056,1057,1062,1121,1132,1146,1163,1171,1207,1428,1469,1474,1669,1676,1915,1920,1922,1932,2062,2091,2102,2106,2155,2223,2250,2318,2529,2530,2679,2695,2714,2722,3037,3630,4033,4313,4314,4315,4316,5662,6681,6682,
101;0;7299;7321;0;8,15,135,137,142,144,177,198,225,262,273,288,289,291,295,297,302,305,310,314,317,379,381,390,398,400,404,405,429,614,644,778,838,871,1056,1057,1062,1146,1163,1171,1207,1297,1474,1784,2062,2102,2106,2197,2223,2263,2318,2339,2346,2347,2577,2805,2875,3701,4313,4314,4315,4316,4356,5392,5791,6966,8332,8400,8401,8651,8863,8864,8865,8866,8867,8868,8869,8870,8871,8872,
101;1;7321;7332;0;8,15,135,137,142,144,177,198,225,262,273,288,289,291,295,297,302,305,310,314,317,379,381,390,398,400,404,405,429,614,644,778,838,871,1056,1057,1062,1146,1163,1171,1207,1297,1474,1784,2062,2102,2106,2197,2223,2263,2318,2339,2346,2347,2577,2805,2875,3701,4313,4314,4315,4316,4356,5392,5791,6966,8332,8400,8401,8651,8863,8864,8865,8866,8867,8868,8869,8870,8871,8872,
130;0;7332;7363;0;8,15,24,54,60,135,137,142,144,177,198,225,262,273,288,289,291,295,297,302,305,310,314,317,379,381,390,398,400,404,405,423,429,614,644,778,838,871,1056,1057,1062,1146,1163,1171,1207,1297,1474,1587,1715,1784,2062,2063,2102,2106,2197,2223,2263,2318,2339,2346,2347,2577,2805,2875,3345,3346,3701,4313,4314,4315,4316,4317,4318,4356,5392,5786,5791,6745,6966,8332,
138;0;7363;7375;0;3,8,15,24,54,60,135,137,142,144,149,177,198,225,262,273,288,289,291,295,297,301,302,305,310,314,317,321,379,381,390,398,400,404,405,423,429,614,644,778,838,855,871,1056,1057,1062,1118,1134,1146,1163,1171,1207,1297,1474,1478,1587,1715,1784,2062,2063,2102,2106,2197,2222,2223,2263,2318,2339,2346,2347,2577,2805,2875,3345,4472,4535,4553,5392,5402,5849,
102;0;7375;7379;0;3,8,15,24,54,60,135,137,142,144,145,149,177,198,225,241,262,273,277,288,289,291,295,297,301,302,305,310,314,317,321,379,381,390,391,396,398,399,400,404,405,423,429,435,614,644,778,838,855,871,1056,1057,1062,1118,1134,1146,1163,1171,1207,1297,1474,1478,1587,1715,1784,2062,2063,2102,2106,2223,2318,2508,2926,3108,4553,5244,5379,5392,7883,8449,
22;0;7379;7488;1;3,8,15,24,54,60,135,137,142,144,145,149,177,198,225,241,262,267,268,272,273,277,287,288,289,291,295,297,301,302,303,305,308,310,314,317,321,379,381,390,391,396,398,399,400,404,434,644,778,838,902,903,904,905,921,922,936,940,1056,1057,1062,1146,1163,1171,1204,1205,1206,1207,1208,1209,1210,1211,1212,1474,1478,2102,2106,2318,4553,5392,
22;1;7488;7540;1;3,8,15,24,54,60,135,137,142,144,145,149,177,198,225,241,262,267,268,272,273,277,287,288,289,291,295,297,301,302,303,305,308,310,314,317,321,379,381,390,391,396,398,399,400,404,434,644,778,838,902,903,904,905,921,922,936,940,1056,1057,1062,1146,1163,1171,1204,1205,1206,1207,1208,1209,1210,1211,1212,1474,1478,2102,2106,2318,4553,5392,
32;0;7540;7706;1;3,8,15,24,54,60,135,137,142,144,145,149,177,198,225,241,262,267,268,272,273,277,287,288,289,291,295,297,301,302,303,305,308,310,314,317,321,379,381,390,391,396,398,399,400,404,434,644,778,838,902,903,904,905,921,922,936,940,1056,1057,1062,1146,1163,1171,1204,1205,1206,1207,1474,1478,2102,2106,2318,4553,5392,7362,7363,7364,7365,7366,
50;0;7706;7714;1;3,8,15,24,54,60,135,137,142,144,145,149,177,198,225,241,262,267,268,272,273,277,287,288,289,291,295,297,301,302,303,305,308,310,314,317,321,379,381,390,391,395,396,398,399,644,778,838,891,938,1056,1057,1062,1117,1145,1146,1147,1148,1163,1164,1165,1166,1167,1168,1169,1170,1171,1172,1173,1174,1175,1176,1177,1474,1478,2102,2106,2318,4553,5392,
50;1;7714;7874;1;3,8,15,24,54,60,135,137,142,144,145,149,177,198,225,241,262,267,268,272,273,277,287,288,289,291,295,297,301,302,303,305,308,310,314,317,321,379,381,390,391,395,396,398,399,644,778,838,891,938,1056,1057,1062,1117,1145,1146,1147,1148,1163,1164,1165,1166,1167,1168,1169,1170,1171,1172,1173,1174,1175,1176,1177,1474,1478,2102,2106,2318,4553,5392,
26;0;7874;7878;1;3,8,15,24,35,54,68,90,144,150,177,196,202,225,241,274,314,374,390,569,644,741,778,995,1056,1057,1062,1166,1307,1308,1474,1478,1693,1853,1884,1984,1989,2102,2106,2216,2318,2334,2493,2518,2522,2523,2524,2527,2600,2626,2645,2774,2775,2776,2778,2825,2826,2827,2828,2903,3112,3133,4370,4553,4604,4609,4612,4639,4765,5004,5067,5329,5392,5875,6658,6659,6660,6661,6662,6663,
26;1;7878;8043;1;3,8,15,24,35,54,68,90,144,150,177,196,202,225,241,274,314,374,390,569,644,741,778,995,1056,1057,1062,1166,1307,1308,1474,1478,1693,1853,1884,1984,1989,2102,2106,2216,2318,2334,2493,2518,2522,2523,2524,2527,2600,2626,2645,2774,2775,2776,2778,2825,2826,2827,2828,2903,3112,3133,4370,4553,4604,4609,4612,4639,4765,5004,5067,5329,5392,5875,6658,6659,6660,6661,6662,6663,
40;0;8043;8095;1;3,8,15,24,35,54,68,90,144,150,177,196,202,225,241,274,314,374,390,569,644,741,778,995,1056,1057,1062,1166,1307,1308,1474,1478,1693,1853,1884,1984,1989,2102,2106,2216,2318,2334,2493,2518,2522,2523,2524,2527,2600,2626,2645,2774,2775,2776,2778,2825,2826,2827,2828,2903,3112,3133,4370,4553,4604,4609,4612,4639,4765,5004,5067,5329,5392,5875,6658,6659,6660,6661,6662,6663,
40;1;8095;8213;1;3,8,15,24,35,54,68,90,144,150,177,196,202,225,241,274,314,374,390,569,644,741,778,995,1056,1057,1062,1166,1307,1308,1474,1478,1693,1853,1884,1984,1989,2102,2106,2216,2318,2334,2493,2518,2522,2523,2524,2527,2600,2626,2645,2774,2775,2776,2778,2825,2826,2827,2828,2903,3112,3133,4370,4553,4604,4609,4612,4639,4765,5004,5067,5329,5392,5875,6658,6659,6660,6661,6662,6663,
Machine: 1
36;0;0;4;1;15,24,38,40,55,68,159,170,189,196,221,262,377,379,382,447,486,581,647,871,872,873,874,938,1085,1117,1118,1142,1157,1196,1287,1293,1419,1456,1460,1461,1587,1661,1667,1668,1669,1925,1973,2222,2273,2391,2827,2879,2941,2968,3022,3348,3384,3421,3627,3734,3851,3852,3870,4010,5489,5779,6445,6693,6861,6862,6863,6864,6865,6866,6868,7004,8551,8557,8559,8644,9115,9116,9117,9118,
36;1;4;10;1;15,24,38,40,55,68,159,170,189,196,221,262,377,379,382,447,486,581,647,871,872,873,874,938,1085,1117,1118,1142,1157,1196,1287,1293,1419,1456,1460,1461,1587,1661,1667,1668,1669,1925,1973,2222,2273,2391,2827,2879,2941,2968,3022,3348,3384,3421,3627,3734,3851,3852,3870,4010,5489,5779,6445,6693,6861,6862,6863,6864,6865,6866,6868,7004,8551,8557,8559,8644,9115,9116,9117,9118,
34;0;10;25;1;15,24,38,40,55,68,159,170,189,196,221,262,377,379,382,447,486,581,647,871,872,873,874,938,1085,1117,1118,1142,1157,1196,1287,1293,1419,1456,1460,1461,1587,1661,1667,1668,1669,1925,1973,2222,2273,2391,2827,2879,2941,2968,3022,3348,3384,3421,3627,3734,3851,3852,3870,4010,5489,5779,6445,6693,6861,6862,6863,6864,6865,6866,6868,7004,8551,8557,8559,8644,9115,9116,9117,9118,
60;0;25;46;1;15,24,38,40,55,68,159,170,189,196,221,262,377,379,382,447,486,581,647,871,872,873,874,938,1085,1117,1118,1142,1157,1196,1287,1293,1419,1456,1460,1461,1587,1661,1667,1668,1669,1925,1973,2222,2273,2391,2827,2879,2941,2968,3022,3348,3384,3421,3627,3734,3851,3852,3870,4010,5489,5779,6445,6693,6861,6862,6863,6864,6865,6866,6868,7004,8551,8557,8559,8644,9115,9116,9117,9118,
13;0;46;75;1;15,24,38,40,55,68,159,170,189,196,221,262,377,379,382,447,486,581,647,871,872,873,874,938,1085,1117,1118,1142,1157,1196,1287,1293,1419,1456,1460,1461,1587,1661,1667,1668,1669,1925,1973,2222,2273,2391,2827,2879,2941,2968,3022,3348,3384,3421,3627,3734,3851,3852,3870,4010,5489,5779,6445,6693,6861,6862,6863,6864,6865,6866,6868,7004,8551,8557,8559,8644,9115,9116,9117,9118,
53;0;75;107;1;15,24,38,40,55,68,100,144,159,170,189,196,221,225,231,262,322,377,379,382,447,486,581,644,647,852,854,871,872,873,874,938,1085,1117,1118,1142,1157,1171,1196,1287,1293,1419,1447,1456,1460,1461,1474,1478,1587,1661,1667,1668,1669,1736,1768,1925,1973,2222,2273,2362,2391,2636,2638,2827,2879,2941,2968,3022,3099,3348,3384,3421,3627,3734,3851,5138,7840,8125,8126,8127,
64;0;107;143;1;15,24,38,40,55,68,100,144,159,170,189,196,221,225,231,262,322,377,379,382,447,486,581,644,647,852,854,871,872,873,874,938,1085,1117,1118,1142,1157,1171,1196,1287,1293,1419,1447,1456,1460,1461,1474,1478,1587,1661,1667,1668,1669,1736,1768,1925,1973,2222,2273,2362,2391,2636,2638,2827,2879,2941,2968,3022,3099,3348,3384,3421,3627,3734,3851,5138,7372,7840,8125,8126,
99;0;143;312;0;15,24,38,40,55,68,100,144,159,170,180,189,196,221,225,231,262,305,307,312,313,322,377,379,380,381,382,384,385,442,447,486,581,592,593,594,595,596,644,647,852,854,871,872,873,874,938,1085,1117,1118,1142,1157,1171,1196,1287,1293,1419,1447,1456,1460,1461,1474,1478,1587,1661,1667,1668,1669,1736,1768,1925,1973,2222,2273,2362,2391,2636,2638,2827,2941,
99;1;312;426;0;15,24,38,40,55,68,100,144,159,170,180,189,196,221,225,231,262,305,307,312,313,322,377,379,380,381,382,384,385,442,447,486,581,592,593,594,595,596,644,647,852,854,871,872,873,874,938,1085,1117,1118,1142,1157,1171,1196,1287,1293,1419,1447,1456,1460,1461,1474,1478,1587,1661,1667,1668,1669,1736,1768,1925,1973,2222,2273,2362,2391,2636,2638,2827,2941,
122;0;426;605;0;15,16,19,20,24,25,26,38,40,55,68,100,126,144,159,170,180,189,196,221,225,231,262,305,307,312,313,322,364,377,379,380,381,382,384,385,442,447,486,506,581,592,593,594,595,596,644,647,852,854,871,872,873,874,938,1085,1117,1118,1142,1143,1157,1287,1293,1447,1456,1461,1474,1478,1587,1668,1669,1768,1973,2195,2196,2197,2222,2273,2636,2941,
122;1;605;703;0;15,16,19,20,24,25,26,38,40,55,68,100,126,144,159,170,180,189,196,221,225,231,262,305,307,312,313,322,364,377,379,380,381,382,384,385,442,447,486,506,581,592,593,594,595,596,644,647,852,854,871,872,873,874,938,1085,1117,1118,1142,1143,1157,1287,1293,1447,1456,1461,1474,1478,1587,1668,1669,1768,1973,2195,2196,2197,2222,2273,2636,2941,
112;0;703;853;0;15,16,19,20,24,25,26,38,40,55,68,95,100,144,170,189,221,225,231,262,305,335,337,364,377,380,385,528,529,581,595,647,692,766,843,854,871,872,873,874,1007,1117,1118,1157,1201,1268,1273,1275,1287,1293,1294,1295,1322,1447,1456,1461,1474,1478,1529,1587,1668,1669,1973,2212,2222,2548,2627,2636,2657,2692,2941,2986,3702,4376,5132,5133,5402,5484,5485,6235,
112;1;853;959;0;15,16,19,20,24,25,26,38,40,55,68,95,100,144,170,189,221,225,231,262,305,335,337,364,377,380,385,528,529,581,595,647,692,766,843,854,871,872,873,874,1007,1117,1118,1157,1201,1268,1273,1275,1287,1293,1294,1295,1322,1447,1456,1461,1474,1478,1529,1587,1668,1669,1973,2212,2222,2548,2627,2636,2657,2692,2941,2986,3702,4376,5132,5133,5402,5484,5485,6235,
111;0;959;1048;0;15,16,19,20,24,25,26,38,40,55,68,95,100,144,170,189,221,225,231,262,305,335,337,364,377,380,385,528,529,581,595,647,692,766,843,854,871,872,873,874,1007,1117,1118,1157,1201,1268,1273,1275,1287,1293,1294,1295,1322,1447,1456,1461,1474,1478,1529,1587,1668,1669,1973,2212,2222,2548,2627,2636,2657,2692,2941,2986,3702,4376,5132,5133,5402,5484,5485,6235,
111;1;1048;1203;0;15,16,19,20,24,25,26,38,40,55,68,95,100,144,170,189,221,225,231,262,305,335,337,364,377,380,385,528,529,581,595,647,692,766,843,854,871,872,873,874,1007,1117,1118,1157,1201,1268,1273,1275,1287,1293,1294,1295,1322,1447,1456,1461,1474,1478,1529,1587,1668,1669,1973,2212,2222,2548,2627,2636,2657,2692,2941,2986,3702,4376,5132,5133,5402,5484,5485,6235,
129;0;1203;1271;0;15,16,19,20,24,25,26,38,40,55,68,95,100,144,170,189,221,225,231,262,305,335,337,364,377,380,385,528,529,581,595,647,692,766,843,854,871,872,873,874,1007,1117,1118,1157,1201,1268,1273,1275,1287,1293,1294,1295,1322,1447,1456,1461,1474,1478,1529,1587,1668,1669,1973,2212,2222,2548,2627,2636,2657,2692,2941,2986,3702,4376,5132,5133,5402,5484,5485,6235,
129;1;1271;1433;0;15,16,19,20,24,25,26,38,40,55,68,95,100,144,170,189,221,225,231,262,305,335,337,364,377,380,385,528,529,581,595,647,692,766,843,854,871,872,873,874,1007,1117,1118,1157,1201,1268,1273,1275,1287,1293,1294,1295,1322,1447,1456,1461,1474,1478,1529,1587,1668,1669,1973,2212,2222,2548,2627,2636,2657,2692,2941,2986,3702,4376,5132,5133,5402,5484,5485,6235,
95;0;1440;1517;0;15,16,19,20,24,25,26,38,40,55,68,95,100,144,146,149,189,221,225,231,262,305,364,377,380,385,398,436,528,529,581,595,647,854,871,872,873,874,1095,1117,1118,1146,1149,1268,1273,1287,1293,1294,1322,1399,1456,1461,1474,1478,1479,1587,1668,1669,1814,1920,1922,1973,2222,2382,2627,2657,2941,3034,3702,4965,4968,4969,4972,4973,5202,5419,5768,5942,5943,7401,
95;1;1517;1668;0;15,16,19,20,24,25,26,38,40,55,68,95,100,144,146,149,189,221,225,231,262,305,364,377,380,385,398,436,528,529,581,595,647,854,871,872,873,874,1095,1117,1118,1146,1149,1268,1273,1287,1293,1294,1322,1399,1456,1461,1474,1478,1479,1587,1668,1669,1814,1920,1922,1973,2222,2382,2627,2657,2941,3034,3702,4965,4968,4969,4972,4973,5202,5419,5768,5942,5943,7401,
82;0;1668;1707;0;15,16,19,20,24,25,26,38,40,55,68,95,135,139,144,146,149,221,225,231,262,305,310,364,377,380,398,436,528,529,581,591,595,640,647,854,871,948,1052,1117,1118,1268,1273,1287,1293,1294,1308,1322,1461,1474,1475,1478,1479,1587,1814,1916,1920,1922,1933,1978,2103,2222,2339,2359,2627,2941,3527,3702,3970,4033,4754,4968,5335,6610,6611,6612,6613,6614,6615,6616,
82;1;1707;1875;0;15,16,19,20,24,25,26,38,40,55,68,95,135,139,144,146,149,221,225,231,262,305,310,364,377,380,398,436,528,529,581,591,595,640,647,854,871,948,1052,1117,1118,1268,1273,1287,1293,1294,1308,1322,1461,1474,1475,1478,1479,1587,1814,1916,1920,1922,1933,1978,2103,2222,2339,2359,2627,2941,3527,3702,3970,4033,4754,4968,5335,6610,6611,6612,6613,6614,6615,6616,
124;0;1875;1929;0;15,16,19,20,24,25,26,38,40,55,68,95,135,139,144,146,149,221,225,231,262,305,310,364,377,380,398,436,528,529,581,591,595,640,647,854,871,948,1052,1117,1118,1268,1273,1277,1287,1293,1294,1308,1322,1461,1474,1475,1478,1479,1587,1796,1814,1916,1920,1922,1933,1978,2103,2222,2339,2359,2627,2941,3527,3702,3970,4033,4182,4754,4968,5335,6610,6611,6612,6613,
124;1;1929;2073;0;15,16,19,20,24,25,26,38,40,55,68,95,135,139,144,146,149,221,225,231,262,305,310,364,377,380,398,436,528,529,581,591,595,640,647,854,871,948,1052,1117,1118,1268,1273,1277,1287,1293,1294,1308,1322,1461,1474,1475,1478,1479,1587,1796,1814,1916,1920,1922,1933,1978,2103,2222,2339,2359,2627,2941,3527,3702,3970,4033,4182,4754,4968,5335,6610,6611,6612,6613,
76;0;2073;2114;0;3,15,16,19,20,24,25,26,38,40,55,68,95,139,144,145,146,149,221,225,231,262,288,305,310,321,364,380,396,397,398,404,429,436,528,529,581,591,595,640,871,948,949,1117,1118,1133,1134,1236,1268,1273,1287,1293,1294,1322,1417,1461,1474,1478,1479,1521,1814,1815,1875,1916,1920,1922,1978,2053,2222,2224,2627,2941,3702,4553,4754,4968,4996,5011,5206,5322,
76;1;2114;2262;0;3,15,16,19,20,24,25,26,38,40,55,68,95,139,144,145,146,149,221,225,231,262,288,305,310,321,364,380,396,397,398,404,429,436,528,529,581,591,595,640,871,948,949,1117,1118,1133,1134,1236,1268,1273,1287,1293,1294,1322,1417,1461,1474,1478,1479,1521,1814,1815,1875,1916,1920,1922,1978,2053,2222,2224,2627,2941,3702,4553,4754,4968,4996,5011,5206,5322,
96;0;2262;2437;0;3,15,16,19,20,24,25,26,38,40,55,68,95,139,144,145,146,149,221,225,231,262,288,305,310,321,364,380,396,397,398,404,429,436,528,529,581,591,595,640,871,948,949,1117,1118,1133,1134,1236,1268,1273,1287,1293,1294,1322,1417,1461,1474,1478,1479,1521,1814,1815,1875,1916,1920,1922,1978,2053,2222,2224,2627,2941,3702,4553,4754,4968,4996,5011,5206,5322,
113;0;2880;2985;0;15,16,17,19,20,24,25,26,28,34,37,38,39,40,44,45,52,54,55,60,68,95,110,117,144,145,146,149,225,231,262,288,364,398,413,429,436,476,494,496,528,529,591,614,615,616,618,778,1117,1268,1287,1293,1294,1311,1322,1344,1461,1474,1478,1479,1718,1920,1922,2091,2222,2326,2341,2627,2941,3702,3891,3956,4645,4968,5825,6423,6778,7793,7794,7795,
113;1;2985;3053;0;15,16,17,19,20,24,25,26,28,34,37,38,39,40,44,45,52,54,55,60,68,95,110,117,144,145,146,149,225,231,262,288,364,398,413,429,436,476,494,496,528,529,591,614,615,616,618,778,1117,1268,1287,1293,1294,1311,1322,1344,1461,1474,1478,1479,1718,1920,1922,2091,2222,2326,2341,2627,2941,3702,3891,3956,4645,4968,5825,6423,6778,7793,7794,7795,
115;0;3053;3213;0;15,16,17,19,20,24,25,26,28,34,37,38,39,40,44,45,52,54,55,60,68,95,97,110,117,144,145,146,149,225,231,262,288,364,398,413,429,432,436,476,494,496,528,529,591,614,615,616,618,778,1117,1268,1287,1293,1294,1311,1322,1344,1401,1461,1474,1478,1479,1718,1920,1922,2091,2222,2326,2341,2627,2941,3702,3891,3956,4645,4968,5825,6423,6778,
115;1;3213;3224;0;15,16,17,19,20,24,25,26,28,34,37,38,39,40,44,45,52,54,55,60,68,95,97,110,117,144,145,146,149,225,231,262,288,364,398,413,429,432,436,476,494,496,528,529,591,614,615,616,618,778,1117,1268,1287,1293,1294,1311,1322,1344,1401,1461,1474,1478,1479,1718,1920,1922,2091,2222,2326,2341,2627,2941,3702,3891,3956,4645,4968,5825,6423,6778,
118;0;3224;3393;0;15,16,17,19,20,24,25,26,28,34,37,38,39,40,44,45,52,54,55,60,68,95,97,110,117,144,145,146,149,225,231,262,276,288,364,398,413,429,432,436,476,494,496,528,529,591,614,615,616,618,765,778,833,1117,1268,1287,1293,1294,1311,1322,1344,1401,1474,1478,1479,1920,1922,2091,2222,2499,2627,2900,2941,3263,3702,4412,4949,4968,5116,5825,
83;0;3393;3414;0;15,16,17,19,20,24,25,26,28,34,37,38,39,40,44,45,52,54,55,60,68,95,97,110,117,144,145,146,149,225,231,262,276,288,364,398,413,429,432,436,476,494,496,528,529,591,614,615,616,618,765,778,934,1117,1268,1287,1293,1294,1311,1322,1401,1474,1478,1479,1920,1922,2091,2222,2223,2627,2693,2941,3263,3267,3268,3702,4968,5390,5391,5825,
83;1;3414;3562;0;15,16,17,19,20,24,25,26,28,34,37,38,39,40,44,45,52,54,55,60,68,95,97,110,117,144,145,146,149,225,231,262,276,288,364,398,413,429,432,436,476,494,496,528,529,591,614,615,616,618,765,778,934,1117,1268,1287,1293,1294,1311,1322,1401,1474,1478,1479,1920,1922,2091,2222,2223,2627,2693,2941,3263,3267,3268,3702,4968,5390,5391,5825,
75;0;3562;3601;0;15,16,17,18,19,20,21,22,23,24,25,26,27,28,29,30,32,33,34,36,41,53,55,57,59,61,68,76,77,78,79,80,81,82,83,84,85,206,274,291,591,677,1418,1451,1481,1657,1752,2105,2469,2600,2627,2645,2679,2689,2774,2777,2941,2950,3121,3263,4604,4605,4606,4740,4803,4945,4946,4947,5507,5633,5649,7203,7204,7205,7206,7207,7209,7804,7806,7812,
75;1;3601;3722;0;15,16,17,18,19,20,21,22,23,24,25,26,27,28,29,30,32,33,34,36,41,53,55,57,59,61,68,76,77,78,79,80,81,82,83,84,85,206,274,291,591,677,1418,1451,1481,1657,1752,2105,2469,2600,2627,2645,2679,2689,2774,2777,2941,2950,3121,3263,4604,4605,4606,4740,4803,4945,4946,4947,5507,5633,5649,7203,7204,7205,7206,7207,7209,7804,7806,7812,
120;0;3722;3873;0;15,16,17,18,19,20,21,22,23,24,25,26,27,28,29,30,32,33,34,36,41,53,55,57,59,61,68,76,77,78,79,80,81,82,83,84,85,206,274,291,591,677,1418,1451,1481,1657,1752,2105,2469,2600,2627,2645,2679,2689,2774,2777,2941,2950,3121,3263,4604,4605,4606,4740,4803,4945,4946,4947,5507,5633,5649,7203,7204,7205,7206,7207,7209,7804,7806,7812,
134;0;3873;4022;0;15,16,17,18,19,20,21,22,23,24,25,26,27,28,29,30,32,33,34,36,41,53,55,57,59,61,68,76,77,78,79,80,81,82,83,84,85,206,274,291,591,677,1418,1451,1481,1657,1752,2105,2469,2600,2627,2645,2679,2689,2774,2777,2941,2950,3121,3263,4604,4605,4606,4740,4803,4945,4946,4947,5507,5633,5649,7203,7204,7205,7206,7207,7209,7804,7806,7812,
103;0;4022;4100;0;15,16,17,18,19,20,21,22,23,24,25,26,27,28,29,30,32,33,34,36,41,53,55,57,59,61,68,76,77,78,79,80,81,82,83,84,85,206,274,291,591,677,1418,1451,1481,1657,1752,2105,2469,2600,2627,2645,2679,2689,2774,2777,2941,2950,3121,3263,4604,4605,4606,4740,4803,4945,4946,4947,5507,5633,5649,7203,7204,7205,7206,7207,7209,7804,7806,7812,
103;1;4100;4165;0;15,16,17,18,19,20,21,22,23,24,25,26,27,28,29,30,32,33,34,36,41,53,55,57,59,61,68,76,77,78,79,80,81,82,83,84,85,206,274,291,591,677,1418,1451,1481,1657,1752,2105,2469,2600,2627,2645,2679,2689,2774,2777,2941,2950,3121,3263,4604,4605,4606,4740,4803,4945,4946,4947,5507,5633,5649,7203,7204,7205,7206,7207,7209,7804,7806,7812,
79;0;4165;4169;0;15,16,17,18,19,20,21,22,23,24,25,26,27,28,29,30,32,33,34,36,41,53,55,57,59,61,68,76,77,78,79,80,81,82,83,84,85,206,274,291,591,677,1418,1451,1481,1657,1752,2105,2469,2600,2627,2645,2679,2689,2774,2777,2941,2950,3121,3263,4604,4605,4606,4740,4803,4945,4946,4947,5507,5633,5649,7203,7204,7205,7206,7207,7209,7804,7806,7812,
79;1;4169;4307;0;15,16,17,18,19,20,21,22,23,24,25,26,27,28,29,30,32,33,34,36,41,53,55,57,59,61,68,76,77,78,79,80,81,82,83,84,85,206,274,291,591,677,1418,1451,1481,1657,1752,2105,2469,2600,2627,2645,2679,2689,2774,2777,2941,2950,3121,3263,4604,4605,4606,4740,4803,4945,4946,4947,5507,5633,5649,7203,7204,7205,7206,7207,7209,7804,7806,7812,
110;0;4320;4459;0;15,16,17,18,19,20,21,22,23,24,25,26,27,28,29,30,32,33,34,36,41,53,55,57,59,61,68,76,77,78,79,80,81,82,83,84,85,206,274,291,374,591,677,1418,1451,1481,1657,1752,2105,2469,2600,2627,2645,2679,2689,2774,2777,2941,2950,3121,3263,3381,4012,4262,4456,4457,4604,4605,4606,4740,4803,4945,4946,4947,5507,5633,5649,7203,7204,7205,
87;0;4459;4509;0;15,16,17,18,19,20,21,22,23,24,25,26,27,28,29,30,32,33,34,36,41,53,55,57,59,61,68,76,77,78,79,80,206,255,291,457,528,529,591,677,738,1268,1269,1270,1271,1286,1287,1289,1293,1294,1322,1481,1781,1782,1785,1898,2190,2221,2264,2265,2471,2485,2627,2645,2679,2774,2777,2941,3263,3598,3702,3704,4217,4262,4604,4620,4621,4622,4623,4624,
87;1;4509;4597;0;15,16,17,18,19,20,21,22,23,24,25,26,27,28,29,30,32,33,34,36,41,53,55,57,59,61,68,76,77,78,79,80,206,255,291,457,528,529,591,677,738,1268,1269,1270,1271,1286,1287,1289,1293,1294,1322,1481,1781,1782,1785,1898,2190,2221,2264,2265,2471,2485,2627,2645,2679,2774,2777,2941,3263,3598,3702,3704,4217,4262,4604,4620,4621,4622,4623,4624,
117;0;4597;4631;0;15,16,17,18,19,20,21,22,23,24,25,26,27,28,29,30,32,33,34,36,41,53,55,57,59,61,68,76,77,78,79,80,144,206,255,262,268,273,286,288,291,302,305,308,310,380,457,528,529,591,595,677,738,892,894,1131,1268,1269,1270,1271,1286,1287,1289,1293,1294,1322,1430,1481,1844,2627,2645,2679,2774,2777,2941,3263,3598,3702,4217,4604,
117;1;4631;4727;0;15,16,17,18,19,20,21,22,23,24,25,26,27,28,29,30,32,33,34,36,41,53,55,57,59,61,68,76,77,78,79,80,144,206,255,262,268,273,286,288,291,302,305,308,310,380,457,528,529,591,595,677,738,892,894,1131,1268,1269,1270,1271,1286,1287,1289,1293,1294,1322,1430,1481,1844,2627,2645,2679,2774,2777,2941,3263,3598,3702,4217,4604,
84;0;4727;4850;0;15,16,17,18,19,20,21,22,23,24,25,26,27,28,29,30,32,33,34,36,41,53,55,57,59,61,68,76,77,78,79,80,144,206,255,262,268,273,286,288,291,302,305,308,310,380,457,528,529,591,595,677,715,738,858,892,894,1131,1268,1269,1270,1271,1293,1294,1322,1481,2627,2645,2679,2774,2777,2941,3263,3447,3598,3702,4217,4604,6221,6222,
71;0;4850;4882;0;15,16,17,18,19,20,21,22,23,24,25,26,27,28,29,30,32,33,34,36,41,53,55,57,59,61,68,76,77,78,79,80,144,206,255,262,268,273,286,288,291,302,305,308,310,380,457,479,528,529,591,595,677,715,738,858,892,894,1269,1270,1293,1294,1322,1481,2172,2645,2679,2774,2777,2941,3254,3263,3382,3447,3598,3702,4217,4604,5308,6426,
71;1;4882;4971;0;15,16,17,18,19,20,21,22,23,24,25,26,27,28,29,30,32,33,34,36,41,53,55,57,59,61,68,76,77,78,79,80,144,206,255,262,268,273,286,288,291,302,305,308,310,380,457,479,528,529,591,595,677,715,738,858,892,894,1269,1270,1293,1294,1322,1481,2172,2645,2679,2774,2777,2941,3254,3263,3382,3447,3598,3702,4217,4604,5308,6426,
94;0;4971;5085;0;15,16,17,18,24,25,34,37,39,44,46,51,54,60,111,117,143,144,198,206,221,262,288,301,350,380,403,427,502,579,581,591,609,640,778,871,892,912,1050,1195,1270,1273,1278,1283,1390,1401,1463,1481,1501,1587,1814,1936,2062,2063,2230,2455,2869,2925,2926,2927,2928,2929,2930,2941,3263,3265,3266,3345,3346,3427,3702,4313,4314,4315,4316,4317,4318,4327,7738,8782,
142;0;5085;5090;0;15,16,17,18,24,25,34,37,39,44,46,51,54,60,111,117,143,144,198,206,221,262,288,301,350,380,403,427,502,579,581,591,609,640,778,871,892,912,1050,1195,1270,1273,1278,1283,1390,1401,1463,1481,1501,1587,1814,1936,2062,2063,2230,2455,2869,2925,2926,2927,2928,2929,2930,2941,3263,3265,3266,3345,3346,3427,3702,4313,4314,4315,4316,4317,4318,4327,7738,8782,
142;1;5090;5199;0;15,16,17,18,24,25,34,37,39,44,46,51,54,60,111,117,143,144,198,206,221,262,288,301,350,380,403,427,502,579,581,591,609,640,778,871,892,912,1050,1195,1270,1273,1278,1283,1390,1401,1463,1481,1501,1587,1814,1936,2062,2063,2230,2455,2869,2925,2926,2927,2928,2929,2930,2941,3263,3265,3266,3345,3346,3427,3702,4313,4314,4315,4316,4317,4318,4327,7738,8782,
135;0;5199;5295;0;15,16,17,18,24,25,34,37,39,44,46,51,54,60,111,117,143,144,198,206,221,262,288,301,350,380,403,427,502,579,581,591,609,640,778,871,892,912,1050,1195,1270,1273,1278,1283,1390,1401,1463,1481,1501,1587,1814,1936,2062,2063,2230,2455,2869,2925,2926,2927,2928,2929,2930,2941,3263,3265,3266,3345,3346,3427,3702,4313,4314,4315,4316,4317,4318,4327,7738,8782,
80;0;5295;5355;0;15,16,17,18,24,25,34,37,39,44,46,51,54,60,111,117,143,144,198,206,221,262,288,301,350,380,403,427,502,579,581,591,609,640,778,871,892,912,1050,1195,1270,1273,1278,1283,1390,1401,1463,1481,1501,1587,1814,1936,2062,2063,2230,2455,2869,2925,2926,2927,2928,2929,2930,2941,3263,3265,3266,3345,3346,3427,3702,4313,4314,4315,4316,4317,4318,4327,7738,8782,
80;1;5355;5389;0;15,16,17,18,24,25,34,37,39,44,46,51,54,60,111,117,143,144,198,206,221,262,288,301,350,380,403,427,502,579,581,591,609,640,778,871,892,912,1050,1195,1270,1273,1278,1283,1390,1401,1463,1481,1501,1587,1814,1936,2062,2063,2230,2455,2869,2925,2926,2927,2928,2929,2930,2941,3263,3265,3266,3345,3346,3427,3702,4313,4314,4315,4316,4317,4318,4327,7738,8782,
140;0;5760;5847;0;15,16,18,24,25,34,117,135,139,143,144,149,262,276,277,288,591,647,778,830,854,855,871,939,948,1050,1062,1093,1118,1121,1126,1361,1390,1478,1481,1485,1488,1489,1491,1498,1502,1503,1670,1757,1978,2062,2063,2455,2503,2718,2941,3130,3250,3263,3702,3711,3712,4033,4313,4314,4315,4316,4317,4318,4551,4834,5629,5778,5826,6039,6101,6170,6412,6479,6480,6481,6482,6483,6484,6485,
108;0;5847;5872;0;15,16,18,24,25,34,117,135,139,143,144,149,175,249,262,276,277,288,591,647,748,760,778,830,854,855,871,939,948,1050,1062,1093,1118,1121,1126,1361,1390,1478,1481,1485,1488,1489,1491,1498,1502,1503,1670,1757,1978,2062,2063,2174,2455,2503,2718,2941,3130,3250,3263,3603,3702,3711,3712,4033,4211,4313,4314,4315,4316,4317,4318,4353,4492,4551,4834,5629,5778,5826,5993,5994,
108;1;5872;5933;0;15,16,18,24,25,34,117,135,139,143,144,149,175,249,262,276,277,288,591,647,748,760,778,830,854,855,871,939,948,1050,1062,1093,1118,1121,1126,1361,1390,1478,1481,1485,1488,1489,1491,1498,1502,1503,1670,1757,1978,2062,2063,2174,2455,2503,2718,2941,3130,3250,3263,3603,3702,3711,3712,4033,4211,4313,4314,4315,4316,4317,4318,4353,4492,4551,4834,5629,5778,5826,5993,5994,
136;0;5933;5965;0;15,16,18,24,25,34,117,135,139,143,144,149,175,248,249,262,276,277,288,591,647,748,760,778,830,854,855,871,939,948,1050,1062,1093,1118,1121,1126,1361,1390,1478,1481,1485,1488,1489,1491,1498,1502,1503,1670,1757,1978,2062,2063,2174,2455,2503,2718,2836,2837,2838,2941,3130,3250,3263,3603,3702,3711,3712,4033,4211,4313,4314,4315,4316,4317,4318,4353,4492,4551,4834,5629,
136;1;5965;6016;0;15,16,18,24,25,34,117,135,139,143,144,149,175,248,249,262,276,277,288,591,647,748,760,778,830,854,855,871,939,948,1050,1062,1093,1118,1121,1126,1361,1390,1478,1481,1485,1488,1489,1491,1498,1502,1503,1670,1757,1978,2062,2063,2174,2455,2503,2718,2836,2837,2838,2941,3130,3250,3263,3603,3702,3711,3712,4033,4211,4313,4314,4315,4316,4317,4318,4353,4492,4551,4834,5629,
109;0;6016;6095;0;135,137,144,147,225,262,272,288,332,356,385,398,591,647,838,854,855,910,926,949,1058,1093,1118,1126,1378,1476,1477,1488,1493,1748,1762,1952,1973,2127,2137,2250,2455,2657,3712,4018,4034,4085,4093,4574,4575,4579,4580,4582,4584,4585,4586,4587,4588,4589,4592,4593,4594,4596,4597,4658,4673,4675,4822,4823,4824,4825,4826,4827,4828,4829,4830,4831,4832,4833,4834,4835,4836,4837,4838,4839,
81;0;6095;6171;0;3,135,136,137,144,147,225,262,272,288,332,356,385,390,398,591,647,838,854,855,910,926,949,1048,1051,1054,1058,1093,1118,1126,1145,1146,1358,1360,1363,1378,1476,1477,1488,1493,1604,1748,1762,1945,1952,1970,1973,2127,2137,2250,2455,2657,3712,4018,4034,4085,4093,4574,4575,4579,4580,4582,4584,4585,4586,4587,4588,4589,4592,4593,4594,4596,4597,4658,4673,4675,4822,4823,4824,4825,
141;0;6171;6243;0;3,100,135,136,137,144,147,225,234,262,272,288,332,356,385,390,398,404,591,647,838,854,855,910,926,949,1048,1051,1054,1058,1093,1118,1126,1133,1145,1146,1358,1360,1363,1378,1476,1477,1488,1493,1604,1726,1748,1762,1809,1945,1952,1970,1973,2109,2127,2137,2250,2455,2657,3712,4018,4033,4034,4085,4093,4574,4575,4579,4580,4582,4584,4585,4586,4587,4588,4589,4592,4593,4594,5663,
100;0;6243;6303;0;3,95,100,117,135,136,137,143,144,147,225,234,262,272,288,297,332,351,356,377,385,390,395,398,404,429,435,591,647,838,854,855,891,895,910,926,949,1021,1048,1050,1051,1054,1058,1093,1117,1118,1126,1146,1233,1363,1390,1469,1474,1484,1599,1668,1669,1751,1762,1809,1915,2536,2573,2770,2892,3037,3263,3286,3854,4018,4033,4427,4449,5350,6384,6803,7261,9269,9270,9271,
74;0;6303;6356;0;3,16,18,19,20,21,24,25,34,76,95,100,117,135,136,137,143,144,147,225,234,262,272,288,297,332,351,356,377,385,390,395,398,404,429,435,483,496,591,647,778,838,854,855,891,895,910,926,949,1021,1048,1050,1051,1054,1058,1093,1117,1146,1311,1343,1363,1390,1474,1484,1596,1669,1809,1914,1915,2085,3263,3286,4018,4044,5488,5825,5928,7786,7853,7854,
93;0;6356;6406;0;3,16,18,19,20,21,24,25,34,76,95,100,117,135,136,137,143,144,147,225,234,262,272,288,297,314,321,332,351,356,377,385,390,395,398,404,429,435,483,496,591,647,778,838,854,855,891,895,910,926,949,1021,1048,1050,1051,1054,1058,1093,1117,1146,1311,1343,1363,1390,1474,1478,1484,1596,1669,1809,1914,1915,2085,3263,3286,4018,4044,5488,5825,5928,
131;0;6406;6430;0;3,16,18,19,20,21,24,25,34,38,76,95,100,117,135,136,137,143,144,147,185,189,225,234,262,272,288,297,314,321,332,351,356,377,385,390,395,398,404,429,435,483,496,591,647,778,838,854,855,871,872,873,874,891,895,910,926,949,972,1021,1048,1050,1051,1058,1146,1343,1363,1390,1456,1474,1478,1484,1596,1669,1809,1915,3263,3286,4018,5825,
116;0;6430;6437;0;3,15,16,18,19,20,21,24,25,29,34,38,54,60,76,95,100,117,135,136,137,143,144,147,185,189,225,234,262,272,288,297,314,321,332,351,356,377,385,390,395,398,404,429,435,483,496,591,647,778,838,855,871,873,1058,1146,1343,1363,1390,1474,1478,1484,1596,1669,1809,1915,2062,2063,3263,3286,3345,3346,4018,4313,4314,4315,4316,4317,4318,5825,
37;0;6437;6471;1;3,15,16,18,19,20,21,24,25,29,34,38,54,60,76,95,100,117,135,136,137,143,144,147,185,189,225,234,262,272,288,297,314,321,332,351,356,377,385,390,395,398,404,429,435,483,496,591,640,647,778,838,855,871,873,1058,1146,1151,1343,1363,1390,1474,1478,1484,1596,1669,1809,1915,2062,2063,2645,2679,2682,3263,3286,4018,5825,8170,8171,8391,
37;1;6471;6475;1;3,15,16,18,19,20,21,24,25,29,34,38,54,60,76,95,100,117,135,136,137,143,144,147,185,189,225,234,262,272,288,297,314,321,332,351,356,377,385,390,395,398,404,429,435,483,496,591,640,647,778,838,855,871,873,1058,1146,1151,1343,1363,1390,1474,1478,1484,1596,1669,1809,1915,2062,2063,2645,2679,2682,3263,3286,4018,5825,8170,8171,8391,
25;0;6475;6514;1;86,95,100,104,135,144,152,170,189,291,321,395,499,504,547,569,577,647,666,677,691,694,715,855,944,964,1030,1157,1199,1249,1281,1283,1304,1428,1447,1541,1669,1915,1935,1936,2052,2368,2461,2599,2626,2628,2635,2643,2651,2661,2678,2679,2685,2696,2738,2860,3574,3745,3765,4385,4388,4566,5048,5336,5392,5530,5538,5585,5640,5722,6022,6114,6694,7339,7815,7816,7817,7818,7819,7820,
25;1;6514;6538;1;86,95,100,104,135,144,152,170,189,291,321,395,499,504,547,569,577,647,666,677,691,694,715,855,944,964,1030,1157,1199,1249,1281,1283,1304,1428,1447,1541,1669,1915,1935,1936,2052,2368,2461,2599,2626,2628,2635,2643,2651,2661,2678,2679,2685,2696,2738,2860,3574,3745,3765,4385,4388,4566,5048,5336,5392,5530,5538,5585,5640,5722,6022,6114,6694,7339,7815,7816,7817,7818,7819,7820,
20;0;6538;6542;1;86,95,100,104,135,144,152,170,189,291,321,395,499,504,547,569,577,647,666,677,691,694,715,855,944,964,1030,1157,1199,1249,1281,1283,1304,1428,1447,1541,1669,1915,1935,1936,2052,2368,2461,2599,2626,2628,2635,2643,2651,2661,2678,2679,2685,2696,2738,2860,3574,3745,3765,4385,4388,4566,5048,5336,5392,5530,5538,5585,5640,5722,6022,6114,6694,7339,7815,7816,7817,7818,7819,7820,
20;1;6542;6604;1;86,95,100,104,135,144,152,170,189,291,321,395,499,504,547,569,577,647,666,677,691,694,715,855,944,964,1030,1157,1199,1249,1281,1283,1304,1428,1447,1541,1669,1915,1935,1936,2052,2368,2461,2599,2626,2628,2635,2643,2651,2661,2678,2679,2685,2696,2738,2860,3574,3745,3765,4385,4388,4566,5048,5336,5392,5530,5538,5585,5640,5722,6022,6114,6694,7339,7815,7816,7817,7818,7819,7820,
54;0;6604;6629;1;86,95,100,104,135,144,152,170,189,291,321,395,499,504,547,569,577,647,666,677,691,694,715,855,944,964,1030,1157,1199,1249,1281,1283,1304,1428,1447,1541,1669,1915,1935,1936,2052,2368,2461,2599,2626,2628,2635,2643,2651,2661,2678,2679,2685,2696,2738,2860,3574,3745,3765,4385,4388,4566,5048,5336,5392,5530,5538,5585,5640,5722,6022,6114,6694,7339,7815,7816,7817,7818,7819,7820,
54;1;6629;6703;1;86,95,100,104,135,144,152,170,189,291,321,395,499,504,547,569,577,647,666,677,691,694,715,855,944,964,1030,1157,1199,1249,1281,1283,1304,1428,1447,1541,1669,1915,1935,1936,2052,2368,2461,2599,2626,2628,2635,2643,2651,2661,2678,2679,2685,2696,2738,2860,3574,3745,3765,4385,4388,4566,5048,5336,5392,5530,5538,5585,5640,5722,6022,6114,6694,7339,7815,7816,7817,7818,7819,7820,
12;0;7200;7214;1;86,95,100,104,135,144,152,170,189,291,321,395,499,504,547,569,577,598,602,647,666,677,691,694,715,855,875,944,964,1030,1157,1199,1249,1274,1281,1283,1304,1428,1447,1541,1669,1778,1915,1935,1936,2052,2148,2233,2352,2368,2461,2599,2626,2628,2635,2643,2651,2661,2678,2679,2685,2696,2738,2860,2873,3409,3574,3709,3745,3802,3829,3837,4060,4864,4865,4866,4868,4869,4870,4871,
12;1;7214;7300;1;86,95,100,104,135,144,152,170,189,291,321,395,499,504,547,569,577,598,602,647,666,677,691,694,715,855,875,944,964,1030,1157,1199,1249,1274,1281,1283,1304,1428,1447,1541,1669,1778,1915,1935,1936,2052,2148,2233,2352,2368,2461,2599,2626,2628,2635,2643,2651,2661,2678,2679,2685,2696,2738,2860,2873,3409,3574,3709,3745,3802,3829,3837,4060,4864,4865,4866,4868,4869,4870,4871,
55;0;7300;7409;1;86,95,100,104,135,144,149,152,170,189,291,321,395,499,504,547,569,577,598,602,647,666,667,677,691,694,715,765,773,835,855,875,944,964,1019,1022,1030,1157,1199,1249,1274,1281,1283,1304,1428,1447,1541,1556,1669,1778,1915,1935,1936,2052,2148,2233,2352,2368,2461,2599,2626,2628,2635,2643,2651,2653,2661,2678,2679,2685,4039,4060,4369,4536,4937,5537,5798,6099,6529,6530,
27;0;7409;7486;1;17,27,61,86,95,100,104,135,144,149,152,155,170,189,202,291,321,395,499,504,518,547,569,577,598,602,647,657,666,667,677,691,694,715,765,773,835,855,875,944,964,1019,1022,1030,1157,1199,1249,1274,1281,1283,1304,1428,1447,1541,1556,1558,1669,1778,1915,1935,1936,1992,2052,2148,2233,2352,2368,2413,2461,2599,2626,2628,2635,2643,2653,2661,2940,2941,3602,4060,
27;1;7486;7520;1;17,27,61,86,95,100,104,135,144,149,152,155,170,189,202,291,321,395,499,504,518,547,569,577,598,602,647,657,666,667,677,691,694,715,765,773,835,855,875,944,964,1019,1022,1030,1157,1199,1249,1274,1281,1283,1304,1428,1447,1541,1556,1558,1669,1778,1915,1935,1936,1992,2052,2148,2233,2352,2368,2413,2461,2599,2626,2628,2635,2643,2653,2661,2940,2941,3602,4060,
38;0;7520;7600;1;17,27,61,86,90,95,100,104,135,144,149,152,155,170,189,202,291,321,395,499,504,518,547,569,577,598,602,647,657,666,667,677,691,694,715,765,773,835,855,875,944,964,1019,1022,1030,1157,1199,1249,1274,1281,1283,1541,1558,1669,1674,1768,1992,2413,2602,2625,2626,2630,2631,2636,2637,2640,2647,2650,2653,2654,2661,2698,2699,2714,2733,2750,2756,2940,2941,4060,
38;1;7600;7637;1;17,27,61,86,90,95,100,104,135,144,149,152,155,170,189,202,291,321,395,499,504,518,547,569,577,598,602,647,657,666,667,677,691,694,715,765,773,835,855,875,944,964,1019,1022,1030,1157,1199,1249,1274,1281,1283,1541,1558,1669,1674,1768,1992,2413,2602,2625,2626,2630,2631,2636,2637,2640,2647,2650,2653,2654,2661,2698,2699,2714,2733,2750,2756,2940,2941,4060,
47;0;7637;7715;1;17,27,61,86,90,95,100,104,135,144,149,152,155,170,189,202,225,291,321,395,499,504,518,547,569,577,598,602,647,657,666,667,677,691,694,715,765,773,835,855,875,944,964,1019,1022,1030,1134,1157,1163,1199,1249,1274,1281,1283,1361,1478,1541,1558,1669,1674,1675,1768,1992,2223,2413,2602,2625,2626,2630,2631,2636,2637,2640,2940,2941,3710,4060,4535,6223,6224,
47;1;7715;7764;1;17,27,61,86,90,95,100,104,135,144,149,152,155,170,189,202,225,291,321,395,499,504,518,547,569,577,598,602,647,657,666,667,677,691,694,715,765,773,835,855,875,944,964,1019,1022,1030,1134,1157,1163,1199,1249,1274,1281,1283,1361,1478,1541,1558,1669,1674,1675,1768,1992,2223,2413,2602,2625,2626,2630,2631,2636,2637,2640,2940,2941,3710,4060,4535,6223,6224,
9;0;7764;7842;1;8,17,27,61,86,90,95,100,104,135,139,144,149,152,155,170,189,202,225,291,321,390,395,404,429,499,504,518,547,569,577,598,602,647,657,666,667,677,691,694,715,765,773,835,855,875,944,948,964,1019,1022,1030,1134,1146,1157,1163,1199,1249,1274,1281,1283,1361,1473,1478,1541,1558,1669,1674,1675,1992,2413,2588,2631,2821,2940,2941,4060,4981,5257,6000,
9;1;7842;7897;1;8,17,27,61,86,90,95,100,104,135,139,144,149,152,155,170,189,202,225,291,321,390,395,404,429,499,504,518,547,569,577,598,602,647,657,666,667,677,691,694,715,765,773,835,855,875,944,948,964,1019,1022,1030,1134,1146,1157,1163,1199,1249,1274,1281,1283,1361,1473,1478,1541,1558,1669,1674,1675,1992,2413,2588,2631,2821,2940,2941,4060,4981,5257,6000,
3;0;7897;8044;1;10,17,27,28,30,139,202,276,290,321,341,390,479,536,579,647,694,764,765,812,855,948,987,1058,1084,1147,1270,1283,1293,1294,1322,1478,1558,1596,1674,1859,1992,2220,2318,2407,2413,2547,2631,2644,2836,2898,2941,2958,2959,3361,3414,3447,3598,3733,3755,3839,3847,3849,3925,4016,4017,4018,4019,4060,4217,4231,4310,4353,4431,4468,4601,4602,4736,5112,5916,6206,6211,6514,6515,6516,
29;0;8044;8192;1;10,17,27,28,30,139,202,276,290,321,341,390,479,536,579,647,694,764,765,812,855,948,987,1058,1084,1147,1270,1283,1293,1294,1322,1478,1558,1596,1674,1859,1992,2220,2318,2407,2413,2547,2631,2644,2836,2898,2941,2958,2959,3361,3414,3447,3598,3733,3755,3839,3847,3849,3925,4016,4017,4018,4019,4060,4217,4231,4310,4353,4431,4468,4601,4602,4736,5112,5916,6206,6211,6514,6515,6516,
17;0;8192;8296;1;10,17,27,28,30,139,202,276,290,321,341,390,479,536,579,647,694,764,765,812,855,948,987,1058,1084,1147,1270,1283,1293,1294,1322,1478,1558,1596,1674,1859,1992,2220,2318,2407,2413,2547,2631,2644,2836,2898,2941,2958,2959,3361,3414,3447,3598,3733,3755,3839,3847,3849,3925,4016,4017,4018,4019,4060,4217,4231,4310,4353,4431,4468,4601,4602,4736,5112,5916,6206,6211,6514,6515,6516,
17;1;8296;8345;1;10,17,27,28,30,139,202,276,290,321,341,390,479,536,579,647,694,764,765,812,855,948,987,1058,1084,1147,1270,1283,1293,1294,1322,1478,1558,1596,1674,1859,1992,2220,2318,2407,2413,2547,2631,2644,2836,2898,2941,2958,2959,3361,3414,3447,3598,3733,3755,3839,3847,3849,3925,4016,4017,4018,4019,4060,4217,4231,4310,4353,4431,4468,4601,4602,4736,5112,5916,6206,6211,6514,6515,6516,
44;0;8345;8506;1;10,17,27,28,30,139,202,276,290,321,341,390,479,536,579,647,694,764,765,812,855,948,987,1058,1084,1147,1270,1283,1293,1294,1322,1478,1558,1596,1674,1859,1992,2220,2318,2407,2413,2547,2631,2644,2836,2898,2941,2958,2959,3361,3414,3447,3598,3733,3755,3839,3847,3849,3925,4016,4017,4018,4019,4060,4217,4231,4310,4353,4431,4468,4601,4602,4736,5112,5916,6206,6211,6514,6515,6516,
END
fineshedJobsCount: 183
switchs: 1628
switchsInstances: 78
unfineshedPriorityCount: 69
finalSolution: 1012
totalUnfineshed: 45
Time: 8
