./input/MyInstancesSameToolSets/n=212,p=0.25,r=0.4,t=1390,v6.csv;./input/Processed/ToolSetInt.csv
6;720;1440
Machine: 0
71;0;0;110;0;15,16,19,20,24,25,28,34,35,36,37,38,40,41,43,45,46,52,54,55,56,57,60,61,97,110,111,137,144,178,179,180,184,185,225,246,262,302,305,307,311,312,313,314,379,380,381,382,383,384,385,386,387,388,389,442,449,485,490,556,576,592,593,594,596,635,662,881,968,969,977,1011,1039,1040,1063,1075,1144,1425,1426,1427,
93;0;110;235;0;15,16,19,20,24,25,28,34,35,36,37,38,40,41,43,45,46,52,54,55,56,57,60,61,97,110,111,137,144,178,179,180,184,185,225,246,262,302,305,307,311,312,313,314,379,380,381,382,383,384,385,386,387,388,389,442,449,485,490,556,576,592,593,594,596,635,662,881,968,969,977,1011,1039,1040,1063,1075,1144,1425,1426,1427,
44;0;235;252;0;15,16,19,20,24,25,28,34,35,36,37,38,40,41,43,45,46,52,54,55,56,57,60,61,97,110,111,137,144,178,179,180,184,185,225,246,262,302,305,307,311,312,313,314,379,380,381,382,383,384,385,386,387,388,389,442,449,485,490,556,576,592,593,594,596,635,662,881,968,969,977,1011,1039,1040,1063,1075,1144,1425,1426,1427,
123;1;252;296;0;15,16,19,20,24,25,28,34,35,36,37,38,40,41,43,45,46,52,54,55,56,57,60,61,97,110,111,137,144,178,179,180,184,185,225,246,262,302,305,307,311,312,313,314,379,380,381,382,383,384,385,386,387,388,389,442,449,485,490,556,576,592,593,594,596,635,662,881,968,969,977,1011,1039,1040,1063,1075,1144,1425,1426,1427,
58;0;296;311;0;15,16,19,20,24,25,28,34,35,36,37,38,40,41,43,45,46,52,54,55,56,57,60,61,97,110,111,137,144,178,179,180,184,185,225,246,262,302,305,307,311,312,313,314,379,380,381,382,383,384,385,386,387,388,389,442,449,485,490,556,576,592,593,594,596,635,662,881,968,969,977,1011,1039,1040,1063,1075,1144,1425,1426,1427,
26;0;311;395;1;15,16,19,20,24,25,28,34,35,36,37,38,40,41,43,45,46,52,54,55,56,57,60,61,97,110,111,137,144,178,179,180,184,185,225,246,262,302,305,307,311,312,313,314,379,380,381,382,383,384,385,386,387,388,389,442,449,485,490,556,576,592,593,594,596,635,662,881,968,969,977,1011,1039,1040,1063,1075,1144,1425,1426,1427,
8;1;395;492;1;15,16,19,20,24,25,28,34,35,36,37,38,40,41,43,45,46,52,54,55,56,57,60,61,97,110,111,137,144,178,179,180,184,185,225,246,262,302,305,307,311,312,313,314,379,380,381,382,383,384,385,386,387,388,389,442,449,485,490,556,576,592,593,594,596,635,662,881,968,969,977,1011,1039,1040,1063,1075,1144,1425,1426,1427,
90;0;492;561;0;15,16,19,20,24,25,28,34,35,36,37,38,40,41,43,45,46,52,54,55,56,57,60,61,97,110,111,137,144,178,179,180,184,185,225,246,262,302,305,307,311,312,313,314,379,380,381,382,383,384,385,386,387,388,389,442,449,485,490,556,576,592,593,594,596,635,662,881,968,969,977,1011,1039,1040,1063,1075,1144,1425,1426,1427,
143;1;561;612;0;15,16,19,20,24,25,28,34,35,36,37,38,40,41,43,45,46,52,54,55,56,57,60,61,97,110,111,137,144,178,179,180,184,185,225,246,262,302,305,307,311,312,313,314,379,380,381,382,383,384,385,386,387,388,389,442,449,485,490,556,576,592,593,594,596,635,662,881,968,969,977,1011,1039,1040,1063,1075,1144,1425,1426,1427,
100;0;612;739;0;15,16,19,20,24,25,28,34,35,36,37,38,40,41,43,45,46,52,54,55,56,57,60,61,97,110,111,137,144,178,179,180,184,185,225,246,262,302,305,307,311,312,313,314,379,380,381,382,383,384,385,386,387,388,389,442,449,485,490,556,576,592,593,594,596,635,662,881,968,969,977,1011,1039,1040,1063,1075,1144,1425,1426,1427,
50;0;739;903;0;15,16,19,20,24,25,28,34,35,36,37,38,40,41,43,45,46,52,54,55,56,57,60,61,97,110,111,137,144,178,179,180,184,185,225,246,262,302,305,307,311,312,313,314,379,380,381,382,383,384,385,386,387,388,389,442,449,485,490,556,576,592,593,594,596,635,662,881,968,969,977,1011,1039,1040,1063,1075,1144,1425,1426,1427,
148;0;903;1060;0;15,16,19,20,24,25,28,34,35,36,37,38,40,41,43,45,46,52,54,55,56,57,60,61,97,110,111,137,144,178,179,180,184,185,225,246,262,302,305,307,311,312,313,314,379,380,381,382,383,384,385,386,387,388,389,442,449,485,490,556,576,592,593,594,596,635,662,881,968,969,977,1011,1039,1040,1063,1075,1144,1425,1426,1427,
47;1;1060;1157;0;15,16,19,20,24,25,28,34,35,36,37,38,40,41,43,45,46,52,54,55,56,57,60,61,97,110,111,137,144,178,179,180,184,185,225,246,262,302,305,307,311,312,313,314,379,380,381,382,383,384,385,386,387,388,389,442,449,485,490,556,576,592,593,594,596,635,662,881,968,969,977,1011,1039,1040,1063,1075,1144,1425,1426,1427,
68;1;1157;1322;0;15,16,19,20,24,25,28,34,35,36,37,38,40,41,43,45,46,52,54,55,56,57,60,61,97,110,111,137,144,178,179,180,184,185,225,246,262,302,305,307,311,312,313,314,379,380,381,382,383,384,385,386,387,388,389,442,449,485,490,556,576,592,593,594,596,635,662,881,968,969,977,1011,1039,1040,1063,1075,1144,1425,1426,1427,
21;0;1440;1492;1;15,16,19,20,24,25,26,27,28,30,34,35,36,37,38,39,40,41,43,45,46,52,54,55,56,57,60,61,97,110,111,137,144,178,179,180,184,185,225,246,262,302,305,307,311,312,313,314,364,379,380,381,382,383,384,385,387,388,442,449,476,477,485,490,576,592,593,594,596,635,662,881,968,1011,1039,1040,1063,1075,1143,1144,
3;0;1492;1507;1;15,16,17,18,19,20,21,22,23,24,25,26,27,28,30,34,35,36,37,38,39,40,41,42,43,44,45,46,48,49,50,51,52,53,54,55,56,57,58,59,60,61,110,111,112,113,114,115,116,117,118,119,144,178,179,180,184,185,225,302,305,307,311,312,364,379,380,384,449,476,477,485,490,576,635,662,1011,1063,1143,1144,
36;1;1507;1651;1;15,16,17,18,19,20,21,22,23,24,25,26,27,28,30,34,35,36,37,38,39,40,41,42,43,44,45,46,48,49,50,51,52,53,54,55,56,57,58,59,60,61,110,111,112,113,114,115,116,117,118,119,144,178,179,180,184,185,225,302,305,311,312,364,384,421,425,449,476,477,485,490,576,635,662,1011,1063,1144,1261,1262,
47;0;1651;1734;0;15,16,17,18,19,20,21,22,23,24,25,26,27,28,30,34,35,36,37,38,39,40,41,42,43,44,45,46,48,49,50,51,52,53,54,55,56,57,58,59,60,61,110,111,112,113,114,115,116,117,118,119,144,178,179,180,184,185,225,302,305,311,312,364,384,421,425,449,476,477,485,490,576,635,662,1011,1063,1144,1261,1262,
3;1;1734;1763;1;15,16,17,18,19,20,21,22,23,24,25,26,27,28,30,34,35,36,37,38,39,40,41,42,43,44,45,46,48,49,50,51,52,53,54,55,56,57,58,59,60,61,110,111,112,113,114,115,116,117,118,119,144,178,179,180,184,185,225,302,305,311,312,364,384,421,425,449,476,477,485,490,576,635,662,1011,1063,1144,1261,1262,
32;0;1763;1877;1;15,16,17,18,19,20,21,22,23,24,25,26,27,28,30,34,35,36,37,38,39,40,41,42,43,44,45,46,48,49,50,51,52,53,54,55,56,57,58,59,60,61,72,110,111,116,119,144,178,179,180,184,185,225,280,302,305,311,312,364,384,421,425,449,476,477,485,490,576,635,662,753,1011,1063,1261,1262,1318,1319,1320,1321,
36;0;1877;1983;1;15,16,17,18,19,20,21,22,23,24,25,26,27,28,30,34,35,36,37,38,39,40,41,42,43,44,45,46,48,49,50,51,52,53,54,55,56,57,58,59,60,61,72,110,111,116,119,144,178,179,180,184,185,225,280,302,305,311,312,364,384,421,425,449,476,477,485,490,576,635,662,753,1011,1063,1261,1262,1318,1319,1320,1321,
127;0;1983;2130;0;1,2,3,4,5,6,7,8,9,10,11,12,13,15,16,17,18,19,20,21,22,23,24,25,26,27,28,30,34,35,36,37,38,39,40,41,42,43,44,45,46,48,49,50,51,52,53,54,55,56,57,58,59,60,61,72,110,111,144,178,179,180,185,225,302,305,311,364,384,421,425,449,476,477,485,490,576,635,662,1063,
147;0;2130;2231;0;1,2,4,5,7,8,9,10,12,15,16,17,18,19,20,21,22,23,24,25,26,27,28,30,34,35,36,37,38,39,40,41,42,43,44,45,46,48,49,50,51,52,53,54,55,56,57,58,59,60,61,72,110,111,144,178,179,180,185,225,302,305,311,364,384,421,425,449,476,477,485,490,576,632,635,653,662,869,870,1063,
108;0;2880;3059;0;1,10,12,15,16,17,18,19,20,21,22,23,24,25,26,27,28,30,34,35,36,37,38,39,40,41,42,43,44,45,46,48,49,50,51,52,53,54,55,56,57,58,59,60,61,72,110,111,144,178,179,180,185,190,225,302,305,311,364,384,421,425,449,476,477,485,490,576,621,632,635,662,802,1063,1064,1065,1066,1067,1068,1069,
27;0;3059;3156;1;15,16,17,18,19,20,21,22,23,24,25,26,27,28,30,34,35,36,37,38,39,40,41,42,43,44,45,46,48,49,50,51,52,53,54,55,56,57,58,59,60,61,72,76,178,185,198,225,364,412,417,421,425,449,452,453,454,455,456,457,458,459,460,461,462,463,464,465,466,467,468,469,470,476,477,485,490,576,662,1063,
5;0;3156;3286;1;15,16,17,18,19,20,21,22,23,24,25,26,27,28,30,34,35,36,37,38,39,40,41,42,43,44,45,46,48,49,50,51,52,53,54,55,56,57,58,59,60,61,72,76,178,185,198,225,358,359,360,361,362,363,364,365,366,367,368,369,370,371,372,373,374,375,412,417,421,425,449,456,460,476,477,485,490,576,662,1063,
26;1;3286;3333;1;15,16,17,18,19,20,21,22,23,24,25,26,27,28,30,34,35,36,37,38,39,40,41,42,43,44,45,46,48,49,50,51,52,53,54,55,56,57,58,59,60,61,72,76,178,185,198,225,358,359,360,361,362,363,364,365,366,367,368,369,370,371,372,373,374,375,412,417,421,425,449,456,460,476,477,485,490,576,662,1063,
142;0;3333;3372;0;15,16,17,18,19,20,21,22,23,24,25,26,27,28,30,34,35,36,37,38,39,40,41,42,43,44,45,46,48,49,50,51,52,53,54,55,56,57,58,59,60,61,72,76,178,185,198,206,225,358,359,360,361,362,363,364,365,412,417,421,425,449,456,460,476,477,485,490,576,637,656,662,1063,1246,1247,1248,1249,1250,1251,1252,
38;0;3372;3484;0;15,16,17,18,19,20,21,22,23,24,25,26,27,28,30,34,35,36,37,38,39,40,41,42,43,44,45,46,48,49,50,51,52,53,54,55,56,57,58,59,60,61,72,76,178,185,198,206,225,359,364,412,417,421,422,423,424,425,426,427,428,449,456,460,476,477,485,490,576,637,656,662,1063,1246,1247,1248,1249,1250,1251,1252,
31;0;3484;3537;1;15,16,17,18,19,20,21,22,23,24,25,26,27,28,30,34,35,36,37,38,39,40,41,42,43,44,45,46,48,49,50,51,52,53,54,55,56,57,58,59,60,61,72,76,178,185,198,206,225,259,260,359,364,412,417,421,422,424,426,427,428,449,456,460,476,477,485,490,576,637,656,662,1063,1246,1247,1248,1249,1250,1251,1252,
83;0;3537;3612;0;15,16,17,18,19,20,21,22,23,24,25,26,27,28,30,34,35,36,37,38,39,40,41,42,43,44,45,46,48,49,50,51,52,53,54,55,56,57,58,59,60,61,72,76,178,185,198,206,225,259,260,329,330,331,332,333,359,364,412,417,421,422,424,426,427,428,449,456,460,476,477,485,490,637,656,662,1063,1246,1247,1248,
130;1;4320;4398;0;15,16,17,18,19,20,21,22,23,24,25,26,27,28,29,30,34,35,36,37,38,39,40,41,42,43,44,45,46,47,48,49,50,51,52,53,54,55,56,57,58,59,60,61,62,63,64,65,66,67,68,69,70,71,72,73,74,75,76,178,198,225,259,260,329,359,364,412,417,427,428,449,456,476,477,485,490,637,656,662,
18;1;4398;4437;1;15,16,17,18,19,20,21,22,23,24,25,26,27,28,29,30,34,35,36,37,38,39,40,41,42,43,44,45,46,47,48,49,50,51,52,53,54,55,56,57,58,59,60,61,65,66,68,70,72,74,76,126,178,198,225,259,260,329,359,364,412,417,427,428,449,456,476,477,485,490,637,656,662,1085,1089,1138,1139,1140,1141,1142,
30;0;4437;4551;1;15,16,17,18,19,20,21,22,23,24,25,26,27,28,29,30,34,35,36,37,38,39,40,41,42,43,44,45,46,48,49,50,51,52,53,54,55,56,57,58,59,60,61,65,68,70,74,76,126,178,198,225,259,260,329,359,364,412,417,427,428,449,456,476,477,485,490,637,662,1085,1089,1138,1139,1140,1141,1142,1157,1160,1161,1162,
133;0;4551;4626;0;15,16,17,18,19,20,21,22,23,24,25,26,27,28,29,30,34,35,36,37,38,39,40,41,42,43,44,45,46,48,49,50,51,52,53,54,55,56,57,58,59,60,61,68,70,74,76,126,178,198,225,329,359,364,412,417,427,449,456,476,477,490,496,579,637,662,1085,1089,1138,1139,1140,1141,1142,1155,1156,1157,1160,1161,1162,1213,
57;0;4626;4716;0;15,16,17,18,19,20,21,22,23,24,25,26,27,28,29,30,31,32,33,34,35,36,37,38,39,40,41,42,43,44,45,46,48,49,50,51,52,53,54,55,56,57,58,59,60,61,68,70,74,76,126,178,198,225,359,364,412,417,427,449,456,476,477,490,496,637,662,1085,1089,1138,1139,1140,1141,1142,1155,1156,1157,1160,1161,1162,
76;0;4716;4810;0;15,16,17,18,19,20,21,22,23,24,25,26,27,28,29,30,34,35,36,37,38,39,40,41,42,43,44,45,46,48,49,50,51,52,53,54,55,56,57,58,59,60,61,70,74,76,126,178,225,359,364,412,415,417,427,449,456,471,472,473,474,475,476,477,496,637,662,1085,1089,1138,1139,1140,1141,1142,1155,1156,1157,1160,1161,1162,
145;1;4810;4910;0;15,16,17,18,19,20,21,22,23,24,25,26,27,28,29,30,34,35,36,37,38,39,40,41,42,43,44,45,46,48,49,50,51,52,53,54,55,56,57,58,59,60,61,70,74,76,126,178,225,359,364,412,415,417,427,449,456,471,472,473,474,475,476,477,496,637,662,1085,1089,1138,1139,1140,1141,1142,1155,1156,1157,1160,1161,1162,
45;1;4910;4993;0;15,16,17,18,19,20,21,22,23,24,25,26,27,28,29,30,34,35,36,37,38,39,40,41,42,43,44,45,46,48,49,50,51,52,53,54,55,56,57,58,59,60,61,70,74,76,126,178,225,359,364,406,407,408,409,410,411,412,413,414,415,416,417,427,449,476,637,662,1085,1089,1138,1139,1140,1141,1142,1155,1157,1160,1161,1162,
37;1;4993;5004;1;15,16,17,18,19,20,21,22,23,24,25,26,27,28,29,30,34,35,36,37,38,39,40,41,42,43,44,45,46,48,49,50,51,52,53,54,55,56,57,58,59,60,61,70,74,76,126,178,225,364,406,407,408,409,410,411,412,415,427,449,476,504,637,662,722,723,724,725,1085,1089,1138,1139,1140,1141,1142,1155,1157,1160,1161,1162,
9;0;5004;5133;1;15,16,17,18,19,20,21,22,23,24,25,26,27,28,29,30,34,35,36,37,38,39,40,41,42,43,44,45,46,48,49,50,51,52,53,54,55,56,57,58,59,60,61,70,74,76,126,178,225,364,406,408,412,415,427,449,476,504,637,652,662,722,723,724,725,1085,1089,1138,1139,1140,1141,1142,1155,1157,1160,1161,1162,1263,1264,1265,
24;1;5760;5790;1;15,16,17,18,19,20,21,22,23,24,25,26,27,28,29,30,34,35,36,37,38,39,40,41,42,43,44,45,46,48,49,50,51,52,53,54,55,56,57,58,59,60,61,70,74,76,81,82,83,85,126,178,225,364,408,412,415,427,449,476,504,652,662,722,723,724,725,1085,1089,1138,1139,1140,1141,1142,1155,1157,1160,1161,1162,1263,
18;0;5790;5810;1;15,16,17,18,19,20,21,22,23,24,25,26,27,28,29,30,34,35,36,37,38,39,40,41,42,43,44,45,46,48,49,50,51,52,53,54,55,56,57,58,59,60,61,70,74,76,81,82,83,85,126,178,225,364,408,412,415,427,449,476,504,652,662,722,723,724,725,1085,1089,1138,1139,1140,1141,1142,1155,1157,1160,1161,1162,1263,
24;0;5810;5884;1;15,16,17,18,19,20,21,22,23,24,25,26,27,28,29,30,34,35,36,37,38,39,40,41,42,43,44,45,46,48,49,50,51,52,53,54,55,56,57,58,59,60,61,70,74,76,81,82,83,85,126,178,225,364,408,412,415,427,449,476,504,652,662,722,723,724,725,1085,1089,1138,1139,1140,1141,1142,1155,1157,1160,1161,1162,1263,
94;0;5884;6025;0;15,16,17,18,19,20,21,22,23,24,25,26,27,28,29,30,34,35,36,37,38,39,40,41,42,43,44,45,46,48,49,50,51,52,53,54,55,56,57,58,59,60,61,70,74,76,81,82,83,85,144,177,178,180,225,288,306,364,412,427,449,476,504,662,722,723,724,725,1085,1089,1132,1133,1134,1141,1142,1155,1157,1160,1161,1162,
17;0;6025;6035;1;15,16,17,18,19,20,21,22,23,24,25,26,27,28,29,34,35,36,37,38,39,40,41,42,43,44,45,46,48,49,50,51,52,53,54,55,56,57,58,59,60,61,70,76,144,177,178,179,183,184,225,272,302,304,305,311,323,364,384,427,449,476,504,662,722,723,724,725,1085,1089,1128,1129,1130,1131,1141,1142,1157,1160,1161,1162,
17;1;6035;6118;1;15,16,17,18,19,20,21,22,23,24,25,26,27,28,29,34,35,36,37,38,39,40,41,42,43,44,45,46,48,49,50,51,52,53,54,55,56,57,58,59,60,61,70,76,144,177,178,179,183,184,225,272,302,304,305,311,323,364,384,427,449,476,504,662,722,723,724,725,1085,1089,1128,1129,1130,1131,1141,1142,1157,1160,1161,1162,
79;0;6118;6122;0;15,16,17,18,19,20,21,22,23,24,25,26,27,28,29,34,35,36,37,38,39,40,41,42,43,44,45,46,48,49,50,51,52,53,54,55,56,57,58,59,60,61,70,76,144,177,178,179,183,184,225,272,302,304,305,311,323,364,384,427,449,476,504,662,722,723,724,725,1085,1089,1128,1129,1130,1131,1141,1142,1157,1160,1161,1162,
86;1;6122;6136;0;15,16,17,18,19,20,21,22,23,24,25,26,27,28,29,34,35,36,37,38,39,40,41,42,43,44,45,46,48,49,50,51,52,53,54,55,56,57,58,59,60,61,70,76,144,177,178,179,183,184,203,225,272,278,279,280,281,282,302,305,311,323,364,427,449,476,504,662,722,723,724,725,1085,1089,1141,1142,1157,1160,1161,1162,
104;0;6136;6284;0;15,16,17,18,19,20,21,22,23,24,25,26,27,28,29,34,35,36,37,38,39,40,41,42,43,44,45,46,48,49,50,51,52,53,54,55,56,57,58,59,60,61,144,177,178,179,184,203,225,272,278,279,280,281,282,286,308,312,315,323,364,427,449,476,504,662,722,723,724,725,1085,1089,1141,1142,1157,1160,1161,1162,1416,1417,
86;0;6284;6358;0;15,16,17,18,19,20,21,22,23,24,25,26,27,28,29,34,35,36,37,38,39,40,41,42,43,44,45,46,48,49,50,51,52,53,54,55,56,57,58,59,60,61,144,177,178,179,184,203,225,272,278,279,280,281,282,286,308,312,315,323,364,427,449,476,504,662,722,723,724,725,1085,1089,1141,1142,1157,1160,1161,1162,1416,1417,
124;0;6358;6514;0;15,16,17,18,19,20,21,22,23,24,25,26,27,28,29,34,35,36,37,38,39,40,41,42,43,44,45,46,48,49,50,51,52,53,54,55,56,57,58,59,60,61,144,177,178,179,184,189,225,272,279,308,312,323,364,427,449,476,504,662,722,723,724,725,871,872,873,874,972,1085,1089,1141,1142,1157,1160,1161,1162,1416,1456,1457,
59;0;6514;6600;0;15,16,17,18,19,20,21,22,23,24,25,26,27,28,29,34,35,36,37,38,39,40,41,42,43,44,45,46,48,49,50,51,52,53,54,55,56,57,58,59,60,61,144,177,178,179,184,189,225,272,279,308,312,323,364,427,449,476,504,662,722,723,724,725,871,872,873,874,972,1085,1089,1141,1142,1157,1160,1161,1162,1416,1456,1457,
37;0;6600;6750;1;15,16,17,18,19,20,21,22,23,24,25,26,27,28,29,34,35,36,37,38,39,40,41,42,43,44,45,46,48,49,50,51,52,53,54,55,56,57,58,59,60,61,144,177,178,179,184,189,225,272,279,308,312,323,364,427,449,476,504,662,722,723,724,725,871,872,873,874,972,1085,1089,1141,1142,1157,1160,1161,1162,1416,1456,1457,
107;0;7200;7377;0;15,16,17,18,19,20,21,22,23,24,25,26,27,28,29,34,35,36,37,38,39,40,41,42,43,44,45,46,48,49,50,51,52,53,54,55,56,57,58,59,60,61,144,177,178,179,184,189,225,272,279,308,312,323,364,427,449,476,504,662,722,723,724,871,872,873,874,972,1085,1089,1141,1142,1157,1160,1161,1162,1416,1456,1460,1461,
40;0;7377;7389;0;15,16,17,18,19,20,21,22,23,24,25,26,27,28,29,34,35,36,37,38,39,40,41,42,43,44,45,46,48,49,50,51,52,53,54,55,56,57,58,59,60,61,144,177,178,179,184,189,225,272,279,308,312,323,364,427,449,476,504,662,722,723,724,871,872,873,874,972,1085,1089,1141,1142,1143,1157,1158,1160,1161,1162,1416,1456,
33;0;7389;7441;1;15,16,17,18,19,20,21,22,23,24,25,26,27,28,29,34,35,36,37,38,39,40,41,42,43,44,45,46,48,49,50,51,52,53,54,55,56,57,58,59,60,61,144,177,178,179,184,189,225,262,272,307,308,379,380,382,383,427,449,476,871,872,873,874,972,1032,1033,1034,1035,1036,1037,1038,1085,1141,1143,1157,1160,1161,1162,1456,
15;0;7441;7522;1;15,16,17,18,19,20,21,22,23,24,25,26,27,28,29,34,35,36,37,38,39,40,41,42,43,44,45,46,48,49,50,51,52,53,54,55,56,57,58,59,60,61,144,177,178,179,184,189,221,225,262,307,308,379,380,382,383,427,447,448,449,450,451,476,871,872,873,874,972,1032,1033,1034,1085,1141,1143,1157,1160,1161,1162,1456,
121;0;7522;7627;0;15,16,17,18,19,20,21,22,23,24,25,26,27,28,29,34,35,36,37,38,39,40,41,42,43,44,45,46,48,49,50,51,52,53,54,55,56,57,58,59,60,61,144,177,178,179,184,189,225,262,307,308,379,380,382,383,427,448,449,476,787,871,872,873,874,875,876,877,878,879,880,972,1085,1141,1143,1157,1160,1161,1162,1456,
30;1;7627;7737;1;15,16,17,18,19,20,21,22,23,24,25,26,27,28,29,34,35,36,37,38,39,40,41,42,43,44,45,46,48,49,50,51,52,53,54,55,56,57,58,59,60,61,144,177,178,179,184,189,225,262,307,308,379,380,382,383,427,448,449,476,787,871,872,873,874,875,876,877,878,879,880,972,1085,1141,1143,1157,1160,1161,1162,1456,
12;0;7737;7893;1;15,16,17,18,19,20,21,22,23,24,25,26,27,28,29,34,35,36,37,38,39,40,41,42,43,44,45,46,48,49,50,51,52,53,54,55,56,57,58,59,60,61,70,110,111,144,177,178,179,184,190,222,308,427,448,476,510,597,632,633,802,805,871,1085,1141,1143,1185,1215,1216,1217,1218,1219,1220,1221,1222,1223,1224,1225,1226,1227,
96;0;7893;8033;0;15,16,17,18,19,20,21,22,23,24,25,26,27,28,29,34,35,36,37,38,39,40,41,42,43,44,45,46,48,49,50,51,52,53,54,55,56,57,58,59,60,61,70,110,111,144,152,177,178,179,184,190,222,308,427,448,476,510,597,632,633,802,805,871,962,1085,1141,1143,1185,1215,1216,1217,1218,1219,1220,1221,1222,1223,1224,1225,
Machine: 1
64;0;0;9;0;15,16,17,18,19,20,21,22,23,24,25,26,27,28,34,35,36,37,38,39,40,41,42,43,44,45,46,48,49,50,51,52,53,54,55,56,57,58,59,60,61,87,89,94,104,140,144,276,308,349,597,693,762,764,766,768,769,772,831,833,834,844,854,863,945,947,949,1019,1020,1021,1022,1023,1024,1025,1026,1027,1028,1029,1030,1031,
120;1;9;103;0;15,16,17,18,19,20,21,22,23,24,25,26,27,28,34,35,36,37,38,39,40,41,42,43,44,45,46,48,49,50,51,52,53,54,55,56,57,58,59,60,61,87,89,94,104,140,144,247,248,249,250,251,276,308,349,597,693,762,764,766,768,769,772,831,833,834,844,854,863,945,947,949,1019,1020,1021,1022,1023,1024,1025,1026,
77;0;103;156;0;15,16,17,18,19,20,21,22,23,24,25,26,27,28,34,35,36,37,38,39,40,41,42,43,44,45,46,48,49,50,51,52,53,54,55,56,57,58,59,60,61,87,89,90,94,100,104,140,144,251,276,308,597,762,764,765,766,768,769,770,772,831,833,834,835,836,842,844,849,852,854,855,856,857,858,859,860,861,862,863,
77;1;156;209;0;15,16,17,18,19,20,21,22,23,24,25,26,27,28,34,35,36,37,38,39,40,41,42,43,44,45,46,48,49,50,51,52,53,54,55,56,57,58,59,60,61,87,89,90,94,100,104,140,144,251,276,308,597,762,764,765,766,768,769,770,772,831,833,834,835,836,842,844,849,852,854,855,856,857,858,859,860,861,862,863,
19;0;209;312;1;15,16,17,18,19,20,21,22,23,24,25,26,27,28,34,35,36,37,38,39,40,41,42,43,44,45,46,48,49,50,51,52,53,54,55,56,57,58,59,60,61,87,89,90,94,100,104,140,144,251,276,308,597,762,764,765,766,768,769,770,772,831,833,834,835,836,842,844,849,852,854,855,856,857,858,859,860,862,863,954,
102;0;312;440;0;15,16,17,18,19,20,21,22,23,24,25,26,27,28,34,35,36,37,38,39,40,41,42,43,44,45,46,48,49,50,51,52,53,54,55,56,57,58,59,60,61,68,87,89,90,94,100,104,128,140,144,251,276,308,418,419,420,597,762,764,765,766,768,769,770,772,831,833,834,835,836,842,844,849,852,854,855,858,862,863,
7;1;440;571;1;15,16,17,18,19,20,21,22,23,24,25,26,27,28,34,35,36,37,38,39,40,42,44,46,49,51,52,54,60,61,68,86,87,89,90,91,94,100,104,140,144,276,308,314,337,597,690,764,765,766,768,769,770,830,831,832,833,834,835,836,837,838,839,840,841,842,843,844,845,846,847,848,849,850,851,852,853,854,855,858,
7;0;571;709;1;15,16,17,18,19,20,21,22,23,24,25,26,27,28,34,35,36,37,38,39,40,42,44,46,49,51,52,54,60,61,68,86,87,89,90,91,94,100,104,140,144,276,308,314,337,597,690,764,765,766,768,769,770,830,831,832,833,834,835,836,837,838,839,840,841,842,843,844,845,846,847,848,849,850,851,852,853,854,855,858,
74;0;709;838;0;15,16,17,18,19,20,21,22,23,24,25,26,27,28,34,35,36,37,38,39,40,42,44,46,49,51,52,54,60,61,68,86,87,89,90,91,94,100,104,140,144,276,308,314,337,597,598,599,600,601,602,603,604,605,606,607,608,609,610,611,612,613,614,615,616,617,618,619,620,764,765,768,769,831,838,841,843,854,855,858,
11;1;1440;1543;1;15,16,17,18,19,20,21,22,23,24,25,26,27,28,34,35,36,37,38,39,40,42,46,49,52,54,60,61,68,86,87,89,90,91,94,100,104,137,140,144,149,276,308,314,337,390,391,395,764,765,768,769,831,838,841,854,855,858,891,938,1117,1145,1146,1147,1148,1163,1164,1165,1166,1167,1168,1169,1170,1171,1172,1173,1174,1175,1176,1177,
92;0;1543;1557;0;15,16,17,18,19,20,21,22,23,24,25,26,27,28,29,30,32,33,34,35,36,37,38,39,40,42,46,49,52,54,60,61,68,76,77,78,79,80,81,82,83,84,85,86,87,89,90,91,94,100,104,137,140,144,149,276,308,314,337,390,391,395,764,765,768,769,831,841,854,855,858,891,938,1117,1145,1146,1147,1148,1163,1174,
34;0;1557;1602;1;15,16,17,19,20,22,23,24,25,26,27,28,29,34,35,37,38,39,40,42,46,49,52,54,60,61,68,76,77,79,86,87,88,89,90,91,92,93,94,95,96,97,98,99,100,101,102,103,104,105,106,107,108,109,137,140,144,149,276,308,314,337,390,391,395,764,765,768,769,831,841,854,855,858,891,1117,1145,1146,1147,1148,
28;0;1602;1677;1;15,16,17,19,24,25,26,27,29,34,35,37,38,39,40,42,46,49,52,54,60,61,68,76,77,79,86,87,88,89,90,91,92,93,94,95,96,97,98,99,100,101,102,103,104,105,106,107,108,109,137,140,144,149,276,308,314,337,390,391,395,714,764,765,768,769,771,831,854,855,858,891,1044,1045,1046,1117,1145,1146,1147,1148,
128;0;1677;1778;0;15,16,17,19,24,25,26,27,29,34,35,37,38,39,40,42,46,49,52,54,60,61,68,76,77,79,86,87,88,89,90,91,92,93,94,95,96,97,98,99,100,101,102,103,104,105,106,107,108,109,137,140,144,149,177,178,179,180,181,182,183,184,276,302,308,314,337,390,391,395,831,854,855,858,891,1117,1145,1146,1147,1148,
1;0;1778;1893;1;15,16,17,19,24,25,26,27,29,34,35,37,38,39,40,42,46,49,52,54,60,61,68,74,76,77,79,86,87,88,89,90,91,92,93,94,95,96,97,98,99,100,101,102,103,104,105,106,107,108,109,137,140,144,149,177,178,179,180,181,182,183,184,198,302,314,395,448,476,655,854,855,995,1085,1088,1113,1114,1115,1117,1145,
59;1;1893;1905;0;15,16,17,19,24,25,26,27,29,34,35,37,38,39,40,42,46,49,52,54,60,61,68,76,77,86,87,88,89,90,91,92,93,94,95,96,97,98,99,100,101,102,103,104,105,106,107,108,109,137,140,144,149,177,178,179,180,181,182,183,184,189,198,302,314,395,448,655,854,855,871,872,873,874,972,995,1089,1117,1145,1456,
34;1;1905;1978;1;15,16,17,19,24,25,26,27,29,34,35,37,38,39,40,42,46,49,52,54,60,61,68,76,77,86,87,88,89,90,91,92,93,94,95,96,97,98,99,100,101,102,103,104,105,106,107,108,109,137,140,144,149,177,178,179,180,181,182,183,184,189,198,302,314,395,448,655,854,855,871,872,873,874,972,995,1089,1117,1145,1456,
99;0;1978;1999;0;15,16,17,19,24,25,26,27,29,34,35,37,38,39,40,42,46,49,52,54,60,61,68,76,77,86,87,88,89,90,91,92,93,94,95,96,97,98,99,100,101,102,103,104,105,106,107,108,109,137,140,144,149,177,178,179,180,181,182,183,184,189,198,302,314,395,446,448,655,854,855,871,872,873,874,972,995,1089,1117,1145,
119;0;1999;2143;0;15,16,17,19,24,25,26,27,29,34,35,37,38,39,40,42,46,49,52,54,60,61,68,76,77,86,87,88,89,90,95,96,97,100,101,102,103,137,140,144,149,177,178,179,180,181,182,183,184,189,198,262,302,305,307,312,313,314,379,380,381,382,383,385,387,395,442,446,448,594,655,854,855,871,995,1040,1117,1145,1380,1381,
132;0;2143;2192;0;15,16,17,19,24,25,26,27,29,34,35,37,38,39,40,42,46,49,52,54,60,61,68,76,77,86,87,88,89,90,95,96,97,100,101,102,103,137,140,144,149,177,178,179,180,181,182,183,184,189,198,262,302,305,307,312,313,314,379,380,381,382,383,385,387,395,442,446,448,594,655,854,855,871,995,1040,1117,1145,1380,1381,
101;0;2880;3049;0;15,16,17,19,24,26,34,37,38,39,40,46,52,54,60,61,86,87,88,89,90,95,97,100,102,137,140,144,149,177,178,179,180,181,182,183,184,262,302,305,307,312,313,314,379,380,381,382,383,385,395,408,412,415,427,442,446,479,490,537,594,632,730,854,855,1040,1117,1145,1155,1380,1432,1433,1434,1435,1436,1437,1438,1439,1440,1441,
41;0;3049;3197;0;1,10,12,15,16,17,19,24,26,34,37,38,39,40,46,52,54,60,61,86,87,88,89,90,95,97,100,102,135,136,137,138,139,140,141,142,143,144,145,146,147,148,149,177,178,179,180,181,182,183,184,262,302,305,307,312,313,314,379,380,381,382,383,385,395,408,412,415,427,442,446,594,632,854,855,1040,1117,1145,1155,1380,
106;1;3197;3231;0;1,10,12,15,16,17,19,24,26,34,37,38,39,40,46,52,54,60,61,86,87,88,89,90,95,97,100,102,135,136,137,138,139,140,142,143,144,145,148,149,177,178,179,180,181,182,183,184,225,262,302,305,307,312,313,314,379,380,381,382,383,385,395,408,412,415,427,442,446,592,594,632,854,855,1039,1040,1117,1145,1155,1380,
116;1;3231;3325;0;2,15,16,19,24,26,34,37,38,46,52,54,60,61,86,87,88,89,90,95,97,102,135,137,142,144,145,149,177,178,179,180,181,182,183,184,225,231,262,302,305,307,312,313,314,329,379,380,381,382,383,385,395,400,442,446,592,594,640,647,854,855,933,948,1039,1040,1093,1116,1117,1118,1119,1120,1121,1122,1123,1124,1125,1126,1127,1145,
109;0;3325;3355;0;15,16,24,26,34,38,46,52,54,60,61,86,87,88,89,90,95,97,102,137,142,144,145,149,177,178,179,180,181,182,183,184,225,231,262,302,305,307,312,313,379,380,381,382,383,385,395,400,428,442,446,529,592,594,948,1039,1040,1145,1263,1268,1270,1275,1277,1279,1281,1288,1293,1294,1322,1323,1324,1325,1326,1327,1328,1329,1330,1331,1332,1333,
0;0;3355;3511;1;15,16,24,26,34,38,46,52,54,60,61,86,87,88,89,90,95,97,102,137,142,144,145,149,177,178,179,180,181,182,183,184,225,231,262,272,302,305,307,311,312,313,379,380,381,382,383,385,395,400,428,442,446,529,592,594,948,1032,1033,1034,1035,1036,1037,1038,1039,1040,1145,1263,1268,1270,1275,1277,1279,1281,1288,1293,1294,1322,1323,1324,
2;0;3511;3562;1;15,16,24,26,34,38,46,52,54,60,61,86,87,88,89,90,95,97,102,137,142,144,145,149,177,178,179,180,181,182,183,184,225,231,262,272,302,305,307,311,312,313,379,380,381,382,383,384,385,395,400,428,442,446,529,592,593,594,595,596,948,1032,1033,1034,1035,1036,1037,1038,1039,1040,1145,1268,1270,1275,1277,1279,1281,1288,1293,1294,
22;0;3562;3635;1;15,16,24,26,34,38,46,52,54,60,61,86,87,88,89,90,95,97,102,137,142,144,145,149,177,178,179,180,181,182,183,184,225,231,262,272,302,305,306,307,311,312,313,323,379,380,381,382,383,384,385,395,400,442,446,529,592,594,595,948,1032,1033,1034,1035,1036,1037,1038,1039,1040,1130,1132,1137,1145,1268,1270,1275,1277,1279,1379,1458,
128;1;3635;3755;0;15,16,24,26,34,38,46,52,54,60,61,86,87,88,89,90,95,97,102,137,142,144,145,149,177,178,179,180,181,182,183,184,225,231,262,272,302,305,306,307,311,312,313,323,379,380,381,382,383,384,385,395,400,442,446,529,592,594,595,948,1032,1033,1034,1035,1036,1037,1038,1039,1040,1130,1132,1137,1145,1268,1270,1275,1277,1279,1379,1458,
0;1;3755;3851;1;15,16,24,26,34,38,46,52,54,60,61,86,87,88,89,90,95,97,102,137,142,144,145,149,177,178,179,180,181,182,183,184,225,231,262,272,302,305,306,307,311,312,313,323,379,380,381,382,383,384,385,395,400,442,446,529,592,594,595,948,1032,1033,1034,1035,1036,1037,1038,1039,1040,1130,1132,1137,1145,1268,1270,1275,1277,1279,1379,1458,
72;0;4320;4362;0;5,15,16,24,26,34,38,46,52,54,60,61,86,87,88,89,90,95,97,102,137,142,144,145,149,177,178,179,180,181,182,183,184,225,231,262,272,301,302,305,306,307,308,311,312,313,323,379,380,381,382,383,384,385,390,394,395,400,442,446,529,592,594,595,891,948,1036,1039,1040,1053,1132,1137,1145,1146,1147,1148,1149,1150,1151,1268,
8;0;4362;4384;1;5,15,16,24,26,34,38,46,52,54,60,61,86,87,88,89,90,95,97,102,137,142,144,145,149,177,178,179,180,181,182,183,184,225,231,262,272,301,302,305,306,307,308,311,312,313,323,379,380,381,382,383,384,385,390,394,395,400,442,446,529,592,594,595,891,948,1036,1039,1040,1053,1132,1137,1145,1146,1147,1148,1149,1150,1151,1268,
73;1;4384;4515;0;4,15,16,24,26,34,38,46,52,54,60,61,86,87,88,89,90,95,97,102,142,144,145,149,177,178,179,180,181,182,183,184,225,226,230,231,241,262,272,302,305,306,307,308,311,312,313,379,380,381,382,383,385,390,391,392,393,394,395,396,397,398,399,400,401,402,403,404,405,442,446,592,594,595,948,1039,1040,1053,1132,1137,
122;0;4515;4581;0;4,15,16,24,26,34,38,46,52,54,60,61,86,87,88,89,90,95,97,102,142,144,145,149,177,178,179,180,181,182,183,184,225,226,230,231,241,262,272,302,305,306,307,308,311,312,313,379,380,381,382,383,385,390,391,392,393,394,395,396,397,398,399,400,401,402,404,442,446,592,594,595,948,1039,1040,1053,1132,1137,1416,1424,
10;0;4581;4716;1;4,15,16,24,26,34,38,46,52,54,60,61,86,87,88,89,90,95,97,102,144,145,149,177,178,179,180,181,182,183,184,225,226,230,231,241,262,272,302,305,306,307,308,311,312,313,337,341,379,380,381,382,383,385,390,392,393,394,398,399,442,446,583,584,585,586,587,588,589,590,591,592,594,595,1039,1040,1053,1132,1137,1424,
89;0;4716;4813;0;4,15,16,24,26,34,38,46,52,54,60,61,86,87,88,89,90,95,97,144,145,177,178,179,180,181,182,183,184,225,226,230,231,241,262,272,276,302,305,306,307,308,311,312,313,337,379,380,381,382,383,385,390,392,393,394,398,399,442,446,588,592,594,595,831,858,862,944,1039,1040,1053,1132,1137,1198,1199,1200,1201,1202,1203,1424,
136;1;4813;4823;0;4,7,8,15,16,24,26,34,38,46,52,54,60,61,86,87,88,89,90,95,97,144,145,177,178,179,180,181,182,183,184,225,226,230,231,241,262,272,276,302,305,306,307,308,312,313,337,380,390,392,393,394,398,442,446,588,592,595,831,858,862,944,1039,1049,1050,1051,1052,1053,1054,1057,1059,1132,1137,1198,1199,1200,1201,1202,1203,1424,
70;0;4823;4897;0;4,15,16,24,26,34,38,46,52,54,60,86,87,88,89,90,95,97,144,145,177,178,179,180,181,182,183,184,225,226,230,231,241,262,272,276,302,305,306,307,313,337,380,390,394,446,588,595,769,831,841,843,844,858,862,944,1052,1053,1070,1071,1072,1073,1074,1075,1076,1077,1078,1079,1080,1081,1082,1132,1137,1198,1199,1200,1201,1202,1203,1424,
23;1;4897;4936;1;4,15,16,24,26,34,38,46,52,54,60,86,87,88,89,90,95,97,144,145,177,178,179,180,181,182,183,184,225,226,230,231,241,260,262,272,276,302,305,306,307,313,337,380,390,394,446,588,595,769,831,841,843,844,858,862,944,1052,1053,1070,1071,1072,1073,1074,1075,1076,1077,1078,1079,1080,1081,1132,1137,1198,1199,1200,1201,1202,1203,1424,
69;0;4936;5033;0;4,15,16,24,26,34,38,46,52,54,60,86,87,88,89,90,95,97,144,145,177,178,179,180,181,182,183,184,225,226,228,229,230,231,233,241,259,260,261,262,263,264,272,276,302,305,306,307,313,337,380,390,394,446,588,595,769,831,841,843,844,858,862,944,1052,1053,1070,1071,1072,1073,1075,1132,1137,1198,1199,1200,1201,1202,1203,1424,
14;0;5033;5107;1;4,15,16,24,26,34,38,46,52,54,60,86,87,88,89,90,95,97,144,145,177,178,179,180,181,182,183,184,225,226,228,229,230,231,233,241,259,260,261,262,263,264,272,276,302,305,306,307,313,337,380,390,394,446,588,595,763,769,831,841,843,844,858,862,944,1052,1053,1072,1073,1075,1132,1137,1198,1199,1200,1201,1202,1203,1214,1424,
89;1;5107;5271;0;4,15,16,24,26,34,38,46,52,54,60,86,87,88,89,90,95,97,144,145,177,178,179,180,181,182,183,184,225,226,228,229,230,231,233,241,259,260,261,262,263,264,272,276,302,305,306,307,313,337,380,390,394,446,588,595,763,769,831,841,843,844,858,862,944,1052,1053,1072,1073,1075,1132,1137,1198,1199,1200,1201,1202,1203,1214,1424,
99;1;5271;5337;0;4,15,16,24,26,34,38,46,52,54,60,86,87,88,89,90,95,97,144,145,177,178,179,180,181,182,183,184,225,226,228,229,230,231,233,241,259,260,261,262,263,264,272,276,302,305,306,307,313,337,380,390,394,446,588,595,763,769,831,841,843,844,858,862,944,1052,1053,1072,1073,1075,1132,1137,1198,1199,1200,1201,1202,1203,1214,1424,
14;1;5337;5415;1;4,15,16,24,26,34,38,46,52,54,60,86,87,88,89,90,95,97,144,145,177,178,179,180,181,182,183,184,225,226,228,229,230,231,233,241,259,260,261,262,263,264,272,276,302,305,306,307,313,337,380,390,394,446,588,595,763,769,831,841,843,844,858,862,944,1052,1053,1072,1073,1075,1132,1137,1198,1199,1200,1201,1202,1203,1214,1424,
143;0;5415;5552;0;4,15,16,24,26,34,38,46,52,54,60,86,87,88,89,90,95,97,144,145,177,178,179,180,181,182,183,184,225,226,228,229,230,231,233,241,259,260,261,262,263,264,272,276,302,305,306,307,313,337,380,390,394,446,588,595,763,769,831,841,843,844,858,862,944,1052,1053,1072,1073,1075,1132,1137,1198,1199,1200,1201,1202,1203,1214,1424,
49;0;5760;5821;0;4,15,16,24,26,34,38,46,52,54,60,86,87,88,89,90,95,97,144,145,177,178,179,180,181,182,183,184,225,226,228,229,230,231,233,241,259,260,261,262,263,264,272,276,302,305,306,307,313,337,380,390,394,446,588,595,762,763,764,766,768,769,773,831,841,844,858,862,944,1041,1042,1043,1052,1053,1072,1073,1132,1137,1214,1424,
118;0;5821;5876;0;4,15,16,24,26,34,38,46,52,54,60,86,87,88,89,90,95,97,144,145,177,178,179,180,181,183,184,225,226,228,229,230,231,233,241,259,260,261,262,272,273,276,302,305,306,307,309,313,337,380,390,394,595,762,763,764,766,768,769,773,831,844,858,862,944,1041,1042,1043,1048,1052,1053,1072,1073,1132,1135,1136,1137,1159,1214,1424,
49;1;5876;5929;0;4,15,16,24,26,34,38,46,52,54,60,86,87,88,89,90,95,97,144,145,177,178,179,180,181,183,184,225,226,228,229,230,231,233,241,259,260,261,262,272,273,276,302,305,306,307,309,313,337,380,390,394,595,762,763,764,766,768,769,773,831,844,858,862,944,1041,1042,1043,1048,1052,1053,1072,1073,1132,1135,1136,1137,1159,1214,1424,
16;0;5929;5969;1;4,15,16,24,25,26,28,34,35,38,44,46,51,52,54,56,60,86,87,88,89,90,95,97,144,145,177,178,179,181,183,184,225,226,228,229,230,231,233,241,260,261,262,272,273,276,302,305,306,307,309,313,380,390,394,450,485,595,762,763,764,766,768,769,773,831,844,858,862,944,965,966,967,1048,1052,1053,1072,1159,1214,1424,
25;0;5969;5983;1;4,15,16,24,25,26,28,34,35,38,44,46,51,52,54,56,60,86,87,88,89,90,95,97,144,145,177,178,179,181,183,184,225,226,228,229,230,231,233,241,260,261,262,272,273,276,302,305,306,307,309,313,380,390,394,450,485,595,762,763,764,766,768,769,773,831,844,858,862,944,965,966,967,1048,1052,1053,1072,1159,1214,1424,
29;0;5983;6034;1;4,15,16,24,25,26,28,34,35,38,44,46,51,52,54,56,60,87,88,89,90,95,97,144,145,177,178,179,181,183,184,225,226,227,228,229,230,231,232,233,234,235,236,237,238,239,240,241,242,243,244,245,260,261,262,272,273,276,302,305,306,307,309,313,380,390,394,762,763,764,766,768,769,831,862,944,1048,1052,1053,1159,
82;1;6034;6183;0;4,15,16,24,25,26,28,34,35,38,41,44,46,51,52,54,56,60,87,88,89,90,95,97,116,118,119,120,121,122,123,124,125,126,127,128,129,130,131,132,133,134,144,145,178,179,181,183,184,225,228,229,231,233,234,245,260,261,262,272,273,276,302,305,306,307,309,313,380,390,394,762,763,764,769,944,1048,1052,1053,1159,
134;0;6183;6229;0;4,15,16,24,25,26,28,34,35,38,41,44,46,51,52,54,56,60,95,97,116,118,119,120,121,122,123,124,125,126,127,128,129,130,131,132,133,134,135,144,145,178,179,183,184,225,228,229,231,233,234,245,260,261,262,272,273,276,305,306,307,309,313,380,390,394,644,769,1048,1052,1053,1159,1230,1231,1232,1233,1234,1235,1236,1237,
78;1;6229;6283;0;4,15,16,19,20,24,25,26,28,34,35,37,38,41,44,45,46,51,52,54,56,60,65,95,97,116,118,119,120,121,122,123,124,125,126,127,128,129,130,131,132,133,134,135,144,178,179,184,225,228,245,260,261,272,273,276,279,307,390,394,644,651,652,653,654,655,656,657,769,1052,1053,1159,1230,1231,1232,1233,1234,1235,1236,1237,
82;0;6283;6453;0;4,15,16,19,20,24,25,26,28,34,35,37,38,41,44,45,46,51,52,54,56,60,65,95,97,116,118,119,120,121,122,123,124,125,126,127,128,129,130,131,132,133,134,135,144,178,179,184,225,228,245,260,261,272,273,276,279,307,390,394,644,651,652,653,654,655,656,657,769,1052,1053,1159,1230,1231,1232,1233,1234,1235,1236,1237,
48;0;6453;6458;0;4,15,16,19,20,24,25,26,28,34,35,37,38,41,44,45,46,51,52,54,56,60,65,95,97,116,118,119,120,121,122,123,124,125,126,127,128,129,130,131,135,144,178,179,184,225,228,245,260,261,272,273,276,279,307,376,377,378,390,394,644,651,652,653,654,655,656,657,769,1052,1053,1159,1230,1231,1232,1233,1234,1235,1236,1237,
138;1;6458;6572;0;4,15,16,17,19,20,24,25,26,28,34,35,37,38,41,44,45,46,49,51,52,54,56,59,60,65,70,95,97,110,111,135,144,178,179,184,225,260,272,276,279,280,307,390,394,460,627,635,644,651,652,653,654,655,656,657,659,769,787,956,1013,1052,1053,1159,1230,1231,1232,1233,1234,1235,1236,1237,1238,1239,1240,1241,1242,1243,1244,1245,
134;1;6572;6723;0;4,15,16,17,19,20,24,25,26,28,34,35,37,38,41,44,45,46,49,51,52,54,56,59,60,65,70,95,97,110,111,135,144,178,179,184,225,260,272,276,279,280,307,390,394,460,627,635,644,651,652,653,654,655,656,657,659,769,787,956,1013,1052,1053,1159,1230,1231,1232,1233,1234,1235,1236,1237,1238,1239,1240,1241,1242,1243,1244,1245,
138;0;6723;6772;0;4,15,16,17,19,20,24,25,26,28,34,35,37,38,41,44,45,46,49,51,52,54,56,59,60,65,70,95,97,110,111,135,144,178,179,184,225,260,272,276,279,280,307,390,394,460,627,635,644,651,652,653,654,655,656,657,659,769,787,956,1013,1052,1053,1159,1230,1231,1232,1233,1234,1235,1236,1237,1238,1239,1240,1241,1242,1243,1244,1245,
105;0;7200;7337;0;4,15,16,17,19,20,22,23,24,25,26,28,34,35,37,38,41,43,44,45,46,49,50,51,52,54,56,59,60,65,70,95,97,110,111,144,157,178,179,184,225,260,272,276,279,280,307,390,394,460,540,627,635,644,651,652,653,654,655,656,657,659,755,756,757,758,759,760,761,769,787,1013,1052,1053,1238,1239,1240,1241,1242,1245,
78;0;7337;7390;0;4,15,16,17,19,20,22,23,24,25,26,28,34,35,37,38,41,43,44,45,46,49,50,51,52,54,56,59,60,65,70,95,97,110,111,144,157,178,179,184,225,260,272,276,279,280,307,390,394,460,540,627,635,644,651,652,653,654,655,656,657,659,755,756,757,758,759,760,761,769,787,1013,1052,1053,1238,1239,1240,1241,1242,1245,
97;1;7390;7438;0;4,15,16,17,19,20,22,23,24,25,26,28,34,35,36,37,38,41,43,44,45,46,49,50,51,52,54,56,59,60,65,70,72,95,97,110,111,144,157,178,179,184,225,260,272,276,279,280,307,390,394,460,540,627,635,644,653,656,658,659,660,661,755,756,757,758,759,760,761,769,787,1013,1052,1053,1238,1239,1240,1241,1242,1245,
106;0;7438;7595;0;4,15,16,17,19,20,22,23,24,25,26,28,34,35,36,37,38,41,43,44,45,46,49,50,51,52,54,56,59,60,65,70,72,95,97,111,144,157,178,179,184,225,260,272,276,280,307,390,394,460,540,592,627,635,644,656,658,659,660,661,755,756,757,758,759,760,761,769,787,1013,1039,1052,1053,1238,1239,1240,1241,1242,1245,1380,
140;1;7595;7716;0;4,15,16,17,18,19,20,21,22,23,24,25,26,27,28,34,35,36,37,38,39,40,41,42,43,44,45,46,48,49,50,51,52,53,54,55,56,57,58,59,60,61,65,70,72,95,111,144,178,225,260,272,276,280,307,390,394,449,627,644,658,659,660,661,769,787,1013,1052,1053,1157,1160,1162,1238,1239,1240,1242,1245,1334,1335,1380,
151;0;7716;7767;0;4,15,16,17,18,19,20,21,22,23,24,25,26,27,28,34,35,36,37,38,39,40,41,42,43,44,45,46,48,49,50,51,52,53,54,55,56,57,58,59,60,61,65,66,70,72,95,144,178,225,260,272,276,307,390,394,449,644,658,659,660,661,769,882,883,884,885,886,887,888,889,1013,1052,1053,1157,1160,1162,1334,1335,1380,
23;0;7767;7863;1;4,15,16,17,18,19,20,21,22,23,24,25,26,27,28,34,35,36,37,38,39,40,41,42,43,44,45,46,48,49,50,51,52,53,54,55,56,57,58,59,60,61,65,66,70,72,95,144,178,225,260,272,276,307,390,394,449,644,658,659,660,661,769,882,883,884,885,886,887,888,889,1013,1052,1053,1157,1160,1162,1334,1335,1380,
140;0;7863;7907;0;4,15,16,17,18,19,20,21,22,23,24,25,26,27,28,34,35,36,37,38,39,40,41,42,43,44,45,46,48,49,50,51,52,53,54,55,56,57,58,59,60,61,65,66,70,72,95,144,178,225,260,272,276,307,390,394,449,644,658,659,660,661,769,882,883,884,885,886,887,888,889,1013,1052,1053,1157,1160,1162,1334,1335,1380,
117;1;7907;8080;0;4,15,16,17,18,19,20,21,22,23,24,25,26,27,28,29,34,35,36,37,38,39,40,41,42,43,44,45,46,48,49,50,51,52,53,54,55,56,57,58,59,60,61,65,66,70,72,95,144,170,178,225,246,251,260,272,276,307,390,394,449,644,658,659,660,661,769,875,882,887,1013,1052,1053,1380,1418,1419,1420,1421,1422,1423,
97;0;8080;8254;0;4,15,16,17,18,19,20,21,22,23,24,25,26,27,28,29,34,35,36,37,38,39,40,41,42,43,44,45,46,48,49,50,51,52,53,54,55,56,57,58,59,60,61,65,66,70,72,95,144,170,178,225,246,251,260,272,276,307,390,394,449,644,658,659,660,661,769,875,882,887,1013,1052,1053,1380,1418,1419,1420,1421,1422,1423,
END;131;824;83;6;2096
TIME;50630
