./input/MyInstancesSameToolSets/n=1000,p=0.75,r=0.6,t=3950,v20.csv;./input/Processed/ToolSetInt.csv
9;720;1440
Machine: 0
212;0;0;4;1;3,25,26,34,36,46,52,60,79,126,127,128,144,145,198,225,231,288,321,359,395,396,397,404,413,429,551,591,647,693,759,848,858,949,962,1073,1169,1236,1266,1269,1270,1417,1474,1476,1478,1521,1523,1587,1666,1853,1858,2034,2035,2315,2547,2649,2677,2683,2693,2842,3037,3260,3304,3835,3999,4033,4122,4138,4371,4372,4373,4374,4375,4376,5290,5314,5379,5477,5478,7402,
261;0;4;8;1;3,25,26,34,36,46,52,60,79,126,127,128,144,145,198,225,231,288,321,359,395,396,397,404,413,429,551,591,647,693,759,848,858,949,962,1073,1169,1236,1266,1269,1270,1417,1474,1476,1478,1521,1523,1587,1666,1853,1858,2034,2035,2315,2547,2649,2677,2683,2693,2842,3037,3260,3304,3835,3999,4033,4122,4138,4371,4372,4373,4374,4375,4376,5290,5314,5379,5477,5478,7402,
183;0;8;12;1;3,25,26,34,36,46,52,60,79,126,127,128,144,145,198,225,231,288,321,359,395,396,397,404,413,429,551,591,647,693,759,848,858,949,962,1073,1169,1236,1266,1269,1270,1417,1474,1476,1478,1521,1523,1587,1666,1853,1858,2034,2035,2315,2547,2649,2677,2683,2693,2842,3037,3260,3304,3835,3999,4033,4122,4138,4371,4372,4373,4374,4375,4376,5290,5314,5379,5477,5478,7402,
331;0;12;19;1;3,25,26,34,36,46,52,60,79,126,127,128,144,145,198,225,231,288,321,359,395,396,397,404,413,429,551,591,647,693,759,848,858,949,962,1073,1169,1236,1266,1269,1270,1417,1474,1476,1478,1521,1523,1587,1666,1853,1858,2034,2035,2315,2547,2649,2677,2683,2693,2842,3037,3260,3304,3835,3999,4033,4122,4138,4371,4372,4373,4374,4375,4376,5290,5314,5379,5477,5478,7402,
316;0;19;28;1;3,25,26,34,36,46,52,60,79,126,127,128,144,145,198,225,231,288,321,359,395,396,397,404,413,429,551,591,647,693,759,848,858,949,962,1073,1169,1236,1266,1269,1270,1417,1474,1476,1478,1521,1523,1587,1666,1853,1858,2034,2035,2315,2547,2649,2677,2683,2693,2842,3037,3260,3304,3835,3999,4033,4122,4138,4371,4372,4373,4374,4375,4376,5290,5314,5379,5477,5478,7402,
156;0;28;43;1;3,25,26,34,36,46,52,60,79,126,127,128,144,145,198,225,231,288,321,359,395,396,397,404,413,429,551,591,647,693,759,848,858,949,962,1073,1169,1236,1266,1269,1270,1417,1474,1476,1478,1521,1523,1587,1666,1853,1858,2034,2035,2315,2547,2649,2677,2683,2693,2842,3037,3260,3304,3835,3999,4033,4122,4138,4371,4372,4373,4374,4375,4376,5290,5314,5379,5477,5478,7402,
522;0;43;220;0;3,25,26,34,36,46,52,60,79,126,127,128,144,145,198,225,231,288,321,359,395,396,397,404,413,429,515,529,551,591,647,693,759,848,858,949,962,1236,1266,1269,1270,1275,1277,1287,1288,1293,1417,1474,1476,1478,1521,1587,1666,1853,2034,2035,2217,2315,2485,2547,2649,2677,2683,2693,3037,3260,4033,4122,4371,4372,4373,4376,5290,6203,7978,7989,8873,8874,8875,8876,
522;1;220;388;0;3,25,26,34,36,46,52,60,79,126,127,128,144,145,198,225,231,288,321,359,395,396,397,404,413,429,515,529,551,591,647,693,759,848,858,949,962,1236,1266,1269,1270,1275,1277,1287,1288,1293,1417,1474,1476,1478,1521,1587,1666,1853,2034,2035,2217,2315,2485,2547,2649,2677,2683,2693,3037,3260,4033,4122,4371,4372,4373,4376,5290,6203,7978,7989,8873,8874,8875,8876,
474;0;388;539;0;3,25,26,34,36,46,52,60,79,128,144,145,198,225,228,231,233,266,284,288,321,359,395,396,397,404,413,429,430,529,551,591,644,647,759,827,858,949,1093,1236,1266,1269,1270,1275,1277,1287,1288,1293,1407,1417,1474,1476,1478,1521,1587,1666,1853,2034,2035,2217,2315,2485,2547,2649,2677,2683,2693,3037,3260,3574,4033,4122,4371,4372,4373,4376,5212,5213,5290,8875,
474;1;539;702;0;3,25,26,34,36,46,52,60,79,128,144,145,198,225,228,231,233,266,284,288,321,359,395,396,397,404,413,429,430,529,551,591,644,647,759,827,858,949,1093,1236,1266,1269,1270,1275,1277,1287,1288,1293,1407,1417,1474,1476,1478,1521,1587,1666,1853,2034,2035,2217,2315,2485,2547,2649,2677,2683,2693,3037,3260,3574,4033,4122,4371,4372,4373,4376,5212,5213,5290,8875,
568;0;702;839;0;3,25,26,34,36,46,52,60,79,139,144,145,198,225,231,233,266,275,288,321,359,391,395,396,397,404,429,430,529,551,591,644,647,759,775,858,948,949,1093,1146,1236,1266,1269,1270,1275,1277,1287,1288,1293,1417,1474,1476,1478,1521,1587,1666,1853,1973,2034,2217,2315,2485,2547,2649,2677,2693,2951,3037,3260,4033,4094,4122,4371,4372,4373,4376,5155,5290,5739,6457,
568;1;839;1015;0;3,25,26,34,36,46,52,60,79,139,144,145,198,225,231,233,266,275,288,321,359,391,395,396,397,404,429,430,529,551,591,644,647,759,775,858,948,949,1093,1146,1236,1266,1269,1270,1275,1277,1287,1288,1293,1417,1474,1476,1478,1521,1587,1666,1853,1973,2034,2217,2315,2485,2547,2649,2677,2693,2951,3037,3260,4033,4094,4122,4371,4372,4373,4376,5155,5290,5739,6457,
535;0;1440;1557;0;3,25,26,34,36,52,60,79,139,144,145,198,225,231,233,266,288,321,359,391,395,396,397,404,429,430,529,551,591,598,644,647,759,858,948,949,1087,1093,1146,1236,1269,1270,1275,1277,1287,1288,1290,1293,1417,1474,1476,1478,1521,1587,1666,1777,1853,1973,2217,2485,2547,2649,2677,2693,3037,3260,4033,4094,4122,4280,4371,4372,4373,5290,5705,7029,8074,8075,8077,8115,
535;1;1557;1725;0;3,25,26,34,36,52,60,79,139,144,145,198,225,231,233,266,288,321,359,391,395,396,397,404,429,430,529,551,591,598,644,647,759,858,948,949,1087,1093,1146,1236,1269,1270,1275,1277,1287,1288,1290,1293,1417,1474,1476,1478,1521,1587,1666,1777,1853,1973,2217,2485,2547,2649,2677,2693,3037,3260,4033,4094,4122,4280,4371,4372,4373,5290,5705,7029,8074,8075,8077,8115,
615;0;1725;1903;0;3,25,26,34,36,52,60,79,139,144,145,198,225,231,233,266,288,321,359,391,395,396,397,404,429,430,529,551,591,598,644,647,727,759,858,875,948,949,1087,1093,1146,1236,1269,1270,1275,1277,1287,1288,1290,1293,1417,1474,1476,1478,1521,1587,1666,1853,1973,2075,2217,2485,2547,2649,2677,2693,3037,3260,3380,4033,4059,4060,4061,4094,4122,4280,4371,4372,4373,5290,
615;1;1903;1995;0;3,25,26,34,36,52,60,79,139,144,145,198,225,231,233,266,288,321,359,391,395,396,397,404,429,430,529,551,591,598,644,647,727,759,858,875,948,949,1087,1093,1146,1236,1269,1270,1275,1277,1287,1288,1290,1293,1417,1474,1476,1478,1521,1587,1666,1853,1973,2075,2217,2485,2547,2649,2677,2693,3037,3260,3380,4033,4059,4060,4061,4094,4122,4280,4371,4372,4373,5290,
495;0;1995;2104;0;3,4,8,25,26,34,36,52,60,79,95,139,144,145,198,225,231,233,241,288,321,390,391,395,396,397,404,429,430,529,551,591,598,640,644,647,858,875,948,949,1093,1146,1236,1269,1270,1275,1277,1287,1288,1290,1293,1401,1417,1472,1474,1476,1478,1521,1587,1853,1973,2104,2217,2485,2547,2649,2677,2693,2716,3037,3260,4033,4060,4094,4122,4371,4373,5290,5588,5911,
495;1;2104;2261;0;3,4,8,25,26,34,36,52,60,79,95,139,144,145,198,225,231,233,241,288,321,390,391,395,396,397,404,429,430,529,551,591,598,640,644,647,858,875,948,949,1093,1146,1236,1269,1270,1275,1277,1287,1288,1290,1293,1401,1417,1472,1474,1476,1478,1521,1587,1853,1973,2104,2217,2485,2547,2649,2677,2693,2716,3037,3260,4033,4060,4094,4122,4371,4373,5290,5588,5911,
575;0;2880;2968;0;3,4,8,25,26,34,36,52,60,79,95,139,144,145,198,225,231,233,241,288,321,390,391,395,396,397,404,429,430,529,551,591,598,640,644,647,858,875,948,949,1093,1146,1236,1269,1270,1275,1277,1287,1288,1290,1293,1401,1417,1472,1474,1476,1478,1521,1587,1853,1973,2104,2217,2485,2547,2649,2677,2693,2716,3037,3260,4033,4060,4094,4122,4371,4373,5290,5588,5595,
575;1;2968;3142;0;3,4,8,25,26,34,36,52,60,79,95,139,144,145,198,225,231,233,241,288,321,390,391,395,396,397,404,429,430,529,551,591,598,640,644,647,858,875,948,949,1093,1146,1236,1269,1270,1275,1277,1287,1288,1290,1293,1401,1417,1472,1474,1476,1478,1521,1587,1853,1973,2104,2217,2485,2547,2649,2677,2693,2716,3037,3260,4033,4060,4094,4122,4371,4373,5290,5588,5595,
590;0;3142;3292;0;3,4,8,25,26,27,34,36,52,60,95,139,144,145,189,198,225,231,233,241,247,288,321,390,391,395,396,397,404,429,430,529,551,591,598,640,644,647,734,858,875,948,949,1093,1146,1236,1269,1270,1275,1277,1287,1288,1290,1293,1322,1417,1472,1474,1476,1478,1587,1853,1973,2104,2154,2217,2485,2547,2649,2677,2693,3037,3260,4060,4094,4122,4371,4373,5290,5588,
590;1;3292;3401;0;3,4,8,25,26,27,34,36,52,60,95,139,144,145,189,198,225,231,233,241,247,288,321,390,391,395,396,397,404,429,430,529,551,591,598,640,644,647,734,858,875,948,949,1093,1146,1236,1269,1270,1275,1277,1287,1288,1290,1293,1322,1417,1472,1474,1476,1478,1587,1853,1973,2104,2154,2217,2485,2547,2649,2677,2693,3037,3260,4060,4094,4122,4371,4373,5290,5588,
570;0;3401;3502;0;3,4,8,26,27,60,95,139,144,145,149,189,198,225,231,233,276,288,321,390,391,395,396,404,429,529,551,591,640,647,772,773,849,858,875,946,948,949,1093,1146,1236,1269,1270,1275,1277,1287,1288,1290,1293,1322,1417,1472,1474,1478,1587,1853,1973,2217,2485,2510,2547,2635,2649,2653,2677,2693,3037,3260,3447,4060,4094,4122,4371,4373,5290,5588,5594,6226,7556,8534,
570;1;3502;3657;0;3,4,8,26,27,60,95,139,144,145,149,189,198,225,231,233,276,288,321,390,391,395,396,404,429,529,551,591,640,647,772,773,849,858,875,946,948,949,1093,1146,1236,1269,1270,1275,1277,1287,1288,1290,1293,1322,1417,1472,1474,1478,1587,1853,1973,2217,2485,2510,2547,2635,2649,2653,2677,2693,3037,3260,3447,4060,4094,4122,4371,4373,5290,5588,5594,6226,7556,8534,
596;0;4320;4483;0;3,4,8,26,27,28,39,95,139,144,145,149,189,198,225,231,233,276,288,321,390,391,395,396,404,427,429,503,529,551,591,632,640,647,724,773,858,875,948,949,979,1146,1236,1269,1270,1275,1287,1288,1290,1293,1322,1417,1472,1474,1478,1580,1587,1853,1973,2159,2163,2217,2326,2485,2547,2635,2649,2653,2677,2693,3037,3260,3447,4060,4094,4122,4371,4373,5290,5588,
596;1;4483;4571;0;3,4,8,26,27,28,39,95,139,144,145,149,189,198,225,231,233,276,288,321,390,391,395,396,404,427,429,503,529,551,591,632,640,647,724,773,858,875,948,949,979,1146,1236,1269,1270,1275,1287,1288,1290,1293,1322,1417,1472,1474,1478,1580,1587,1853,1973,2159,2163,2217,2326,2485,2547,2635,2649,2653,2677,2693,3037,3260,3447,4060,4094,4122,4371,4373,5290,5588,
472;0;4571;4667;0;3,4,26,27,95,139,144,145,149,182,189,198,225,231,233,276,288,301,321,390,391,395,396,404,429,551,591,640,647,769,773,854,855,858,875,949,1118,1134,1146,1163,1236,1269,1270,1275,1287,1288,1290,1293,1322,1417,1472,1473,1474,1478,1484,1587,1808,1809,1973,2128,2217,2223,2371,2485,2547,2588,2649,2677,2693,3037,3260,3447,4060,4122,4371,4373,4503,4981,5290,5588,
472;1;4667;4821;0;3,4,26,27,95,139,144,145,149,182,189,198,225,231,233,276,288,301,321,390,391,395,396,404,429,551,591,640,647,769,773,854,855,858,875,949,1118,1134,1146,1163,1236,1269,1270,1275,1287,1288,1290,1293,1322,1417,1472,1473,1474,1478,1484,1587,1808,1809,1973,2128,2217,2223,2371,2485,2547,2588,2649,2677,2693,3037,3260,3447,4060,4122,4371,4373,4503,4981,5290,5588,
609;0;4821;4976;0;3,4,24,26,27,95,139,144,145,182,189,198,225,231,233,276,288,321,390,391,395,396,404,429,591,640,647,769,773,787,790,854,855,858,949,995,1118,1146,1236,1269,1270,1275,1287,1288,1290,1293,1322,1417,1472,1474,1478,1587,1589,1973,1980,2036,2217,2223,2485,2547,2567,2649,2677,2693,3037,3260,3447,4003,4103,4114,4122,4167,4168,4169,4170,4171,4172,4371,4373,5290,
609;1;4976;5069;0;3,4,24,26,27,95,139,144,145,182,189,198,225,231,233,276,288,321,390,391,395,396,404,429,591,640,647,769,773,787,790,854,855,858,949,995,1118,1146,1236,1269,1270,1275,1287,1288,1290,1293,1322,1417,1472,1474,1478,1587,1589,1973,1980,2036,2217,2223,2485,2547,2567,2649,2677,2693,3037,3260,3447,4003,4103,4114,4122,4167,4168,4169,4170,4171,4172,4371,4373,5290,
566;0;5760;5837;0;3,4,24,26,27,95,139,144,145,177,178,179,181,182,183,184,189,198,225,231,233,276,288,321,390,391,395,396,404,429,591,640,647,769,773,787,790,854,855,858,949,995,1118,1146,1236,1269,1270,1275,1287,1288,1290,1293,1322,1417,1472,1474,1478,1587,1589,1973,1980,2036,2217,2223,2485,2547,2649,2677,2693,3037,3260,3447,4003,4103,4114,4122,4371,4373,5290,5432,
566;1;5837;5997;0;3,4,24,26,27,95,139,144,145,177,178,179,181,182,183,184,189,198,225,231,233,276,288,321,390,391,395,396,404,429,591,640,647,769,773,787,790,854,855,858,949,995,1118,1146,1236,1269,1270,1275,1287,1288,1290,1293,1322,1417,1472,1474,1478,1587,1589,1973,1980,2036,2217,2223,2485,2547,2649,2677,2693,3037,3260,3447,4003,4103,4114,4122,4371,4373,5290,5432,
604;0;5997;6106;0;3,4,24,26,27,95,139,144,145,177,178,181,189,198,225,231,233,276,288,321,395,396,404,429,591,640,647,769,773,854,855,858,949,995,1118,1146,1236,1269,1270,1275,1287,1288,1290,1293,1322,1417,1472,1474,1478,1587,1973,2217,2223,2485,2547,2649,2677,2693,3037,3212,3260,3447,4122,4371,4373,5088,5290,5432,5951,5952,5963,5964,5984,6354,6355,6356,6357,6358,6359,6360,
604;1;6106;6233;0;3,4,24,26,27,95,139,144,145,177,178,181,189,198,225,231,233,276,288,321,395,396,404,429,591,640,647,769,773,854,855,858,949,995,1118,1146,1236,1269,1270,1275,1287,1288,1290,1293,1322,1417,1472,1474,1478,1587,1973,2217,2223,2485,2547,2649,2677,2693,3037,3212,3260,3447,4122,4371,4373,5088,5290,5432,5951,5952,5963,5964,5984,6354,6355,6356,6357,6358,6359,6360,
569;0;6233;6308;0;3,4,24,26,27,95,139,144,145,177,178,181,189,198,225,231,233,276,288,321,395,396,404,429,591,640,647,769,773,854,855,858,949,995,1118,1146,1236,1269,1270,1275,1287,1288,1289,1290,1293,1322,1417,1472,1474,1478,1587,1973,2217,2223,2233,2407,2485,2547,2649,2677,2693,3037,3212,3260,3447,3700,3942,4122,4371,4373,4431,5088,5290,5320,5432,5951,5984,6357,6360,6957,
569;1;6308;6467;0;3,4,24,26,27,95,139,144,145,177,178,181,189,198,225,231,233,276,288,321,395,396,404,429,591,640,647,769,773,854,855,858,949,995,1118,1146,1236,1269,1270,1275,1287,1288,1289,1290,1293,1322,1417,1472,1474,1478,1587,1973,2217,2223,2233,2407,2485,2547,2649,2677,2693,3037,3212,3260,3447,3700,3942,4122,4371,4373,4431,5088,5290,5320,5432,5951,5984,6357,6360,6957,
556;0;6467;6627;0;3,4,24,26,27,61,95,139,144,145,177,178,181,189,198,202,225,231,233,276,288,321,395,396,404,429,591,640,647,769,773,854,855,858,949,989,995,1118,1146,1236,1269,1270,1275,1287,1288,1289,1290,1293,1322,1417,1472,1474,1478,1565,1587,1973,2217,2223,2233,2407,2485,2538,2547,2649,2677,2693,3037,3247,3260,3447,3700,4122,4371,4373,5290,5432,5791,6357,6360,6675,
556;1;6627;6701;0;3,4,24,26,27,61,95,139,144,145,177,178,181,189,198,202,225,231,233,276,288,321,395,396,404,429,591,640,647,769,773,854,855,858,949,989,995,1118,1146,1236,1269,1270,1275,1287,1288,1289,1290,1293,1322,1417,1472,1474,1478,1565,1587,1973,2217,2223,2233,2407,2485,2538,2547,2649,2677,2693,3037,3247,3260,3447,3700,4122,4371,4373,5290,5432,5791,6357,6360,6675,
619;0;7200;7249;0;3,4,24,26,27,61,95,139,144,145,177,178,181,189,198,202,225,231,233,276,288,321,395,396,404,429,591,640,647,769,773,854,855,858,949,989,995,1118,1146,1236,1269,1270,1275,1287,1288,1289,1290,1293,1322,1417,1472,1474,1478,1524,1565,1587,1973,2217,2223,2233,2407,2485,2492,2538,2547,2649,2677,2693,2783,3037,3260,3447,3700,4122,4371,4373,5290,5432,6357,6360,
619;1;7249;7429;0;3,4,24,26,27,61,95,139,144,145,177,178,181,189,198,202,225,231,233,276,288,321,395,396,404,429,591,640,647,769,773,854,855,858,949,989,995,1118,1146,1236,1269,1270,1275,1287,1288,1289,1290,1293,1322,1417,1472,1474,1478,1524,1565,1587,1973,2217,2223,2233,2407,2485,2492,2538,2547,2649,2677,2693,2783,3037,3260,3447,3700,4122,4371,4373,5290,5432,6357,6360,
543;0;7429;7494;0;3,4,24,26,27,61,95,139,144,145,177,178,181,189,198,225,231,233,276,288,321,395,396,404,429,555,591,640,647,773,854,855,858,949,995,1118,1146,1236,1269,1270,1278,1279,1287,1288,1289,1290,1293,1322,1417,1472,1474,1478,1937,1973,2150,2217,2223,2233,2407,2485,2649,2677,2836,3037,3260,3395,3409,3447,3546,3611,3722,4122,4373,4450,5111,5290,5432,7009,7884,7885,
543;1;7494;7644;0;3,4,24,26,27,61,95,139,144,145,177,178,181,189,198,225,231,233,276,288,321,395,396,404,429,555,591,640,647,773,854,855,858,949,995,1118,1146,1236,1269,1270,1278,1279,1287,1288,1289,1290,1293,1322,1417,1472,1474,1478,1937,1973,2150,2217,2223,2233,2407,2485,2649,2677,2836,3037,3260,3395,3409,3447,3546,3611,3722,4122,4373,4450,5111,5290,5432,7009,7884,7885,
583;0;7644;7806;0;3,4,24,26,27,61,95,139,144,145,177,178,181,189,198,225,231,233,276,288,321,395,396,404,429,555,591,640,647,773,854,855,858,949,995,1118,1146,1236,1269,1270,1287,1288,1289,1290,1293,1294,1295,1322,1417,1472,1474,1478,1973,2217,2220,2223,2233,2407,2485,2649,2677,3037,3260,3395,3409,3447,3606,3703,3721,3797,3802,3829,4112,4122,4217,4353,4373,4450,5290,5432,
583;1;7806;7857;0;3,4,24,26,27,61,95,139,144,145,177,178,181,189,198,225,231,233,276,288,321,395,396,404,429,555,591,640,647,773,854,855,858,949,995,1118,1146,1236,1269,1270,1287,1288,1289,1290,1293,1294,1295,1322,1417,1472,1474,1478,1973,2217,2220,2223,2233,2407,2485,2649,2677,3037,3260,3395,3409,3447,3606,3703,3721,3797,3802,3829,4112,4122,4217,4353,4373,4450,5290,5432,
481;0;7857;7991;0;3,24,26,27,61,95,139,144,145,189,198,225,231,233,276,289,291,292,295,395,404,429,439,591,640,647,773,854,855,922,949,1118,1146,1151,1269,1287,1290,1293,1295,1322,1474,1478,1513,1763,1915,1916,1973,2091,2217,2220,2223,2645,2649,2677,2679,2688,2804,2950,3037,3260,3447,4112,4122,4373,5053,5290,5432,5540,5659,6401,7188,8095,8166,8368,8406,8407,8408,8409,8410,8411,
481;1;7991;8068;0;3,24,26,27,61,95,139,144,145,189,198,225,231,233,276,289,291,292,295,395,404,429,439,591,640,647,773,854,855,922,949,1118,1146,1151,1269,1287,1290,1293,1295,1322,1474,1478,1513,1763,1915,1916,1973,2091,2217,2220,2223,2645,2649,2677,2679,2688,2804,2950,3037,3260,3447,4112,4122,4373,5053,5290,5432,5540,5659,6401,7188,8095,8166,8368,8406,8407,8408,8409,8410,8411,
492;0;8640;8694;0;3,24,26,27,61,95,139,144,145,189,198,225,231,233,274,276,289,291,292,295,395,404,429,439,591,640,647,773,854,855,922,949,1118,1146,1151,1269,1287,1290,1293,1295,1322,1474,1478,1513,1763,1915,1916,1973,2091,2217,2220,2223,2645,2649,2677,2679,2688,2774,2775,2804,2903,2950,3037,3260,3447,4112,4122,4373,4604,4628,5053,5290,5432,5540,5659,6401,7188,8095,8166,8368,
492;1;8694;8851;0;3,24,26,27,61,95,139,144,145,189,198,225,231,233,274,276,289,291,292,295,395,404,429,439,591,640,647,773,854,855,922,949,1118,1146,1151,1269,1287,1290,1293,1295,1322,1474,1478,1513,1763,1915,1916,1973,2091,2217,2220,2223,2645,2649,2677,2679,2688,2774,2775,2804,2903,2950,3037,3260,3447,4112,4122,4373,4604,4628,5053,5290,5432,5540,5659,6401,7188,8095,8166,8368,
477;0;8851;9012;0;3,24,26,27,61,95,139,144,145,189,198,225,231,233,274,276,289,291,292,295,395,404,429,439,591,640,647,773,854,855,922,949,1015,1118,1146,1151,1269,1287,1290,1293,1295,1322,1474,1478,1513,1763,1915,1916,1973,2091,2217,2220,2223,2645,2649,2677,2679,2688,2774,2775,2804,2903,2950,3037,3260,3447,4112,4122,4373,4437,4604,4628,5053,5290,5432,5540,6401,7188,8095,8166,
477;1;9012;9060;0;3,24,26,27,61,95,139,144,145,189,198,225,231,233,274,276,289,291,292,295,395,404,429,439,591,640,647,773,854,855,922,949,1015,1118,1146,1151,1269,1287,1290,1293,1295,1322,1474,1478,1513,1763,1915,1916,1973,2091,2217,2220,2223,2645,2649,2677,2679,2688,2774,2775,2804,2903,2950,3037,3260,3447,4112,4122,4373,4437,4604,4628,5053,5290,5432,5540,6401,7188,8095,8166,
547;0;9060;9166;0;3,24,26,27,61,95,144,189,225,226,230,276,289,329,379,395,591,640,647,694,773,854,949,1060,1117,1118,1146,1147,1151,1269,1287,1290,1293,1295,1322,1360,1361,1375,1428,1478,1513,1669,1675,1762,1814,1944,1973,2217,2220,2223,2224,2321,2677,2679,2774,2775,2781,2891,2903,3037,3260,3279,3284,3744,4112,4122,4533,4545,4553,5185,7575,8095,8449,8739,8740,8741,8742,8743,8744,8745,
547;1;9166;9262;0;3,24,26,27,61,95,144,189,225,226,230,276,289,329,379,395,591,640,647,694,773,854,949,1060,1117,1118,1146,1147,1151,1269,1287,1290,1293,1295,1322,1360,1361,1375,1428,1478,1513,1669,1675,1762,1814,1944,1973,2217,2220,2223,2224,2321,2677,2679,2774,2775,2781,2891,2903,3037,3260,3279,3284,3744,4112,4122,4533,4545,4553,5185,7575,8095,8449,8739,8740,8741,8742,8743,8744,8745,
584;0;9262;9357;0;3,24,26,27,61,95,144,189,225,245,276,289,329,379,395,591,640,647,694,696,765,773,838,854,914,949,1117,1118,1146,1147,1151,1269,1287,1290,1293,1295,1322,1447,1478,1513,1529,1814,1944,2217,2220,2223,2224,2593,2627,2677,2679,2731,2774,2775,2903,2931,2962,2989,3037,3161,3260,3284,4112,4122,4310,4553,4574,4732,5107,8095,8427,9173,9174,9177,9178,9179,9180,9183,9186,9192,
584;1;9357;9455;0;3,24,26,27,61,95,144,189,225,245,276,289,329,379,395,591,640,647,694,696,765,773,838,854,914,949,1117,1118,1146,1147,1151,1269,1287,1290,1293,1295,1322,1447,1478,1513,1529,1814,1944,2217,2220,2223,2224,2593,2627,2677,2679,2731,2774,2775,2903,2931,2962,2989,3037,3161,3260,3284,4112,4122,4310,4553,4574,4732,5107,8095,8427,9173,9174,9177,9178,9179,9180,9183,9186,9192,
519;0;10080;10119;0;24,26,27,61,95,100,104,144,189,225,245,276,289,297,329,395,438,591,640,647,765,773,834,838,854,931,947,949,1117,1118,1146,1147,1151,1168,1269,1287,1290,1293,1295,1322,1447,1478,1513,1519,1528,1529,1674,1814,1944,2217,2220,2223,2491,2667,2677,2679,2737,2774,2775,2903,2962,3037,3284,3531,3638,4112,4122,4400,5456,5656,5774,5841,6022,6441,7320,7463,8022,8095,8303,8578,
519;1;10119;10270;0;24,26,27,61,95,100,104,144,189,225,245,276,289,297,329,395,438,591,640,647,765,773,834,838,854,931,947,949,1117,1118,1146,1147,1151,1168,1269,1287,1290,1293,1295,1322,1447,1478,1513,1519,1528,1529,1674,1814,1944,2217,2220,2223,2491,2667,2677,2679,2737,2774,2775,2903,2962,3037,3284,3531,3638,4112,4122,4400,5456,5656,5774,5841,6022,6441,7320,7463,8022,8095,8303,8578,
510;0;10270;10360;0;24,26,27,38,61,95,100,144,189,225,245,276,289,297,329,395,438,591,640,647,659,765,773,834,838,854,931,947,949,1117,1118,1146,1147,1168,1269,1287,1290,1293,1295,1322,1447,1478,1513,1519,1528,1529,1674,1723,1814,1944,2217,2220,2223,2491,2667,2677,2679,2774,2775,2903,2962,3037,3126,3284,3345,3638,4112,4122,4313,4317,5456,5656,5774,5841,6022,6441,7320,7463,8095,8303,
510;1;10360;10455;0;24,26,27,38,61,95,100,144,189,225,245,276,289,297,329,395,438,591,640,647,659,765,773,834,838,854,931,947,949,1117,1118,1146,1147,1168,1269,1287,1290,1293,1295,1322,1447,1478,1513,1519,1528,1529,1674,1723,1814,1944,2217,2220,2223,2491,2667,2677,2679,2774,2775,2903,2962,3037,3126,3284,3345,3638,4112,4122,4313,4317,5456,5656,5774,5841,6022,6441,7320,7463,8095,8303,
534;0;10455;10603;0;24,26,27,38,61,95,100,144,189,225,245,276,289,297,329,395,438,591,640,647,765,773,834,838,854,863,931,949,1117,1118,1146,1147,1168,1269,1287,1290,1293,1295,1322,1447,1478,1513,1519,1528,1529,1674,1723,1814,1944,2217,2220,2223,2491,2667,2677,2678,2679,2774,2775,2903,2962,3037,3126,3284,3345,3638,4112,4122,4313,4317,5841,6022,6441,7320,7463,7804,7805,8095,8190,8303,
534;1;10603;10637;0;24,26,27,38,61,95,100,144,189,225,245,276,289,297,329,395,438,591,640,647,765,773,834,838,854,863,931,949,1117,1118,1146,1147,1168,1269,1287,1290,1293,1295,1322,1447,1478,1513,1519,1528,1529,1674,1723,1814,1944,2217,2220,2223,2491,2667,2677,2678,2679,2774,2775,2903,2962,3037,3126,3284,3345,3638,4112,4122,4313,4317,5841,6022,6441,7320,7463,7804,7805,8095,8190,8303,
512;0;10637;10780;0;24,26,27,38,61,95,100,144,189,225,245,276,289,297,329,395,438,591,640,647,765,773,834,838,854,863,931,949,1117,1118,1146,1147,1168,1269,1287,1290,1293,1295,1322,1447,1478,1513,1519,1528,1529,1674,1723,1814,1944,2217,2220,2223,2667,2677,2678,2679,2774,2775,2903,2962,3037,3126,3284,3345,3638,4112,4122,4313,4317,5841,6022,6441,7320,7463,7804,7805,8095,8190,8286,8303,
512;1;10780;10816;0;24,26,27,38,61,95,100,144,189,225,245,276,289,297,329,395,438,591,640,647,765,773,834,838,854,863,931,949,1117,1118,1146,1147,1168,1269,1287,1290,1293,1295,1322,1447,1478,1513,1519,1528,1529,1674,1723,1814,1944,2217,2220,2223,2667,2677,2678,2679,2774,2775,2903,2962,3037,3126,3284,3345,3638,4112,4122,4313,4317,5841,6022,6441,7320,7463,7804,7805,8095,8190,8286,8303,
491;0;11520;11664;0;24,26,27,38,61,95,100,144,189,225,245,276,289,297,329,395,438,591,640,647,765,773,834,838,854,863,931,949,1117,1118,1146,1147,1168,1269,1287,1290,1293,1295,1322,1447,1478,1513,1519,1528,1529,1674,1723,1814,1944,2217,2220,2222,2223,2667,2677,2678,2679,2774,2775,2903,2962,3037,3126,3284,3345,3638,4112,4122,4313,4317,5841,6022,6441,7320,7463,7804,7805,8095,8190,8303,
491;1;11664;11696;0;24,26,27,38,61,95,100,144,189,225,245,276,289,297,329,395,438,591,640,647,765,773,834,838,854,863,931,949,1117,1118,1146,1147,1168,1269,1287,1290,1293,1295,1322,1447,1478,1513,1519,1528,1529,1674,1723,1814,1944,2217,2220,2222,2223,2667,2677,2678,2679,2774,2775,2903,2962,3037,3126,3284,3345,3638,4112,4122,4313,4317,5841,6022,6441,7320,7463,7804,7805,8095,8190,8303,
523;0;11696;11755;0;24,26,27,38,61,95,100,144,189,225,245,276,289,297,329,395,438,591,640,647,765,773,834,838,854,863,949,1117,1118,1146,1147,1168,1269,1287,1290,1293,1295,1322,1447,1478,1488,1513,1519,1528,1529,1674,1723,1814,1944,2217,2220,2223,2667,2677,2678,2679,2680,2774,2775,2903,2962,3037,3126,3284,3345,3638,4112,4122,4313,4317,5841,6022,6441,7320,7463,7804,7805,8095,8190,8303,
523;1;11755;11870;0;24,26,27,38,61,95,100,144,189,225,245,276,289,297,329,395,438,591,640,647,765,773,834,838,854,863,949,1117,1118,1146,1147,1168,1269,1287,1290,1293,1295,1322,1447,1478,1488,1513,1519,1528,1529,1674,1723,1814,1944,2217,2220,2223,2667,2677,2678,2679,2680,2774,2775,2903,2962,3037,3126,3284,3345,3638,4112,4122,4313,4317,5841,6022,6441,7320,7463,7804,7805,8095,8190,8303,
607;0;11870;12043;0;24,26,27,38,61,95,100,144,189,225,245,276,289,329,395,591,640,647,729,765,773,834,838,854,863,949,1117,1118,1146,1147,1168,1269,1287,1290,1293,1295,1322,1447,1478,1488,1513,1519,1528,1529,1674,1723,1814,1944,2216,2217,2218,2219,2220,2221,2223,2677,2678,2679,2680,2774,2775,2903,2962,3037,3126,3284,3345,3638,4112,4122,4313,4317,5841,6022,6441,7320,7804,7805,8095,8303,
471;0;12043;12126;0;24,26,27,38,61,95,100,144,189,225,276,329,395,528,591,619,640,647,729,765,773,778,834,838,854,863,949,1117,1118,1146,1147,1268,1269,1280,1287,1290,1293,1295,1322,1447,1478,1513,1519,1528,1529,1674,1781,1782,1787,1814,1944,2216,2220,2223,2263,2409,2677,2678,2679,2774,2775,3026,3037,3060,3284,3638,4112,4122,4123,4124,4125,4126,4127,4128,4129,4130,4131,4132,7804,7805,
471;1;12126;12216;0;24,26,27,38,61,95,100,144,189,225,276,329,395,528,591,619,640,647,729,765,773,778,834,838,854,863,949,1117,1118,1146,1147,1268,1269,1280,1287,1290,1293,1295,1322,1447,1478,1513,1519,1528,1529,1674,1781,1782,1787,1814,1944,2216,2220,2223,2263,2409,2677,2678,2679,2774,2775,3026,3037,3060,3284,3638,4112,4122,4123,4124,4125,4126,4127,4128,4129,4130,4131,4132,7804,7805,
485;0;12216;12331;0;24,26,27,38,61,95,100,144,150,189,196,225,276,329,395,516,528,591,619,640,647,729,765,773,778,834,838,854,863,949,1047,1117,1118,1146,1147,1157,1196,1268,1269,1280,1287,1290,1293,1295,1322,1447,1478,1513,1519,1528,1529,1674,1781,1782,1787,1814,1944,1988,2216,2220,2223,2263,2409,2412,2413,2414,2677,2678,2679,2774,2775,3026,3037,3060,3284,3638,4112,4124,7804,7805,
485;1;12331;12387;0;24,26,27,38,61,95,100,144,150,189,196,225,276,329,395,516,528,591,619,640,647,729,765,773,778,834,838,854,863,949,1047,1117,1118,1146,1147,1157,1196,1268,1269,1280,1287,1290,1293,1295,1322,1447,1478,1513,1519,1528,1529,1674,1781,1782,1787,1814,1944,1988,2216,2220,2223,2263,2409,2412,2413,2414,2677,2678,2679,2774,2775,3026,3037,3060,3284,3638,4112,4124,7804,7805,
Machine: 1
108;0;0;4;1;2,4,7,8,15,24,54,60,62,142,144,148,149,198,226,230,231,277,301,390,394,396,765,871,995,1051,1052,1093,1159,1229,1232,1233,1466,1476,1529,1569,1604,1812,2062,2063,2503,2555,2611,2625,2839,2840,2841,2842,2843,2972,3118,3345,3346,3527,3742,3743,3744,3745,4313,4314,4315,4316,4317,4318,4406,5379,8134,8135,8136,8137,8138,8139,8140,8141,8142,8143,8144,8145,8146,8292,
622;0;4;79;0;2,4,7,8,15,24,54,60,62,142,144,148,149,198,226,230,231,277,301,390,394,396,765,871,995,1051,1052,1093,1159,1229,1232,1233,1466,1476,1529,1569,1604,1812,2062,2063,2503,2555,2611,2625,2839,2840,2841,2842,2843,2972,3118,3345,3346,3527,3742,3743,3744,3745,4313,4314,4315,4316,4317,4318,4406,5379,8134,8135,8136,8137,8138,8139,8140,8141,8142,8143,8144,8145,8146,8292,
622;1;79;110;0;2,4,7,8,15,24,54,60,62,142,144,148,149,198,226,230,231,277,301,390,394,396,765,871,995,1051,1052,1093,1159,1229,1232,1233,1466,1476,1529,1569,1604,1812,2062,2063,2503,2555,2611,2625,2839,2840,2841,2842,2843,2972,3118,3345,3346,3527,3742,3743,3744,3745,4313,4314,4315,4316,4317,4318,4406,5379,8134,8135,8136,8137,8138,8139,8140,8141,8142,8143,8144,8145,8146,8292,
157;0;110;114;1;2,4,7,8,15,24,54,60,62,142,144,148,149,198,226,230,231,277,301,390,394,396,765,871,995,1051,1052,1093,1159,1229,1232,1233,1466,1476,1529,1569,1604,1812,2062,2063,2503,2555,2611,2625,2839,2840,2841,2842,2843,2972,3118,3345,3346,3527,3742,3743,3744,3745,4313,4314,4315,4316,4317,4318,4406,5379,8134,8135,8136,8137,8138,8139,8140,8141,8142,8143,8144,8145,8146,8292,
542;0;114;130;0;2,4,7,8,15,24,54,60,62,142,144,148,149,198,226,230,231,277,301,390,394,396,765,871,995,1051,1052,1093,1159,1229,1232,1233,1466,1476,1529,1569,1604,1812,2062,2063,2503,2555,2611,2625,2839,2840,2841,2842,2843,2972,3118,3345,3346,3527,3742,3743,3744,3745,4313,4314,4315,4316,4317,4318,4406,5379,8134,8135,8136,8137,8138,8139,8140,8141,8142,8143,8144,8145,8146,8292,
339;0;130;137;1;2,4,7,8,15,24,54,60,62,142,144,148,149,198,226,230,231,277,301,390,394,396,765,871,995,1051,1052,1093,1159,1229,1232,1233,1466,1476,1529,1569,1604,1812,2062,2063,2503,2555,2611,2625,2839,2840,2841,2842,2843,2972,3118,3345,3346,3527,3742,3743,3744,3745,4313,4314,4315,4316,4317,4318,4406,5379,8134,8135,8136,8137,8138,8139,8140,8141,8142,8143,8144,8145,8146,8292,
320;0;137;146;1;2,4,7,8,15,24,54,60,62,142,144,148,149,198,226,230,231,277,301,390,394,396,765,871,995,1051,1052,1093,1159,1229,1232,1233,1466,1476,1529,1569,1604,1812,2062,2063,2503,2555,2611,2625,2839,2840,2841,2842,2843,2972,3118,3345,3346,3527,3742,3743,3744,3745,4313,4314,4315,4316,4317,4318,4406,5379,8134,8135,8136,8137,8138,8139,8140,8141,8142,8143,8144,8145,8146,8292,
9;0;146;156;1;2,4,7,8,15,24,54,60,62,142,144,148,149,198,226,230,231,277,301,390,394,396,765,871,995,1051,1052,1093,1159,1229,1232,1233,1466,1476,1529,1569,1604,1812,2062,2063,2503,2555,2611,2625,2839,2840,2841,2842,2843,2972,3118,3345,3346,3527,3742,3743,3744,3745,4313,4314,4315,4316,4317,4318,4406,5379,8134,8135,8136,8137,8138,8139,8140,8141,8142,8143,8144,8145,8146,8292,
188;0;156;170;1;2,4,7,8,15,24,54,60,62,142,144,148,149,198,226,230,231,277,301,390,394,396,765,871,995,1051,1052,1093,1159,1229,1232,1233,1466,1476,1529,1569,1604,1812,2062,2063,2503,2555,2611,2625,2839,2840,2841,2842,2843,2972,3118,3119,3345,3346,3527,3742,3743,3744,3745,4313,4314,4315,4316,4317,4318,4406,5379,8134,8135,8136,8137,8138,8139,8140,8141,8142,8143,8144,8145,8146,
98;0;170;188;1;2,4,7,8,15,24,54,60,62,138,142,144,148,149,198,225,226,230,231,277,301,390,394,396,398,591,765,871,995,1051,1052,1093,1159,1229,1232,1233,1466,1474,1476,1484,1529,1569,1604,1812,2053,2062,2063,2103,2503,2555,2611,2625,2839,2840,2841,2842,2843,2972,3118,3119,3121,3345,3346,3527,3742,3743,3744,3745,4313,4314,4315,4316,4317,4318,4406,5379,5706,8134,8135,8136,
12;0;188;208;1;2,4,7,8,15,24,54,60,62,138,142,144,148,149,198,225,226,230,231,277,301,390,394,396,398,591,765,871,995,1051,1052,1093,1117,1159,1229,1232,1233,1466,1474,1476,1481,1484,1529,1569,1604,1812,1814,2053,2062,2063,2103,2503,2555,2597,2611,2625,2839,2840,2841,2842,2843,2972,3118,3119,3121,3345,3346,3527,3742,3743,3745,4313,4314,4315,4316,4317,4318,4406,5206,5706,
209;0;208;229;1;4,8,15,24,54,60,138,144,149,225,226,231,301,390,396,398,591,871,1051,1117,1466,1474,1476,1481,1484,1529,2062,2063,2611,2842,3345,3346,3686,3745,4313,4314,4315,4316,4317,4318,4406,5206,5951,5963,5968,5969,5976,5980,5987,5988,6007,6079,6360,6537,6538,6539,6541,6542,6549,6550,6552,6557,6559,6560,6741,6930,7132,7134,7286,8083,8084,8085,8086,8087,8088,8089,8090,8091,8092,8093,
85;0;229;251;1;4,8,15,24,60,101,103,138,144,149,225,226,231,301,313,348,390,396,398,436,591,609,691,715,871,1051,1117,1466,1474,1476,1481,2062,2461,2498,2611,2643,2690,2842,3745,3915,4313,4314,4315,4316,4317,4318,4937,5206,5296,5392,5525,5538,5637,5726,5976,6026,6225,6334,6360,7294,7295,7296,7297,7298,7299,7300,7301,7302,7303,7304,7305,7306,7307,7308,7309,7310,7311,7312,7313,7314,
199;0;251;276;1;4,8,15,24,60,101,103,117,137,138,144,149,225,226,231,268,273,288,301,313,348,351,390,396,398,436,591,609,691,715,871,1051,1117,1466,1474,1476,1481,1752,1763,1919,1974,2062,2461,2498,2573,2611,2690,2804,2842,3099,3745,3915,4313,4314,4315,4316,4317,4318,4469,4504,4565,5197,5206,5392,5525,5538,5637,5976,6026,6223,6225,6334,6360,6365,7294,7301,8655,8975,8976,8977,
373;0;276;303;1;4,8,15,24,26,60,101,137,138,144,149,225,226,231,255,268,273,288,301,313,348,351,390,396,398,528,591,691,871,1051,1117,1269,1275,1277,1279,1280,1287,1293,1295,1322,1390,1466,1474,1476,1481,1893,1919,2062,2261,2577,2611,2795,2842,2941,3413,3745,3831,3869,3986,4007,4021,4313,4314,4315,4316,4317,4318,5206,5976,6360,6957,6958,6959,6960,6961,6962,6963,6964,6965,6966,
318;0;303;333;1;4,8,15,24,26,60,101,137,138,144,149,225,226,231,255,268,273,286,288,291,301,303,312,313,348,351,390,396,398,528,591,691,871,905,1051,1071,1117,1269,1275,1277,1279,1280,1287,1293,1295,1322,1390,1466,1474,1476,1481,1893,1919,2051,2052,2062,2261,2577,2611,2795,2842,2941,3413,3745,3831,3869,3986,4007,4313,4314,4315,4316,4317,4318,5206,5976,6360,6957,6961,6966,
336;0;333;367;1;4,8,15,24,26,60,101,137,138,144,149,225,226,231,255,268,273,286,288,291,301,303,312,313,348,351,390,396,398,528,591,691,871,905,1051,1117,1268,1269,1275,1277,1279,1280,1287,1293,1294,1295,1322,1390,1466,1474,1476,1481,1781,1919,2052,2062,2577,2611,2941,3721,3745,3797,3859,3869,4217,4313,4314,4315,4316,4317,4318,4330,4353,5206,5416,5976,6360,6957,6961,6966,
4;0;367;401;1;4,8,15,24,26,60,101,137,138,139,144,149,225,226,231,262,268,273,286,288,291,301,303,312,313,348,351,390,396,398,528,591,644,647,691,854,855,863,871,905,948,949,1051,1117,1118,1268,1269,1277,1279,1280,1287,1293,1294,1295,1322,1390,1466,1474,1476,1478,1481,1919,2052,2062,2611,2941,3721,3745,3869,4217,4313,4314,4315,4316,4317,4318,5206,5976,6360,6966,
260;0;401;421;1;4,8,15,24,26,60,101,137,138,139,144,149,225,226,231,262,268,273,286,288,291,301,303,312,313,348,351,390,396,398,528,591,644,647,691,854,855,871,905,948,1051,1117,1118,1268,1269,1277,1279,1280,1287,1288,1293,1294,1322,1390,1466,1474,1476,1478,1481,1919,2052,2062,2407,2611,2941,3721,3745,3869,4010,4217,4313,4314,4315,4316,4317,4318,5206,5976,6360,6966,
260;1;421;439;1;4,8,15,24,26,60,101,137,138,139,144,149,225,226,231,262,268,273,286,288,291,301,303,312,313,348,351,390,396,398,528,591,644,647,691,854,855,871,905,948,1051,1117,1118,1268,1269,1277,1279,1280,1287,1288,1293,1294,1322,1390,1466,1474,1476,1478,1481,1919,2052,2062,2407,2611,2941,3721,3745,3869,4010,4217,4313,4314,4315,4316,4317,4318,5206,5976,6360,6966,
80;0;439;478;1;4,8,15,24,26,60,61,137,138,139,144,149,225,226,231,247,262,268,273,286,288,291,301,351,390,396,398,528,591,644,647,691,757,854,855,871,948,1051,1117,1118,1268,1279,1293,1294,1390,1466,1474,1476,1478,1481,1919,2052,2073,2407,2611,2868,2941,3072,3589,3590,3703,3869,3908,4119,4313,4314,4736,5206,5976,6092,6360,7009,8354,8536,8537,8538,8539,8540,8541,8542,
103;0;478;507;1;4,8,15,24,26,60,61,137,138,139,144,149,225,226,231,247,262,268,273,286,288,291,301,351,390,396,398,528,591,644,647,691,757,854,855,871,948,1051,1117,1118,1268,1270,1279,1293,1294,1390,1466,1474,1476,1478,1481,1919,2052,2073,2407,2611,2868,2941,3072,3589,3590,3703,3869,3908,4119,4313,4314,4736,4888,5206,5976,6092,6360,7009,8354,8536,8537,8538,8539,8540,
103;1;507;518;1;4,8,15,24,26,60,61,137,138,139,144,149,225,226,231,247,262,268,273,286,288,291,301,351,390,396,398,528,591,644,647,691,757,854,855,871,948,1051,1117,1118,1268,1270,1279,1293,1294,1390,1466,1474,1476,1478,1481,1919,2052,2073,2407,2611,2868,2941,3072,3589,3590,3703,3869,3908,4119,4313,4314,4736,4888,5206,5976,6092,6360,7009,8354,8536,8537,8538,8539,8540,
16;0;518;559;1;4,8,15,24,26,60,61,95,137,138,139,144,149,225,226,231,247,262,268,273,276,286,288,291,301,310,351,390,396,398,528,591,644,647,691,854,855,871,948,1051,1117,1118,1268,1270,1279,1293,1294,1390,1428,1474,1476,1478,1481,1668,1676,1919,2052,2376,2407,2531,2532,2533,2534,2535,2536,2611,2868,2941,3703,3869,3908,4119,4313,4314,5206,5976,6092,6360,7009,8354,
91;0;559;573;1;4,8,15,24,26,60,95,137,138,139,144,149,225,226,231,247,262,268,273,276,286,288,291,301,310,351,390,396,398,528,591,644,647,691,854,855,871,948,1051,1117,1118,1268,1270,1279,1293,1294,1390,1474,1476,1478,1481,1668,1676,1919,2052,2407,2532,2611,2868,2941,3703,3869,3908,4119,4313,4314,5206,5976,6360,7009,8354,8787,8788,8968,8969,8970,8971,8972,8973,8974,
91;1;573;600;1;4,8,15,24,26,60,95,137,138,139,144,149,225,226,231,247,262,268,273,276,286,288,291,301,310,351,390,396,398,528,591,644,647,691,854,855,871,948,1051,1117,1118,1268,1270,1279,1293,1294,1390,1474,1476,1478,1481,1668,1676,1919,2052,2407,2532,2611,2868,2941,3703,3869,3908,4119,4313,4314,5206,5976,6360,7009,8354,8787,8788,8968,8969,8970,8971,8972,8973,8974,
125;0;600;622;1;4,8,15,24,60,74,95,137,138,139,144,149,225,231,262,268,273,286,288,301,310,351,390,396,398,512,518,551,591,607,612,615,616,617,644,647,691,739,814,854,855,871,948,1051,1117,1118,1293,1294,1346,1390,1474,1476,1478,1481,1530,1558,1559,1668,1849,1940,2052,2094,2179,2407,2532,2611,2941,3014,3703,3869,3908,4119,4313,4314,4465,4514,5206,5976,6360,6786,
125;1;622;643;1;4,8,15,24,60,74,95,137,138,139,144,149,225,231,262,268,273,286,288,301,310,351,390,396,398,512,518,551,591,607,612,615,616,617,644,647,691,739,814,854,855,871,948,1051,1117,1118,1293,1294,1346,1390,1474,1476,1478,1481,1530,1558,1559,1668,1849,1940,2052,2094,2179,2407,2532,2611,2941,3014,3703,3869,3908,4119,4313,4314,4465,4514,5206,5976,6360,6786,
312;0;643;687;1;4,8,15,24,60,74,95,137,138,139,144,149,225,231,262,268,273,286,288,301,310,351,390,396,398,512,518,551,591,607,617,644,647,691,739,814,854,855,871,948,1051,1117,1118,1293,1294,1346,1390,1474,1476,1478,1481,1530,1558,1668,2050,2052,2094,2179,2194,2407,2532,2611,2941,2969,3014,3597,3703,3869,3908,4119,4313,4314,4450,4514,4620,5206,5476,5497,5976,6360,
200;0;687;732;1;4,8,15,24,60,74,95,137,138,139,144,149,225,231,251,262,268,273,286,288,301,310,351,364,390,396,398,512,518,540,551,591,617,644,647,691,739,814,854,855,871,948,1051,1117,1118,1293,1294,1346,1390,1474,1476,1478,1481,1530,1558,1668,2052,2094,2179,2407,2412,2532,2564,2611,2941,3014,3597,3703,3869,3908,4247,4313,4314,4327,4450,4514,4620,5206,5976,6360,
24;0;1440;1485;1;4,8,15,24,60,74,95,137,138,139,144,149,225,231,251,262,268,273,286,288,301,310,351,364,390,396,398,499,512,518,591,617,644,647,691,739,814,854,855,871,948,1051,1117,1118,1293,1294,1346,1390,1474,1476,1478,1481,1530,1558,1668,1988,2052,2094,2179,2407,2412,2532,2564,2611,2941,3014,3597,3703,3869,3908,4247,4313,4314,4327,4450,4514,4620,5206,5976,6360,
593;0;1485;1554;0;4,8,15,24,60,95,126,137,138,139,144,149,208,225,231,251,262,268,273,286,288,301,310,351,390,396,398,427,480,499,504,547,578,591,617,644,647,691,739,814,854,855,871,948,964,1051,1117,1118,1293,1294,1390,1474,1476,1478,1481,1530,1587,1668,1701,1936,2052,2069,2179,2306,2407,2532,2564,2611,2941,3395,3597,3869,3908,4247,4313,4314,5206,5976,6360,7980,
355;0;1554;1578;1;4,8,15,24,60,95,126,137,138,139,144,149,208,225,231,251,262,268,273,286,288,301,310,351,390,396,398,427,480,499,547,591,617,644,647,691,739,814,854,855,871,948,1051,1117,1118,1293,1294,1390,1474,1476,1478,1481,1530,1587,1668,2052,2179,2407,2532,2564,2611,2941,3597,3869,3908,4313,4314,5206,5976,6360,8219,8379,8380,8383,8384,8386,8387,8388,8389,8390,
355;1;1578;1600;1;4,8,15,24,60,95,126,137,138,139,144,149,208,225,231,251,262,268,273,286,288,301,310,351,390,396,398,427,480,499,547,591,617,644,647,691,739,814,854,855,871,948,1051,1117,1118,1293,1294,1390,1474,1476,1478,1481,1530,1587,1668,2052,2179,2407,2532,2564,2611,2941,3597,3869,3908,4313,4314,5206,5976,6360,8219,8379,8380,8383,8384,8386,8387,8388,8389,8390,
247;0;1600;1647;1;4,8,15,24,60,95,126,137,138,139,144,149,208,225,231,251,262,268,273,286,288,301,310,351,390,396,398,427,480,499,547,591,617,644,647,691,739,814,854,855,871,948,1051,1117,1118,1293,1294,1390,1474,1476,1478,1481,1530,1587,1668,2052,2179,2407,2532,2564,2611,2941,3597,3869,3908,4313,4314,5206,5976,6360,8219,8379,8380,8383,8384,8386,8387,8465,8466,8467,
245;0;1647;1696;1;4,8,15,24,60,95,126,137,138,139,144,149,208,225,231,251,262,268,273,286,288,301,310,351,390,396,398,427,480,499,547,591,617,644,647,691,739,814,854,855,871,948,1051,1117,1118,1293,1294,1390,1474,1476,1478,1481,1530,1587,1668,2052,2179,2407,2532,2564,2611,2941,3597,3869,3908,4313,4314,5206,5976,6340,6360,8219,8379,8380,8383,8384,8386,8387,8465,8466,
276;0;1696;1741;1;4,8,15,24,60,95,126,137,138,139,144,149,150,152,225,231,262,268,273,286,288,301,310,351,366,390,396,398,427,480,497,499,547,591,644,647,691,739,854,855,871,948,962,1051,1117,1118,1293,1294,1463,1474,1476,1478,1481,1530,1541,1587,1668,1935,2052,2179,2407,2532,2611,2860,2941,3455,3456,3457,3597,3869,3908,4313,4314,5206,6360,8219,8379,8380,8383,8384,
276;1;1741;1745;1;4,8,15,24,60,95,126,137,138,139,144,149,150,152,225,231,262,268,273,286,288,301,310,351,366,390,396,398,427,480,497,499,547,591,644,647,691,739,854,855,871,948,962,1051,1117,1118,1293,1294,1463,1474,1476,1478,1481,1530,1541,1587,1668,1935,2052,2179,2407,2532,2611,2860,2941,3455,3456,3457,3597,3869,3908,4313,4314,5206,6360,8219,8379,8380,8383,8384,
356;0;1745;1760;1;4,8,15,24,60,95,126,137,138,139,144,146,149,150,152,225,231,262,268,273,286,288,301,310,351,390,396,398,427,429,497,591,644,647,691,739,854,855,871,948,1051,1117,1118,1146,1149,1293,1294,1463,1474,1476,1478,1479,1481,1530,1541,1587,1668,1920,1973,2052,2179,2407,2532,2611,2941,3597,3869,3908,4313,4314,4473,4965,4972,5206,6360,8219,8379,8380,8383,8384,
356;1;1760;1795;1;4,8,15,24,60,95,126,137,138,139,144,146,149,150,152,225,231,262,268,273,286,288,301,310,351,390,396,398,427,429,497,591,644,647,691,739,854,855,871,948,1051,1117,1118,1146,1149,1293,1294,1463,1474,1476,1478,1479,1481,1530,1541,1587,1668,1920,1973,2052,2179,2407,2532,2611,2941,3597,3869,3908,4313,4314,4473,4965,4972,5206,6360,8219,8379,8380,8383,8384,
20;0;1795;1846;1;4,8,15,24,60,95,126,137,138,139,144,149,225,231,262,268,273,286,288,301,310,351,390,396,398,427,429,458,497,591,644,647,691,739,854,855,871,948,1051,1118,1146,1293,1294,1463,1474,1476,1478,1479,1543,1587,1668,1859,1920,2052,2074,2089,2179,2407,2532,2611,2941,2958,3381,3382,3861,3862,3863,3864,3865,3866,3867,3868,3869,3870,3908,4313,4314,5206,6360,8379,
385;0;1846;1898;1;4,8,15,24,60,76,95,126,137,138,139,144,149,225,231,262,268,273,286,288,301,310,351,390,396,398,427,429,458,497,591,644,647,691,739,854,855,871,875,948,1051,1118,1146,1293,1294,1463,1474,1476,1478,1479,1543,1582,1587,1668,1859,1920,2052,2074,2089,2179,2407,2532,2611,2941,2958,3381,3382,3861,3862,3863,3864,3865,3870,3908,4287,4313,4314,5206,6360,8379,
296;0;1898;1950;1;4,8,15,24,60,95,126,137,138,139,144,149,225,229,231,234,240,243,245,262,266,267,268,272,273,286,288,301,310,351,390,396,398,427,429,497,591,644,647,691,739,854,855,871,948,1051,1118,1146,1172,1210,1214,1293,1294,1463,1474,1476,1478,1479,1587,1668,1756,1920,2052,2074,2179,2407,2432,2532,2941,3286,3870,3908,4313,4314,4859,5206,5371,5372,5373,6360,
369;0;1950;1982;1;4,8,15,24,60,95,126,137,138,139,144,149,202,225,229,231,234,240,243,245,262,266,267,268,272,273,286,288,301,310,351,390,396,398,427,429,497,591,644,647,691,739,854,855,871,948,987,1051,1118,1146,1172,1214,1293,1294,1423,1463,1474,1476,1478,1479,1587,1668,1756,1920,2052,2074,2179,2407,2532,2941,3286,3870,3908,4280,4313,4314,5206,5645,6360,8118,
369;1;1982;2003;1;4,8,15,24,60,95,126,137,138,139,144,149,202,225,229,231,234,240,243,245,262,266,267,268,272,273,286,288,301,310,351,390,396,398,427,429,497,591,644,647,691,739,854,855,871,948,987,1051,1118,1146,1172,1214,1293,1294,1423,1463,1474,1476,1478,1479,1587,1668,1756,1920,2052,2074,2179,2407,2532,2941,3286,3870,3908,4280,4313,4314,5206,5645,6360,8118,
340;0;2003;2057;1;4,8,15,24,28,46,55,60,95,126,137,138,139,144,149,225,231,234,262,267,268,272,273,286,288,301,310,351,390,396,398,429,497,503,591,644,647,691,739,854,855,871,948,979,1051,1118,1146,1293,1294,1423,1463,1474,1476,1478,1562,1587,1668,1716,1756,1920,2018,2036,2052,2074,2090,2532,2890,3006,3246,3449,3808,3870,3906,3908,4114,4273,4313,4314,5206,6360,
215;0;2057;2111;1;4,8,15,24,55,60,95,126,137,138,139,144,149,185,186,189,221,225,231,234,262,267,268,288,301,390,396,398,410,429,450,497,591,644,647,691,739,754,784,854,855,871,948,979,1051,1118,1146,1196,1293,1294,1336,1423,1425,1434,1440,1463,1474,1476,1478,1668,1756,1920,2052,2074,2532,2896,3416,3774,3870,3876,3908,4104,4313,4314,5206,5862,6360,7251,8037,8342,
341;0;2111;2166;1;4,8,15,24,55,60,95,126,137,138,139,144,149,185,186,189,221,225,231,234,262,267,268,288,301,390,395,396,398,410,429,450,497,591,644,647,691,739,754,784,854,855,871,948,979,1051,1118,1146,1196,1293,1294,1336,1423,1425,1434,1440,1463,1474,1476,1478,1668,1756,1920,2052,2074,2532,2896,3267,3774,3870,3876,4313,4314,5206,6360,7251,7834,8165,8846,9000,
154;0;2880;2935;1;4,8,15,24,55,60,93,95,137,138,139,144,149,186,189,225,231,234,262,267,268,288,293,301,390,395,396,398,429,497,591,644,647,691,754,766,769,835,854,855,858,871,898,948,979,1051,1118,1146,1196,1293,1294,1434,1474,1476,1478,1668,1756,1920,2052,2074,2354,2532,2594,2637,3152,3267,3291,3618,3774,3870,3876,4313,4314,4371,5206,5627,6360,7251,8165,9000,
392;0;2935;2941;1;8,137,138,189,231,244,267,268,288,290,297,301,429,434,438,442,591,647,921,927,979,1057,1123,1146,1196,1293,1363,1476,1478,1603,1608,1668,1669,1671,1750,1756,1765,1920,1921,1970,2052,2105,2250,2391,2491,2532,2645,2649,4397,4399,4400,4401,4472,5205,5214,5223,5400,5656,5697,5738,5739,5741,5746,5747,5748,5749,5750,5751,5752,5753,5754,5755,5756,6180,6193,6607,6799,6872,6873,6874,
392;1;2941;2991;1;8,137,138,189,231,244,267,268,288,290,297,301,429,434,438,442,591,647,921,927,979,1057,1123,1146,1196,1293,1363,1476,1478,1603,1608,1668,1669,1671,1750,1756,1765,1920,1921,1970,2052,2105,2250,2391,2491,2532,2645,2649,4397,4399,4400,4401,4472,5205,5214,5223,5400,5656,5697,5738,5739,5741,5746,5747,5748,5749,5750,5751,5752,5753,5754,5755,5756,6180,6193,6607,6799,6872,6873,6874,
229;0;2991;3020;1;8,137,138,189,205,231,244,246,267,268,288,290,297,301,429,434,438,442,568,591,647,752,921,927,979,1057,1089,1123,1146,1196,1242,1293,1363,1476,1478,1598,1603,1608,1668,1669,1671,1750,1756,1765,1920,1921,1970,1999,2052,2065,2086,2105,2250,2391,2491,2532,2645,2649,3396,3404,3855,3880,3881,3882,3883,3884,3885,3886,3887,3888,3889,3890,4397,4399,4400,5223,5656,5739,6180,6872,
229;1;3020;3049;1;8,137,138,189,205,231,244,246,267,268,288,290,297,301,429,434,438,442,568,591,647,752,921,927,979,1057,1089,1123,1146,1196,1242,1293,1363,1476,1478,1598,1603,1608,1668,1669,1671,1750,1756,1765,1920,1921,1970,1999,2052,2065,2086,2105,2250,2391,2491,2532,2645,2649,3396,3404,3855,3880,3881,3882,3883,3884,3885,3886,3887,3888,3889,3890,4397,4399,4400,5223,5656,5739,6180,6872,
301;0;3049;3109;1;8,137,138,189,205,231,244,246,267,268,288,290,297,301,390,404,429,434,438,442,568,591,647,752,921,927,979,1051,1057,1089,1123,1134,1146,1196,1242,1293,1363,1473,1476,1478,1598,1603,1608,1668,1669,1671,1750,1756,1757,1765,1809,1920,1921,1970,1999,2052,2065,2086,2105,2250,2391,2491,2532,2645,2649,3257,3396,3404,3435,3855,3880,3881,3882,3883,4400,5223,5656,5739,6180,6872,
348;0;3109;3169;1;8,137,138,189,205,231,244,246,267,268,288,290,297,301,390,404,429,434,438,442,568,591,647,752,921,927,979,1051,1057,1089,1123,1134,1146,1196,1242,1293,1363,1473,1476,1478,1598,1603,1608,1668,1669,1671,1750,1756,1757,1765,1809,1920,1921,1970,1999,2052,2065,2086,2105,2250,2391,2491,2532,2645,2649,3257,3396,3404,3435,3855,3880,3881,4400,5223,5656,5739,6134,6136,6180,6872,
241;0;3169;3211;1;8,137,138,139,144,145,189,225,231,267,268,288,290,297,301,314,329,390,404,429,434,438,442,591,640,647,854,927,979,1051,1057,1089,1095,1118,1134,1146,1147,1178,1196,1293,1354,1360,1363,1473,1476,1478,1480,1603,1608,1668,1669,1671,1809,1920,1921,1970,1999,2105,2391,2491,2645,2649,3034,3435,3630,3715,3855,4400,4407,4553,4675,5135,5206,5207,5223,5656,5739,6136,6180,6872,
241;1;3211;3231;1;8,137,138,139,144,145,189,225,231,267,268,288,290,297,301,314,329,390,404,429,434,438,442,591,640,647,854,927,979,1051,1057,1089,1095,1118,1134,1146,1147,1178,1196,1293,1354,1360,1363,1473,1476,1478,1480,1603,1608,1668,1669,1671,1809,1920,1921,1970,1999,2105,2391,2491,2645,2649,3034,3435,3630,3715,3855,4400,4407,4553,4675,5135,5206,5207,5223,5656,5739,6136,6180,6872,
313;0;3231;3249;1;8,137,138,139,144,145,189,225,231,267,268,288,290,297,301,314,329,390,404,429,434,438,442,591,640,647,854,927,979,1051,1057,1089,1095,1118,1134,1146,1147,1178,1196,1293,1354,1360,1363,1473,1476,1478,1480,1603,1608,1668,1669,1671,1809,1920,1921,1970,1999,2105,2315,2391,2491,2645,2649,3034,3435,3607,3630,3855,4400,4407,4553,4675,5135,5206,5223,5656,5739,6136,6180,6872,
313;1;3249;3294;1;8,137,138,139,144,145,189,225,231,267,268,288,290,297,301,314,329,390,404,429,434,438,442,591,640,647,854,927,979,1051,1057,1089,1095,1118,1134,1146,1147,1178,1196,1293,1354,1360,1363,1473,1476,1478,1480,1603,1608,1668,1669,1671,1809,1920,1921,1970,1999,2105,2315,2391,2491,2645,2649,3034,3435,3607,3630,3855,4400,4407,4553,4675,5135,5206,5223,5656,5739,6136,6180,6872,
208;0;3294;3358;1;8,55,66,137,138,139,144,145,189,225,231,268,288,290,301,314,329,390,404,429,434,591,640,647,854,927,979,1051,1095,1118,1134,1146,1147,1196,1293,1294,1306,1360,1473,1476,1478,1480,1608,1669,1809,1920,1921,1970,1994,1995,1996,1997,1998,1999,2000,2001,2002,2003,2004,2005,2006,2007,2008,2009,2010,2011,2012,2013,2014,2015,2391,2645,3034,3435,3855,4407,4675,5223,5739,6136,
376;0;3358;3422;1;8,55,66,137,138,139,144,145,189,225,231,268,288,290,301,314,329,390,404,429,434,591,640,647,854,927,979,1051,1095,1118,1134,1146,1147,1196,1293,1294,1306,1360,1473,1476,1478,1480,1608,1669,1809,1920,1921,1970,1994,1999,2005,2391,2645,3034,3435,3855,4407,4675,5223,5739,6136,6360,7137,7167,7168,7169,7170,7171,7172,7173,7174,7175,7176,7177,7178,7179,7180,7181,7182,7183,
32;0;3422;3488;1;1,3,8,137,138,139,144,145,149,189,225,231,241,262,268,288,290,301,321,329,390,391,396,400,404,429,434,591,640,647,854,927,979,1051,1095,1118,1134,1146,1147,1196,1204,1293,1294,1397,1398,1401,1473,1476,1477,1478,1480,1502,1608,1669,1681,1682,1809,1920,1921,1970,2109,2134,2391,2645,2821,3034,3278,3435,3855,4407,4675,4832,5246,5249,5275,5276,5277,5739,6136,6360,
468;0;3488;3510;1;1,3,8,24,38,137,138,139,144,145,149,189,225,231,241,262,268,288,290,301,321,329,390,391,396,400,404,429,434,581,591,640,647,854,927,979,1051,1095,1118,1134,1146,1147,1196,1286,1293,1294,1397,1398,1401,1473,1476,1477,1478,1480,1502,1608,1669,1681,1682,1809,1920,1921,1970,2109,2134,2391,2645,2821,3034,3336,3435,3708,3855,4407,4675,5275,5276,5739,6136,6360,
468;1;3510;3554;1;1,3,8,24,38,137,138,139,144,145,149,189,225,231,241,262,268,288,290,301,321,329,390,391,396,400,404,429,434,581,591,640,647,854,927,979,1051,1095,1118,1134,1146,1147,1196,1286,1293,1294,1397,1398,1401,1473,1476,1477,1478,1480,1502,1608,1669,1681,1682,1809,1920,1921,1970,2109,2134,2391,2645,2821,3034,3336,3435,3708,3855,4407,4675,5275,5276,5739,6136,6360,
429;0;3554;3622;1;8,24,38,95,137,138,139,143,144,145,149,189,225,231,234,241,262,268,288,290,301,321,329,390,391,396,398,400,404,429,434,591,640,644,647,769,838,854,862,927,948,979,1051,1095,1118,1134,1146,1147,1196,1286,1293,1294,1397,1398,1401,1473,1474,1476,1478,1480,1502,1608,1669,1809,1816,1920,1921,1970,2388,2391,2645,2821,3034,3435,3855,4407,4675,5739,6136,6360,
309;0;4320;4393;1;4,8,24,38,95,137,138,139,143,144,145,149,189,225,231,234,241,262,268,288,290,301,321,329,390,391,396,398,400,402,404,429,434,591,640,647,769,838,854,862,927,948,979,1051,1095,1118,1134,1146,1147,1163,1196,1293,1294,1397,1398,1401,1473,1474,1476,1478,1480,1502,1608,1801,1809,1816,1920,1921,1970,2223,2391,2645,2821,3435,4407,4675,5650,5739,6136,6360,
252;0;4393;4469;1;4,8,24,38,95,137,138,139,143,144,145,189,225,231,234,262,268,288,290,301,321,329,390,391,396,398,404,429,434,591,632,640,647,769,838,854,862,927,948,979,1051,1095,1118,1134,1146,1147,1163,1196,1293,1294,1397,1398,1401,1434,1473,1474,1476,1478,1480,1608,1687,1809,1816,1920,1921,1970,2223,2391,2821,3061,3876,4407,4675,5739,6136,6360,7248,7249,7250,7251,
96;0;4469;4502;1;4,8,15,24,38,54,60,95,137,138,139,143,144,145,189,225,231,234,262,268,288,290,301,321,329,390,391,396,398,404,429,434,591,640,647,769,838,854,862,871,927,948,979,1051,1118,1134,1146,1147,1163,1293,1294,1397,1398,1401,1473,1474,1476,1478,1480,1587,1816,1921,1970,2062,2063,2223,2391,2821,3345,3346,4313,4314,4315,4316,4317,4318,4407,5739,6136,6360,
96;1;4502;4546;1;4,8,15,24,38,54,60,95,137,138,139,143,144,145,189,225,231,234,262,268,288,290,301,321,329,390,391,396,398,404,429,434,591,640,647,769,838,854,862,871,927,948,979,1051,1118,1134,1146,1147,1163,1293,1294,1397,1398,1401,1473,1474,1476,1478,1480,1587,1816,1921,1970,2062,2063,2223,2391,2821,3345,3346,4313,4314,4315,4316,4317,4318,4407,5739,6136,6360,
275;0;4546;4623;1;4,8,15,24,38,54,60,95,137,138,139,143,144,145,189,225,231,234,262,268,288,290,301,321,329,390,391,396,398,404,429,434,591,640,647,769,838,854,862,871,927,948,979,1051,1118,1134,1146,1147,1163,1293,1294,1397,1398,1401,1473,1474,1476,1478,1480,1587,1816,1921,1970,2062,2063,2223,2391,2821,3345,3346,4313,4314,4407,5739,6133,6136,6360,7956,8282,8284,
254;0;4623;4700;1;4,24,38,54,60,95,97,137,138,139,144,145,189,225,231,234,262,268,272,273,286,287,288,290,291,301,302,310,321,351,390,391,395,396,404,429,434,591,640,647,769,854,862,871,927,948,1118,1134,1146,1147,1163,1236,1293,1294,1398,1473,1474,1478,1480,1587,1624,1740,1816,1921,1970,2223,2225,2391,2695,3346,3698,3793,4407,5739,6133,6136,6360,7033,7034,8284,
43;0;4700;4778;1;4,24,27,38,54,60,68,95,97,137,138,139,144,145,170,189,225,231,234,262,268,272,273,288,290,291,301,302,310,321,351,390,391,395,396,404,429,434,528,591,640,647,769,854,862,871,927,948,1118,1134,1146,1147,1163,1236,1293,1294,1398,1473,1474,1478,1480,1587,1816,1921,1970,2179,2223,2279,2391,2471,2864,2941,3346,3698,4407,5739,6133,6136,6360,8284,
342;0;4778;4856;1;4,24,27,38,54,60,95,97,137,138,139,144,145,170,189,225,231,234,262,268,272,273,288,290,291,301,302,310,321,351,390,391,395,396,404,429,434,528,591,640,647,769,854,862,871,927,948,1118,1134,1146,1147,1163,1236,1287,1293,1294,1398,1473,1474,1478,1480,1587,1816,1921,1970,2223,2391,2941,3051,3346,3698,4407,5739,6095,6096,6097,6133,6136,6360,8284,
394;0;4856;4935;1;4,24,27,38,54,60,93,95,97,137,139,144,145,225,231,262,272,273,276,288,290,291,301,310,321,343,351,391,395,404,429,434,528,647,691,766,769,843,854,858,862,948,1118,1134,1146,1163,1236,1293,1294,1478,1587,1970,2223,2391,2594,2637,2692,3152,3346,3618,4407,4408,5739,6133,6136,6360,7222,7223,7224,7225,7226,7227,7228,7229,7230,7231,7232,7233,7234,8284,
101;0;4935;4951;1;4,24,27,38,54,60,93,95,97,137,139,144,145,225,231,262,272,273,276,288,290,291,301,310,321,343,351,391,395,404,429,434,528,647,691,766,769,843,854,858,862,948,1118,1134,1146,1163,1236,1293,1294,1478,1587,1970,2223,2391,2594,2637,2692,3152,3346,3618,4407,4408,5739,6133,6136,6360,7222,7223,7224,7225,7226,7227,7228,7229,7230,7231,7232,7655,7656,8284,
101;1;4951;5017;1;4,24,27,38,54,60,93,95,97,137,139,144,145,225,231,262,272,273,276,288,290,291,301,310,321,343,351,391,395,404,429,434,528,647,691,766,769,843,854,858,862,948,1118,1134,1146,1163,1236,1293,1294,1478,1587,1970,2223,2391,2594,2637,2692,3152,3346,3618,4407,4408,5739,6133,6136,6360,7222,7223,7224,7225,7226,7227,7228,7229,7230,7231,7232,7655,7656,8284,
351;0;5017;5100;1;4,24,27,38,54,60,93,95,97,137,139,144,145,225,231,262,272,273,276,288,290,291,301,310,321,343,351,391,395,404,429,434,528,647,691,766,769,843,854,858,862,948,1118,1134,1146,1163,1236,1293,1294,1478,1587,1970,2223,2391,2594,2637,2692,2775,2776,3152,3346,3618,4407,4408,4771,5739,6133,6136,6360,6747,7222,7223,7224,7225,7226,7227,7228,7229,7230,8284,
207;0;5760;5785;1;24,38,54,95,97,137,139,144,145,225,231,245,262,272,273,276,288,290,291,303,305,306,310,312,313,317,321,351,382,395,404,429,434,528,595,892,905,912,939,948,1165,1170,1209,1293,1294,1478,1484,1587,1676,1919,1970,2133,2356,2357,2358,2360,2361,2362,2363,2364,2367,2370,2375,2377,2378,2387,2390,2391,2392,2393,2394,2775,2776,3346,4407,4408,5739,6133,6136,8284,
207;1;5785;5845;1;24,38,54,95,97,137,139,144,145,225,231,245,262,272,273,276,288,290,291,303,305,306,310,312,313,317,321,351,382,395,404,429,434,528,595,892,905,912,939,948,1165,1170,1209,1293,1294,1478,1484,1587,1676,1919,1970,2133,2356,2357,2358,2360,2361,2362,2363,2364,2367,2370,2375,2377,2378,2387,2390,2391,2392,2393,2394,2775,2776,3346,4407,4408,5739,6133,6136,8284,
283;0;5845;5928;1;24,38,54,95,97,137,139,144,145,179,180,225,231,245,262,272,273,276,288,290,291,303,305,306,307,310,312,313,317,321,351,382,395,404,429,434,528,592,594,595,892,905,912,939,948,1039,1165,1170,1209,1293,1294,1396,1478,1484,1587,1676,1919,2133,2356,2357,2358,2360,2361,2362,2363,2364,2367,2370,2375,2391,2394,2775,2776,3346,4407,4408,5739,6133,6136,8284,
283;1;5928;5932;1;24,38,54,95,97,137,139,144,145,179,180,225,231,245,262,272,273,276,288,290,291,303,305,306,307,310,312,313,317,321,351,382,395,404,429,434,528,592,594,595,892,905,912,939,948,1039,1165,1170,1209,1293,1294,1396,1478,1484,1587,1676,1919,2133,2356,2357,2358,2360,2361,2362,2363,2364,2367,2370,2375,2391,2394,2775,2776,3346,4407,4408,5739,6133,6136,8284,
47;0;5932;6020;1;24,38,54,95,97,137,139,144,145,179,180,225,231,245,262,272,273,276,288,290,291,303,305,306,307,310,312,313,321,351,382,395,404,429,434,528,592,594,595,892,905,912,948,1165,1170,1293,1294,1478,1484,1587,1676,1919,2356,2357,2358,2360,2361,2362,2363,2391,2394,2775,2776,3346,4407,4408,5739,6133,6136,6138,8230,8276,8278,8280,8284,8285,8317,8318,8319,8358,
52;0;6020;6109;1;24,38,54,95,97,137,139,144,145,179,180,225,231,245,262,272,273,276,288,290,291,303,305,306,307,310,312,313,321,351,382,395,404,429,434,528,592,594,595,892,905,912,948,1165,1170,1293,1294,1478,1484,1587,1676,1919,2356,2357,2358,2360,2361,2362,2363,2391,2394,2775,2776,2851,2852,2853,2854,2855,3346,4407,4408,5739,6133,6136,6138,8230,8285,8317,8318,8319,
334;0;6109;6198;1;24,38,54,95,97,137,139,144,145,179,180,225,231,245,262,272,273,276,288,290,291,303,305,306,307,310,312,313,321,351,382,395,404,429,434,528,592,594,595,892,905,912,948,1165,1170,1293,1294,1478,1484,1587,1676,1919,2356,2357,2358,2360,2361,2362,2363,2391,2394,2775,2776,2851,2852,2853,2854,2855,3346,4407,4408,5739,6133,6138,8285,8317,8318,8319,8469,8470,
56;0;6198;6287;1;24,26,38,54,95,97,137,139,144,145,179,180,225,231,245,262,272,273,276,288,290,291,303,305,306,307,310,312,313,321,351,382,395,404,429,434,528,592,594,595,892,905,912,948,1165,1170,1288,1293,1294,1478,1484,1587,1676,1919,2150,2172,2239,2240,2356,2357,2358,2360,2361,2362,2363,2391,2394,2775,2776,2861,2873,3346,3720,3721,3753,4407,4408,5739,6138,8285,
68;0;6287;6380;1;24,26,38,41,54,95,97,137,139,144,145,179,180,225,231,245,262,272,273,276,288,290,291,303,305,306,307,310,312,313,321,351,382,395,404,429,434,528,592,594,595,872,892,905,912,948,972,1142,1165,1170,1288,1293,1294,1457,1464,1465,1478,1484,1587,1676,1919,2239,2240,2356,2357,2358,2360,2361,2362,2391,2394,2775,2776,2873,3346,3721,3753,4407,4408,5739,
2;0;6380;6474;1;24,26,38,54,95,97,137,139,144,145,179,180,225,231,245,262,273,276,288,290,291,303,305,307,310,312,313,321,337,351,382,395,404,429,434,528,592,594,680,681,765,844,849,872,905,912,948,1142,1165,1170,1288,1293,1294,1478,1484,1529,1587,1676,1919,2239,2240,2394,2775,2776,3346,3529,3532,3721,3745,3753,4404,4405,4406,4407,4408,4409,4410,4411,4412,5739,
286;0;6474;6538;1;24,26,38,54,95,97,137,139,144,145,179,180,225,231,245,262,273,276,288,290,291,303,305,307,310,312,313,321,337,351,382,395,404,429,434,528,529,592,594,765,849,872,905,912,948,1142,1165,1170,1266,1268,1270,1288,1293,1294,1322,1478,1484,1529,1587,1676,1919,2239,2240,2241,2242,2264,2394,2410,2775,2776,2876,3346,3702,3721,3753,4217,4405,4412,4624,5739,
286;1;6538;6570;1;24,26,38,54,95,97,137,139,144,145,179,180,225,231,245,262,273,276,288,290,291,303,305,307,310,312,313,321,337,351,382,395,404,429,434,528,529,592,594,765,849,872,905,912,948,1142,1165,1170,1266,1268,1270,1288,1293,1294,1322,1478,1484,1529,1587,1676,1919,2239,2240,2241,2242,2264,2394,2410,2775,2776,2876,3346,3702,3721,3753,4217,4405,4412,4624,5739,
420;0;7200;7284;1;24,26,38,54,95,97,137,139,144,145,179,180,225,231,245,262,273,276,288,290,291,303,305,307,310,312,313,321,337,351,382,395,404,429,434,528,529,592,594,765,849,872,905,912,948,1142,1165,1170,1266,1268,1270,1288,1293,1294,1322,1478,1484,1529,1587,1676,1919,2239,2240,2241,2242,2264,2394,2410,2775,2776,2876,3346,3721,3753,4217,4405,4412,4624,5739,7369,
420;1;7284;7296;1;24,26,38,54,95,97,137,139,144,145,179,180,225,231,245,262,273,276,288,290,291,303,305,307,310,312,313,321,337,351,382,395,404,429,434,528,529,592,594,765,849,872,905,912,948,1142,1165,1170,1266,1268,1270,1288,1293,1294,1322,1478,1484,1529,1587,1676,1919,2239,2240,2241,2242,2264,2394,2410,2775,2776,2876,3346,3721,3753,4217,4405,4412,4624,5739,7369,
550;0;7296;7451;0;24,26,38,54,95,96,97,101,137,139,144,145,179,180,225,231,245,262,273,276,288,290,291,303,305,310,312,313,321,337,351,382,395,404,429,434,528,529,765,849,872,891,905,912,948,1142,1165,1170,1266,1268,1270,1288,1293,1294,1322,1478,1484,1529,1567,1587,1676,1919,2239,2240,2241,2242,2394,2410,2628,2678,2775,2776,3346,3721,3753,4093,4217,4405,5230,5739,
550;1;7451;7625;0;24,26,38,54,95,96,97,101,137,139,144,145,179,180,225,231,245,262,273,276,288,290,291,303,305,310,312,313,321,337,351,382,395,404,429,434,528,529,765,849,872,891,905,912,948,1142,1165,1170,1266,1268,1270,1288,1293,1294,1322,1478,1484,1529,1567,1587,1676,1919,2239,2240,2241,2242,2394,2410,2628,2678,2775,2776,3346,3721,3753,4093,4217,4405,5230,5739,
594;0;7625;7805;0;24,26,38,54,95,97,101,137,139,144,145,179,180,225,231,245,262,273,276,288,290,291,303,305,310,312,313,321,337,351,382,395,404,429,434,528,529,765,849,872,891,905,912,948,1142,1165,1170,1266,1268,1270,1288,1293,1294,1322,1478,1484,1529,1567,1587,1676,1919,2239,2240,2241,2242,2394,2410,2628,2678,2775,2776,3346,3721,3753,4093,4217,4405,5230,5739,6727,
594;1;7805;7949;0;24,26,38,54,95,97,101,137,139,144,145,179,180,225,231,245,262,273,276,288,290,291,303,305,310,312,313,321,337,351,382,395,404,429,434,528,529,765,849,872,891,905,912,948,1142,1165,1170,1266,1268,1270,1288,1293,1294,1322,1478,1484,1529,1567,1587,1676,1919,2239,2240,2241,2242,2394,2410,2628,2678,2775,2776,3346,3721,3753,4093,4217,4405,5230,5739,6727,
577;0;8640;8784;0;24,26,38,54,95,97,137,139,144,145,179,180,225,231,245,262,273,276,288,291,303,305,310,312,313,321,337,351,382,395,404,429,434,528,529,765,849,872,912,948,1142,1165,1170,1266,1268,1270,1288,1293,1294,1322,1478,1484,1529,1567,1587,1676,2239,2240,2241,2242,2394,2628,2678,2774,2775,2776,3346,3721,3753,4093,4217,4405,4567,4604,4639,4765,5043,5230,5739,9204,
577;1;8784;8952;0;24,26,38,54,95,97,137,139,144,145,179,180,225,231,245,262,273,276,288,291,303,305,310,312,313,321,337,351,382,395,404,429,434,528,529,765,849,872,912,948,1142,1165,1170,1266,1268,1270,1288,1293,1294,1322,1478,1484,1529,1567,1587,1676,2239,2240,2241,2242,2394,2628,2678,2774,2775,2776,3346,3721,3753,4093,4217,4405,4567,4604,4639,4765,5043,5230,5739,9204,
585;0;8952;9077;0;24,26,38,54,95,97,137,139,144,145,179,180,225,231,245,262,273,276,288,291,321,337,351,382,395,404,429,434,516,528,529,765,849,872,912,948,1142,1170,1266,1268,1270,1288,1293,1294,1322,1478,1484,1529,1567,1587,1676,2239,2240,2241,2242,2394,2407,2628,2678,2774,2775,2776,2868,3346,3510,3544,3719,3721,3753,3767,3781,3807,4093,4405,4567,4604,4765,5043,5739,7999,
585;1;9077;9239;0;24,26,38,54,95,97,137,139,144,145,179,180,225,231,245,262,273,276,288,291,321,337,351,382,395,404,429,434,516,528,529,765,849,872,912,948,1142,1170,1266,1268,1270,1288,1293,1294,1322,1478,1484,1529,1567,1587,1676,2239,2240,2241,2242,2394,2407,2628,2678,2774,2775,2776,2868,3346,3510,3544,3719,3721,3753,3767,3781,3807,4093,4405,4567,4604,4765,5043,5739,7999,
578;0;9239;9392;0;24,26,38,54,95,97,137,139,144,145,179,180,225,231,245,262,273,276,288,291,321,337,351,382,395,404,429,434,503,516,528,529,765,849,872,912,948,1062,1142,1170,1266,1268,1270,1288,1293,1294,1322,1478,1484,1529,1567,1587,1676,1707,2154,2239,2240,2241,2242,2394,2407,2628,2678,2774,2775,2776,3346,3414,3721,3753,4093,4405,4567,4604,4765,5043,5739,5948,7003,7214,
578;1;9392;9524;0;24,26,38,54,95,97,137,139,144,145,179,180,225,231,245,262,273,276,288,291,321,337,351,382,395,404,429,434,503,516,528,529,765,849,872,912,948,1062,1142,1170,1266,1268,1270,1288,1293,1294,1322,1478,1484,1529,1567,1587,1676,1707,2154,2239,2240,2241,2242,2394,2407,2628,2678,2774,2775,2776,3346,3414,3721,3753,4093,4405,4567,4604,4765,5043,5739,5948,7003,7214,
499;0;10080;10245;0;24,26,38,95,97,137,139,144,145,179,180,225,231,245,262,273,276,288,291,292,321,337,351,382,395,404,429,434,528,529,690,765,849,872,912,948,1142,1170,1266,1268,1270,1288,1293,1294,1322,1478,1484,1529,1567,1587,1676,2239,2240,2241,2242,2394,2628,2677,2678,2679,2774,2775,2776,2778,3263,3447,3721,3753,4093,4405,4567,4765,4854,4855,5043,5370,5499,5500,5502,5739,
499;1;10245;10365;0;24,26,38,95,97,137,139,144,145,179,180,225,231,245,262,273,276,288,291,292,321,337,351,382,395,404,429,434,528,529,690,765,849,872,912,948,1142,1170,1266,1268,1270,1288,1293,1294,1322,1478,1484,1529,1567,1587,1676,2239,2240,2241,2242,2394,2628,2677,2678,2679,2774,2775,2776,2778,3263,3447,3721,3753,4093,4405,4567,4765,4854,4855,5043,5370,5499,5500,5502,5739,
483;0;10365;10538;0;24,26,38,95,97,137,139,144,145,179,180,225,231,245,262,273,276,277,288,291,292,321,337,351,382,395,404,429,434,528,529,765,849,855,872,912,948,1142,1170,1266,1268,1270,1288,1293,1294,1322,1478,1479,1484,1529,1567,1587,1676,2239,2240,2241,2242,2394,2628,2677,2678,2679,2774,2775,2776,2778,3263,3447,3721,3753,4093,4220,4405,4567,4765,4854,4855,5043,5502,5739,
483;1;10538;10637;0;24,26,38,95,97,137,139,144,145,179,180,225,231,245,262,273,276,277,288,291,292,321,337,351,382,395,404,429,434,528,529,765,849,855,872,912,948,1142,1170,1266,1268,1270,1288,1293,1294,1322,1478,1479,1484,1529,1567,1587,1676,2239,2240,2241,2242,2394,2628,2677,2678,2679,2774,2775,2776,2778,3263,3447,3721,3753,4093,4220,4405,4567,4765,4854,4855,5043,5502,5739,
496;0;10637;10752;0;24,26,38,95,97,137,139,144,145,179,180,225,231,245,262,273,276,277,288,291,292,321,337,351,382,395,404,429,434,528,529,765,849,855,872,912,948,1142,1170,1266,1268,1270,1288,1293,1294,1322,1478,1479,1484,1529,1567,1587,1676,2239,2240,2241,2242,2394,2628,2677,2678,2679,2774,2775,2776,2778,3263,3337,3447,3721,3753,4093,4405,4567,4765,5043,5739,7712,7720,7721,
496;1;10752;10902;0;24,26,38,95,97,137,139,144,145,179,180,225,231,245,262,273,276,277,288,291,292,321,337,351,382,395,404,429,434,528,529,765,849,855,872,912,948,1142,1170,1266,1268,1270,1288,1293,1294,1322,1478,1479,1484,1529,1567,1587,1676,2239,2240,2241,2242,2394,2628,2677,2678,2679,2774,2775,2776,2778,3263,3337,3447,3721,3753,4093,4405,4567,4765,5043,5739,7712,7720,7721,
475;0;11520;11689;0;19,24,26,38,95,97,137,139,144,145,179,180,188,225,231,245,262,273,276,277,288,291,321,337,351,382,395,404,429,434,528,529,736,765,849,855,872,875,912,948,1142,1170,1266,1268,1270,1288,1293,1294,1322,1478,1479,1484,1529,1567,1587,1676,2239,2240,2241,2242,2305,2394,2628,2678,2679,2774,2775,2778,3263,3447,3627,3721,3740,3741,3753,4093,4405,4567,4765,5739,
475;1;11689;11783;0;19,24,26,38,95,97,137,139,144,145,179,180,188,225,231,245,262,273,276,277,288,291,321,337,351,382,395,404,429,434,528,529,736,765,849,855,872,875,912,948,1142,1170,1266,1268,1270,1288,1293,1294,1322,1478,1479,1484,1529,1567,1587,1676,2239,2240,2241,2242,2305,2394,2628,2678,2679,2774,2775,2778,3263,3447,3627,3721,3740,3741,3753,4093,4405,4567,4765,5739,
487;0;11783;11879;0;19,24,26,38,95,97,137,139,144,145,179,180,182,225,231,245,262,273,276,277,288,291,301,321,322,351,382,391,395,404,429,434,647,775,849,854,855,872,912,948,1118,1142,1146,1163,1170,1236,1268,1270,1293,1322,1478,1479,1484,1567,1587,1675,1676,2223,2240,2394,2628,2678,2679,2774,2775,2816,2892,2910,3263,3447,3721,3753,4093,4094,4405,4821,5155,5432,5706,5739,
487;1;11879;12043;0;19,24,26,38,95,97,137,139,144,145,179,180,182,225,231,245,262,273,276,277,288,291,301,321,322,351,382,391,395,404,429,434,647,775,849,854,855,872,912,948,1118,1142,1146,1163,1170,1236,1268,1270,1293,1322,1478,1479,1484,1567,1587,1675,1676,2223,2240,2394,2628,2678,2679,2774,2775,2816,2892,2910,3263,3447,3721,3753,4093,4094,4405,4821,5155,5432,5706,5739,
560;0;12043;12158;0;19,24,26,27,38,60,95,97,137,139,144,145,179,180,182,225,231,245,262,273,276,277,288,291,301,321,351,382,391,395,404,429,434,501,515,647,775,849,854,855,872,912,948,1118,1142,1146,1170,1236,1268,1270,1277,1293,1322,1478,1479,1484,1567,1587,1675,1676,2223,2240,2628,2678,2679,2774,2775,2892,2910,3080,3263,3447,3515,3721,3753,4093,4405,5432,5706,7994,
560;1;12158;12301;0;19,24,26,27,38,60,95,97,137,139,144,145,179,180,182,225,231,245,262,273,276,277,288,291,301,321,351,382,391,395,404,429,434,501,515,647,775,849,854,855,872,912,948,1118,1142,1146,1170,1236,1268,1270,1277,1293,1322,1478,1479,1484,1567,1587,1675,1676,2223,2240,2628,2678,2679,2774,2775,2892,2910,3080,3263,3447,3515,3721,3753,4093,4405,5432,5706,7994,
END
fineshedJobsCount: 184
switchs: 1330
switchsInstances: 108
unfineshedPriorityCount: 657
finalSolution: -16600
totalUnfineshed: 816
Time: 442
