./input/MyInstancesDiferentToolSets/n=228,p=0.50,r=0.6,t=364,v0.csv;./input/Processed/ToolSetInt.csv
6;720;1440
Machine: 0
62;0;0;66;1;17,61,68,86,95,165,202,206,208,247,251,292,297,314,393,412,415,474,528,533,655,677,734,794,899,979,987,1050,1051,1145,1268,1269,1273,1378,1423,1668,1707,1725,1726,1727,1728,1729,1730,1731,1732,1733,1935,1940,1992,2018,2221,2413,2489,2490,2937,2941,3070,3263,3345,3739,4308,4309,4608,4609,4982,6145,7886,7887,7888,7953,7954,8229,8275,8277,8285,8286,8496,8497,8589,8592,
54;0;66;100;1;17,61,68,86,95,165,202,206,208,247,251,292,297,314,393,412,415,474,528,533,655,677,734,794,899,979,987,1050,1051,1145,1268,1269,1273,1378,1423,1668,1707,1725,1726,1727,1728,1729,1730,1731,1732,1733,1935,1940,1992,2018,2221,2413,2489,2490,2937,2941,3070,3263,3345,3739,4308,4309,4608,4609,4982,6145,7886,7887,7888,7953,7954,8229,8275,8277,8285,8286,8496,8497,8589,8592,
187;0;100;144;1;17,61,68,86,95,165,202,206,208,247,251,292,297,314,393,412,415,474,528,533,655,677,734,794,899,979,987,1050,1051,1145,1268,1269,1273,1378,1423,1668,1707,1725,1726,1727,1728,1729,1730,1731,1732,1733,1935,1940,1992,2018,2221,2413,2489,2490,2937,2941,3070,3263,3345,3739,4308,4309,4608,4609,4982,6145,7886,7887,7888,7953,7954,8229,8275,8277,8285,8286,8496,8497,8589,8592,
38;0;144;199;1;17,61,68,86,95,165,202,206,208,247,251,292,297,314,393,412,415,474,528,533,655,677,734,794,899,979,987,1050,1051,1145,1268,1269,1273,1378,1423,1668,1707,1725,1726,1727,1728,1729,1730,1731,1732,1733,1935,1940,1992,2018,2221,2413,2489,2490,2937,2941,3070,3263,3345,3739,4308,4309,4608,4609,4982,6145,7886,7887,7888,7953,7954,8229,8275,8277,8285,8286,8496,8497,8589,8592,
222;0;199;233;1;17,61,68,86,95,165,202,206,208,247,251,292,297,314,393,412,415,474,528,533,655,677,734,794,899,979,987,1050,1051,1145,1268,1269,1273,1378,1423,1668,1707,1725,1726,1727,1728,1729,1730,1731,1732,1733,1935,1940,1992,2018,2221,2413,2489,2490,2937,2941,3070,3263,3345,3739,4308,4309,4608,4609,4982,6145,7886,7887,7888,7953,7954,8229,8275,8277,8285,8286,8496,8497,8589,8592,
183;0;233;367;1;17,61,68,86,95,165,202,206,208,247,251,292,297,314,393,412,415,474,528,533,655,677,734,794,899,979,987,1050,1051,1145,1268,1269,1273,1378,1423,1668,1707,1725,1726,1727,1728,1729,1730,1731,1732,1733,1935,1940,1992,2018,2221,2413,2489,2490,2937,2941,3070,3263,3345,3739,4308,4309,4608,4609,4982,6145,7886,7887,7888,7953,7954,8229,8275,8277,8285,8286,8496,8497,8589,8592,
60;0;367;423;1;17,61,68,86,95,165,202,206,208,247,251,292,297,314,393,412,415,474,528,533,655,677,734,794,899,979,987,1050,1051,1145,1268,1269,1273,1378,1423,1668,1707,1725,1726,1727,1728,1729,1730,1731,1732,1733,1935,1940,1992,2018,2221,2413,2489,2490,2937,2941,3070,3263,3345,3739,4308,4309,4608,4609,4982,6145,7886,7887,7888,7953,7954,8229,8275,8277,8285,8286,8496,8497,8589,8592,
42;0;423;452;1;17,61,68,86,95,165,202,206,208,247,251,292,297,314,393,412,415,474,528,533,655,677,734,794,899,979,987,1050,1051,1145,1268,1269,1273,1378,1423,1668,1707,1725,1726,1727,1728,1729,1730,1731,1732,1733,1935,1940,1992,2018,2221,2413,2489,2490,2937,2941,3070,3263,3345,3739,4308,4309,4608,4609,4982,6145,7886,7887,7888,7953,7954,8229,8275,8277,8285,8286,8496,8497,8589,8592,
191;0;452;622;1;17,61,68,86,95,165,202,206,208,247,251,292,297,314,393,412,415,474,528,533,655,677,734,794,899,979,987,1050,1051,1145,1268,1269,1273,1378,1423,1668,1707,1725,1726,1727,1728,1729,1730,1731,1732,1733,1935,1940,1992,2018,2221,2413,2489,2490,2937,2941,3070,3263,3345,3739,4308,4309,4608,4609,4982,6145,7886,7887,7888,7953,7954,8229,8275,8277,8285,8286,8496,8497,8589,8592,
32;0;622;639;1;17,61,68,86,95,165,202,206,208,247,251,292,297,314,393,412,415,474,528,533,655,677,734,794,899,979,987,1050,1051,1145,1268,1269,1273,1378,1423,1668,1707,1725,1726,1727,1728,1729,1730,1731,1732,1733,1935,1940,1992,2018,2221,2413,2489,2490,2937,2941,3070,3263,3345,3739,4308,4309,4608,4609,4982,6145,7886,7887,7888,7953,7954,8229,8275,8277,8285,8286,8496,8497,8589,8592,
44;0;639;655;1;17,61,68,86,95,165,202,206,208,247,251,292,297,314,393,412,415,474,528,533,655,677,734,794,899,979,987,1050,1051,1145,1268,1269,1273,1378,1423,1668,1707,1725,1726,1727,1728,1729,1730,1731,1732,1733,1935,1940,1992,2018,2221,2413,2489,2490,2937,2941,3070,3263,3345,3739,4308,4309,4608,4609,4982,6145,7886,7887,7888,7953,7954,8229,8275,8277,8285,8286,8496,8497,8589,8592,
46;0;655;709;1;17,61,68,86,95,165,202,206,208,247,251,292,297,314,393,412,415,474,528,533,655,677,734,794,899,979,987,1050,1051,1145,1268,1269,1273,1378,1423,1668,1707,1725,1726,1727,1728,1729,1730,1731,1732,1733,1935,1940,1992,2018,2221,2413,2489,2490,2937,2941,3070,3263,3345,3739,4308,4309,4608,4609,4982,6145,7886,7887,7888,7953,7954,8229,8275,8277,8285,8286,8496,8497,8589,8592,
23;0;709;873;1;17,27,61,68,86,95,152,165,202,206,208,247,251,292,297,314,363,393,412,415,474,499,503,528,533,655,677,734,794,899,979,987,1050,1051,1145,1244,1268,1269,1273,1378,1423,1668,1707,1725,1726,1727,1728,1729,1730,1731,1732,1733,1935,1940,1999,2018,2221,2413,2941,3263,3345,3361,3605,3774,3899,3900,3901,3902,3903,3904,3905,3906,3907,3908,3909,3910,3911,6145,7886,8285,
45;0;1440;1504;1;17,27,61,68,86,95,152,165,202,206,208,225,247,251,292,297,314,363,393,412,415,474,499,503,528,533,655,677,734,794,899,979,987,1050,1051,1117,1145,1165,1244,1268,1269,1273,1363,1378,1423,1478,1668,1707,1725,1726,1727,1728,1729,1730,1732,1935,1940,1944,1999,2018,2221,2386,2413,2941,3263,3345,3361,3605,3634,3774,3907,5725,6145,7470,7471,7472,7473,7474,7886,8285,
59;0;1504;1656;1;17,27,61,68,86,95,152,165,202,206,208,225,247,251,292,297,314,363,393,412,415,474,499,503,528,533,655,677,734,794,899,979,987,1050,1051,1117,1145,1165,1244,1268,1269,1273,1277,1278,1282,1288,1292,1293,1322,1363,1378,1423,1478,1668,1707,1725,1726,1727,1728,1729,1730,1732,1935,1940,1944,1999,2018,2101,2221,2413,2941,3263,3345,3361,3605,3774,3907,6145,7886,8285,
181;0;1656;1716;1;17,27,61,68,86,95,137,144,152,165,202,206,208,225,247,251,292,297,314,363,393,412,415,474,499,503,528,533,655,677,734,794,899,904,979,987,1050,1051,1093,1117,1145,1165,1236,1244,1268,1269,1273,1277,1278,1282,1288,1292,1293,1322,1359,1361,1378,1423,1478,1668,1732,1935,1940,1944,1999,2018,2221,2413,2941,3263,3345,3361,3605,3774,3907,5225,6039,6145,7886,8285,
10;0;1716;1782;1;17,24,27,49,61,68,86,95,137,144,152,202,206,208,225,247,251,292,297,314,363,393,412,415,516,528,529,655,677,734,899,904,979,987,1013,1050,1051,1091,1093,1117,1145,1165,1236,1268,1269,1273,1277,1278,1288,1292,1293,1322,1329,1359,1361,1378,1423,1478,1668,1732,1935,1940,1944,1999,2018,2221,2407,2413,2941,3263,3345,3361,3605,3774,3907,4647,6145,6385,7886,8285,
61;0;1782;1888;1;24,26,27,61,95,137,144,152,202,206,208,225,247,251,292,297,314,393,412,415,516,528,529,634,655,677,734,904,979,987,1013,1050,1051,1093,1117,1145,1236,1267,1268,1269,1273,1277,1278,1287,1288,1292,1293,1294,1295,1322,1359,1361,1378,1423,1478,1668,1732,1778,1783,1784,1935,1944,2018,2241,2264,2413,2485,2941,3263,3345,3361,3605,3700,4620,5105,5122,5123,6145,7886,8285,
167;0;1888;2043;1;24,26,27,61,95,137,144,152,202,206,208,225,247,251,292,297,314,393,412,415,516,528,529,634,655,677,734,904,979,987,1013,1050,1051,1093,1117,1145,1236,1267,1268,1269,1273,1277,1278,1287,1288,1292,1293,1294,1295,1322,1359,1361,1378,1423,1478,1668,1732,1778,1783,1784,1935,1944,2018,2241,2264,2413,2485,2941,3263,3345,3361,3472,3473,3605,5952,6042,6043,6145,7886,8285,
47;0;2043;2082;1;24,26,27,61,95,137,144,152,202,206,208,225,247,251,292,314,393,412,415,516,528,529,655,658,677,979,987,1013,1051,1093,1117,1145,1236,1268,1269,1277,1278,1279,1287,1288,1292,1293,1294,1295,1322,1359,1361,1378,1423,1478,1587,1591,1592,1668,1732,1783,1785,1795,1935,1944,2018,2413,2941,3263,3345,3361,3605,3704,3788,3879,4324,4325,4326,4327,4328,4329,4330,6145,7886,8285,
35;0;2082;2158;1;24,26,27,61,95,137,144,152,178,202,206,208,225,247,251,292,314,393,396,412,415,516,528,529,655,658,677,979,987,1013,1051,1093,1117,1145,1146,1236,1268,1269,1277,1278,1279,1287,1288,1292,1293,1294,1295,1322,1359,1361,1378,1423,1478,1587,1591,1592,1668,1732,1783,1785,1795,1935,1941,1942,1944,1945,2018,2413,2941,3263,3345,3361,3605,3704,3788,3879,4324,6145,7886,8285,
68;0;2158;2269;1;24,26,27,61,95,137,144,152,178,202,206,208,225,247,251,255,292,314,393,396,412,415,516,528,529,655,658,677,979,987,1013,1051,1093,1117,1145,1146,1236,1268,1269,1277,1278,1279,1286,1287,1288,1291,1292,1293,1294,1295,1322,1359,1361,1378,1423,1478,1587,1591,1592,1668,1732,1783,1785,1795,1935,1941,1944,2018,2413,2419,2941,3263,3345,3361,3605,5316,6145,7035,7886,8285,
2;0;2880;2949;1;24,26,27,61,95,137,144,202,206,225,247,292,314,393,396,412,516,528,655,677,979,987,1013,1051,1093,1117,1146,1236,1268,1269,1277,1278,1279,1287,1288,1291,1292,1293,1294,1295,1322,1359,1361,1378,1423,1478,1587,1668,1732,1944,2413,2419,2807,2941,3263,3345,3361,5029,5316,6145,6296,7035,7294,7886,8165,8166,8285,8320,8391,8407,8428,8730,9000,9001,9002,9003,9004,9005,9006,9007,
46;1;2949;3026;1;24,26,27,61,95,137,144,202,206,225,247,292,314,354,355,356,357,393,396,412,516,528,655,677,979,987,1013,1051,1093,1117,1146,1236,1268,1269,1277,1278,1279,1287,1288,1291,1292,1293,1294,1295,1322,1359,1361,1378,1423,1478,1587,1668,1732,1944,2413,2419,2807,2941,3263,3345,3361,5029,5316,6145,6296,7035,7294,7886,8165,8166,8285,8320,8391,8407,8428,8730,9000,9001,9002,9003,
61;1;3026;3070;1;24,26,27,61,95,137,144,202,206,225,247,248,292,314,354,355,356,357,393,396,412,516,528,655,677,754,979,987,1013,1051,1093,1117,1146,1236,1268,1269,1277,1278,1279,1287,1288,1291,1292,1293,1294,1295,1322,1359,1361,1378,1423,1478,1587,1668,1732,1777,1944,2408,2409,2413,2419,2807,2941,3263,3345,3361,5029,5316,6145,6296,6957,7035,7060,7061,7294,7886,8165,8166,8285,8391,
190;0;3070;3213;1;24,26,27,61,95,137,144,202,206,225,231,247,248,292,314,351,354,393,396,412,429,516,528,655,677,754,979,987,1013,1051,1093,1117,1146,1236,1268,1269,1277,1278,1279,1287,1288,1291,1293,1294,1295,1322,1359,1361,1378,1423,1478,1587,1668,1732,1944,2409,2413,2419,2774,2777,2778,2802,2807,2812,2941,3263,3345,3361,4600,4605,4606,5025,5316,6145,7060,7886,8285,8391,9046,9047,
68;1;3213;3370;1;24,26,27,61,95,137,144,202,206,225,231,247,248,292,314,351,393,396,412,429,516,528,655,677,754,979,987,1013,1051,1093,1117,1146,1236,1268,1269,1277,1278,1279,1287,1288,1291,1293,1294,1295,1322,1359,1361,1378,1423,1478,1587,1668,1732,1944,2150,2172,2239,2240,2409,2413,2419,2774,2777,2778,2861,2873,2941,3263,3345,3361,3720,3721,3753,4605,4606,5316,6145,7886,8285,8391,
6;0;3370;3421;1;24,26,27,61,95,137,144,202,206,225,231,247,248,292,314,351,393,396,412,429,516,528,640,655,677,754,838,979,987,1013,1036,1051,1093,1117,1146,1236,1268,1269,1277,1278,1279,1287,1288,1293,1294,1295,1322,1359,1361,1376,1378,1423,1478,1587,1668,1732,1944,2409,2413,2530,2774,2777,2778,2941,3263,3345,3361,3630,4430,4545,4605,4606,5316,6129,6145,7408,7886,8059,8285,8391,
25;0;3421;3510;1;24,26,27,61,95,137,144,202,225,231,247,248,292,314,351,429,528,640,655,754,979,1013,1093,1117,1146,1236,1268,1269,1277,1278,1279,1287,1288,1293,1294,1295,1322,1361,1378,1478,1587,1668,1732,1944,2409,2941,3178,3180,3311,3345,3630,3663,3664,3665,3666,3667,3668,3669,3670,3671,3672,3673,3674,3675,3676,3677,3678,3679,3680,3681,3682,3683,3684,3685,3686,5316,6129,6145,7886,8391,
210;0;3510;3591;1;24,26,27,61,95,137,139,144,202,225,231,244,247,248,276,292,314,321,351,377,400,429,528,591,640,655,715,754,948,949,979,1013,1052,1093,1117,1146,1236,1268,1269,1277,1278,1279,1287,1288,1293,1294,1295,1322,1361,1378,1474,1478,1587,1668,1671,1732,1944,2409,2941,3178,3180,3284,3311,3345,3517,3630,3663,3664,3679,3684,3686,4804,4859,5316,6129,6130,6145,7683,7886,8391,
45;1;3591;3751;1;24,26,27,61,95,137,139,144,202,225,231,244,247,248,276,292,314,321,351,377,400,429,430,528,591,640,655,715,754,948,949,979,1013,1052,1093,1117,1146,1236,1268,1269,1277,1278,1279,1287,1288,1293,1294,1295,1322,1361,1378,1474,1478,1587,1668,1671,1732,1944,2409,2663,2941,3178,3284,3345,3630,3679,3684,3686,5316,6129,6130,6145,7296,7683,7886,8391,8396,8826,8827,8828,
42;1;4320;4388;1;24,26,27,61,95,137,139,144,202,225,231,244,247,248,276,292,295,314,321,351,400,429,430,528,607,640,655,715,754,948,979,1013,1093,1117,1118,1133,1134,1146,1236,1268,1269,1277,1278,1279,1287,1288,1293,1294,1295,1322,1361,1378,1474,1478,1587,1671,1732,1875,1916,1944,2053,2409,2941,3345,3630,3686,4553,4754,4996,5011,5316,5338,6145,7296,7683,7886,8391,8826,8827,8828,
11;0;4388;4525;1;24,26,27,61,95,137,139,144,202,225,231,244,247,248,276,292,295,314,321,351,400,429,430,528,569,640,655,715,754,948,979,1013,1093,1117,1118,1133,1134,1146,1236,1262,1268,1269,1277,1278,1279,1287,1288,1293,1294,1295,1322,1361,1378,1474,1478,1587,1671,1732,1875,1944,2053,2409,2829,2941,3345,3630,3686,4489,4553,4754,5262,5316,6145,7296,7683,7886,8391,8826,8827,8828,
39;0;4525;4554;1;24,26,27,61,95,137,139,144,202,225,231,244,247,248,276,292,295,314,321,351,400,429,430,528,569,640,655,715,754,948,979,1013,1093,1117,1118,1133,1134,1146,1236,1262,1268,1269,1277,1278,1279,1287,1288,1293,1294,1295,1322,1361,1378,1474,1478,1587,1671,1732,1875,1944,2053,2409,2829,2941,3345,3630,3686,4489,4553,4754,5316,6145,7296,7683,7886,8290,8391,8826,8827,8828,
148;0;4554;4678;1;24,26,61,139,144,202,225,244,247,248,292,351,400,429,430,528,655,715,948,979,1118,1134,1146,1236,1268,1269,1277,1278,1279,1293,1322,1378,1671,1732,1875,3686,5316,5951,5963,5968,5969,5976,5980,5987,5988,6007,6079,6360,6537,6538,6539,6541,6542,6549,6550,6552,6557,6559,6560,6741,6930,7132,7134,7286,7296,7683,8083,8084,8085,8086,8087,8088,8089,8090,8091,8092,8093,8826,8827,8828,
189;0;4678;4752;1;24,26,61,100,139,144,202,225,244,247,248,289,292,351,400,429,430,528,644,655,715,768,948,979,1118,1134,1146,1236,1268,1269,1277,1278,1279,1293,1322,1378,1671,1732,1768,1875,2636,2640,2654,2680,2699,2714,2733,2750,2756,3686,5195,5316,5951,5963,5968,5969,5976,5980,5987,5988,6007,6079,6360,6537,6538,6539,6541,6542,6549,6550,7296,7299,7308,7683,8432,8801,8825,8826,8827,8828,
151;0;4752;4756;1;24,26,38,61,100,139,144,185,189,202,225,244,247,248,289,292,351,400,429,430,491,528,644,655,715,768,871,872,873,874,948,972,979,1118,1134,1146,1236,1268,1269,1277,1278,1279,1293,1322,1378,1456,1671,1732,1768,1875,2636,2640,2654,2680,2699,2714,2733,2750,2756,3686,5195,5316,5951,5963,5968,5969,5976,5980,5987,5988,6007,6079,6360,6537,6538,6539,6541,7296,7299,7683,
186;0;4756;4930;1;24,26,61,74,117,139,144,150,185,186,189,202,225,247,248,292,351,400,429,430,454,460,528,578,655,867,872,948,979,1068,1118,1134,1146,1152,1226,1236,1268,1277,1278,1279,1293,1322,1378,1511,1562,1671,1718,1732,1875,2198,2276,2337,2845,2921,2936,3004,3082,3612,4074,5175,5266,5290,5316,5708,5927,6510,6568,6678,6776,7683,7826,7975,8060,8061,8062,8063,8064,8065,8066,8256,
2;1;4930;4957;1;24,26,61,74,117,139,144,150,185,186,189,202,225,247,248,292,351,400,429,430,454,460,528,578,655,867,872,948,979,1068,1118,1134,1146,1152,1226,1236,1268,1277,1278,1279,1293,1322,1378,1511,1562,1671,1718,1732,1875,2198,2276,2337,2845,2921,2936,3004,3082,3612,4074,5175,5266,5290,5316,5708,5927,6510,6568,6678,6776,7368,7683,7826,7975,8060,8061,8062,8063,8064,8065,8066,
152;0;4957;5094;1;24,26,61,74,117,139,144,150,185,186,189,202,225,247,248,292,351,400,429,430,454,460,528,578,655,867,872,948,979,1068,1118,1134,1146,1152,1226,1236,1268,1277,1278,1279,1293,1322,1378,1511,1562,1671,1718,1732,1875,2157,2178,2198,2232,2276,2337,2845,2847,2921,2936,3004,3082,3612,4074,5175,5266,5290,5316,5708,5927,5944,5945,5946,6510,6568,6678,6776,7368,7683,7826,7975,
213;0;5760;5907;1;2,24,26,61,74,117,139,144,150,185,186,189,202,225,247,248,292,351,400,429,430,454,460,528,578,655,867,872,948,979,1068,1118,1134,1146,1152,1226,1236,1268,1277,1278,1279,1293,1322,1378,1481,1511,1562,1671,1718,1732,1875,2157,2178,2198,2224,2232,2276,2337,2845,2847,2921,2936,3004,3082,3612,4074,5175,5182,5206,5266,5290,5316,5708,5927,5944,5945,5946,6510,6568,7683,
5;0;5907;5943;1;24,26,61,117,139,144,189,202,225,228,234,247,248,268,292,351,400,429,430,528,606,608,609,872,927,948,979,1068,1095,1118,1134,1146,1207,1236,1268,1277,1278,1279,1293,1322,1347,1378,1395,1406,1417,1481,1525,1671,1718,1732,1913,2094,2232,2337,2339,2531,2691,2715,3111,4031,4161,4425,4475,5067,5138,5140,5141,5144,5147,5149,5228,5316,5323,7683,8595,8596,8597,8598,8599,8600,
40;0;5943;5971;1;24,26,61,117,139,144,189,202,225,228,234,247,248,268,292,351,400,429,430,528,576,606,608,609,872,927,948,979,1068,1095,1118,1134,1146,1207,1236,1268,1277,1278,1279,1293,1322,1347,1378,1395,1406,1417,1481,1525,1671,1718,1732,1913,2094,2232,2337,2339,2531,2691,2715,3111,4031,4161,4425,4475,4664,5067,5138,5140,5141,5144,5147,5149,5228,5316,5323,7683,8595,8596,8597,8598,
5;1;5971;6026;1;24,26,61,117,139,144,189,202,225,228,234,247,248,268,292,351,400,429,430,528,576,606,608,609,872,927,948,979,1068,1095,1118,1134,1146,1207,1236,1268,1277,1278,1279,1293,1322,1347,1378,1395,1406,1417,1481,1525,1671,1718,1732,1913,2094,2232,2337,2339,2531,2691,2715,3111,3705,4031,4161,4280,4425,4475,4664,5067,5138,5140,5141,5144,5147,5316,7395,8076,8077,8078,8079,8081,
143;0;6026;6082;1;8,24,26,61,117,139,144,189,202,225,228,234,247,248,268,288,292,351,390,400,404,429,430,528,576,606,608,609,872,927,948,979,1068,1095,1118,1134,1146,1207,1236,1268,1277,1278,1279,1293,1322,1347,1378,1395,1406,1417,1473,1481,1525,1671,1718,1732,1757,1809,1913,2094,2232,2337,2339,2531,2691,2715,3111,3705,4031,4161,4280,4425,4475,4664,5316,8076,8077,8078,8079,8081,
218;0;6082;6171;1;8,24,26,61,117,139,144,189,202,225,228,234,247,248,268,288,292,351,390,400,404,429,430,528,576,606,608,609,872,927,948,979,1068,1095,1118,1134,1146,1207,1236,1264,1268,1270,1277,1278,1279,1293,1322,1347,1378,1395,1406,1417,1473,1481,1512,1525,1671,1710,1718,1732,1757,1809,1913,2094,2232,2337,2339,2531,2611,2691,3111,4280,4425,5316,5334,8076,8077,8078,8079,8081,
0;0;6171;6175;1;8,24,26,61,117,139,144,189,202,225,228,234,247,248,268,288,292,351,390,400,404,429,430,528,576,606,608,609,872,927,948,979,1068,1095,1118,1134,1146,1207,1236,1264,1268,1270,1277,1278,1279,1293,1322,1347,1378,1395,1406,1417,1473,1481,1512,1525,1671,1710,1718,1732,1757,1809,1913,2094,2232,2337,2339,2531,2611,3111,4280,4425,8076,8077,8078,8079,8081,8511,8512,8513,
37;0;6175;6258;1;8,24,26,61,117,139,144,189,202,225,228,234,247,248,268,275,288,292,351,390,391,400,404,429,430,528,576,606,608,609,775,872,927,948,979,1068,1095,1118,1134,1146,1207,1236,1264,1268,1270,1277,1278,1279,1293,1322,1347,1378,1395,1406,1473,1481,1671,1718,1732,1757,1809,1913,1973,2094,2232,2337,2531,2951,3111,4094,4280,4425,5155,5739,6457,8076,8077,8078,8079,8081,
53;0;6258;6262;1;8,24,26,61,117,139,144,189,202,225,228,234,247,248,268,275,288,292,351,390,391,400,404,429,430,528,576,606,608,609,775,872,927,948,979,1068,1095,1118,1134,1146,1207,1236,1264,1268,1270,1277,1278,1279,1293,1322,1347,1378,1395,1406,1473,1481,1671,1718,1732,1757,1809,1913,1973,2094,2232,2337,2531,2951,3111,3590,4094,4280,4425,4888,5155,8076,8077,8078,8079,8081,
69;0;6262;6313;1;24,26,117,138,144,145,148,225,226,228,229,230,234,241,244,267,268,272,273,275,285,286,287,288,290,291,292,351,379,382,404,429,430,528,609,815,827,1075,1118,1236,1268,1270,1293,1309,1322,1395,1447,1502,1671,1718,1732,1914,1973,2091,2246,2337,2378,2391,2436,2674,3016,3099,3100,3101,3102,3103,3104,3105,3106,3107,3108,3109,3110,3111,3112,3113,3114,3115,3116,3117,
162;0;6313;6422;1;24,26,100,117,138,144,145,148,225,226,228,229,230,234,241,244,267,268,272,273,275,285,286,287,288,290,291,292,351,379,382,404,429,430,528,609,694,773,815,827,835,849,855,1075,1118,1236,1268,1270,1293,1309,1322,1395,1447,1453,1502,1529,1665,1671,1674,1680,1718,1732,1752,1914,1973,2091,2246,2337,2378,2391,2436,2441,2626,2640,2653,2674,2692,3099,3513,3514,
53;1;6422;6442;1;24,26,100,117,128,138,144,145,148,225,226,228,229,230,234,241,244,267,268,272,273,275,285,286,287,288,290,291,292,351,379,382,404,429,430,528,609,694,773,815,827,835,849,855,1075,1118,1138,1236,1268,1269,1270,1272,1287,1288,1293,1294,1295,1322,1447,1453,1502,1529,1671,1674,1680,1718,1752,1781,1914,1973,2091,2261,2262,2626,2653,2692,2868,3099,3837,4260,
168;0;6442;6589;1;24,26,100,117,128,138,144,145,148,225,226,228,229,230,234,241,244,267,268,272,273,275,285,286,287,288,290,291,292,351,379,382,404,429,430,528,609,694,773,815,827,835,849,855,1075,1118,1138,1236,1268,1269,1270,1272,1287,1288,1293,1294,1295,1322,1405,1447,1453,1502,1529,1671,1674,1680,1718,1752,1781,1914,1973,2091,2261,2262,2626,2653,2692,2868,3099,3712,
35;1;7200;7312;1;24,26,100,117,128,138,144,145,148,225,226,228,229,230,234,241,244,267,268,272,273,275,285,286,287,288,290,291,292,351,379,382,404,429,430,528,609,694,773,815,827,835,849,855,1075,1118,1236,1268,1269,1270,1272,1287,1288,1293,1294,1295,1322,1447,1453,1502,1529,1671,1674,1680,1718,1752,1781,1914,1973,2091,2626,2653,2692,3099,3606,3703,3712,4952,5606,5607,
178;0;7312;7490;1;24,26,100,117,128,138,144,145,148,225,226,228,229,234,240,241,243,245,268,272,273,286,287,288,290,291,292,351,379,382,404,429,430,528,694,773,815,827,835,849,855,1094,1096,1097,1099,1118,1236,1268,1269,1270,1287,1293,1294,1295,1322,1390,1447,1453,1472,1502,1529,1671,1674,1680,1718,1752,1781,1914,1973,2091,2103,2626,2653,2692,3099,3606,3703,3712,4881,4882,
21;0;7490;7620;0;15,24,26,54,60,100,117,128,138,144,145,148,225,226,234,240,241,245,268,272,273,286,287,288,290,291,292,351,379,382,404,429,430,528,694,773,835,849,855,871,1118,1236,1268,1269,1270,1287,1293,1294,1295,1322,1390,1447,1453,1472,1502,1529,1587,1671,1674,1680,1781,1914,1973,2062,2063,2091,2626,2653,2692,3345,3346,3606,3703,3712,4313,4314,4315,4316,4317,4318,
19;0;7620;7693;1;15,24,26,27,54,60,100,144,145,148,225,234,240,241,245,268,272,273,286,287,288,290,291,292,351,379,382,429,528,619,694,778,855,871,1118,1236,1268,1269,1280,1287,1290,1293,1295,1322,1447,1472,1502,1529,1671,1781,1782,1787,2062,2063,2263,2409,2626,2692,3026,3060,3345,3346,4112,4122,4123,4124,4125,4126,4127,4128,4129,4130,4131,4132,4313,4314,4315,4316,4317,4318,
192;0;7693;7831;1;15,24,26,27,54,60,100,144,145,148,225,234,240,241,245,268,272,273,286,287,288,290,291,292,351,379,382,429,528,619,692,694,778,855,871,1118,1201,1236,1268,1269,1280,1287,1290,1293,1295,1322,1447,1472,1502,1529,1671,1781,1782,1787,2062,2063,2263,2409,2626,2627,2657,2692,2986,3060,3345,3346,4112,4122,4130,4313,4314,4315,4316,4317,4318,4376,5402,5484,5485,6235,
38;1;7831;7974;1;15,24,26,27,54,60,100,144,145,148,225,234,240,241,245,268,272,273,286,287,288,290,291,292,351,379,382,429,528,619,692,694,778,855,871,1118,1201,1236,1268,1269,1280,1287,1290,1293,1295,1322,1447,1472,1502,1529,1671,1781,1782,1787,2062,2063,2263,2409,2626,2627,2657,2692,2986,3060,3345,3346,4112,4122,4130,4313,4314,4315,4316,4317,4318,4376,5402,5484,5485,7899,
Machine: 1
25;1;0;147;1;3,15,24,27,54,60,137,139,144,145,225,234,240,241,268,276,288,291,292,321,351,382,429,647,769,854,855,871,911,912,1093,1118,1236,1268,1293,1472,1481,1488,1502,1671,1809,2062,2063,2492,2532,2627,2695,2783,3060,3345,3346,4313,4314,4315,4316,4317,4318,4552,4632,4650,5259,5698,5700,7711,7712,7713,7714,7715,7716,7717,7718,7719,7720,7721,7722,7723,7724,7725,7726,7727,
23;1;147;216;1;3,15,24,27,54,60,137,139,144,145,225,234,240,241,262,268,276,277,288,291,292,321,351,382,391,400,429,640,647,648,769,854,855,871,911,912,1093,1118,1233,1236,1268,1293,1472,1478,1481,1488,1502,1671,1803,1809,2062,2063,2492,2532,2627,2695,2783,3060,3278,3345,3346,4313,4314,4315,4316,4317,4318,4552,4632,4650,5259,5698,5700,6342,7711,7712,7713,7714,7720,7721,
224;0;216;365;1;3,15,24,27,54,60,137,139,144,145,149,225,231,234,240,241,262,268,276,277,288,291,292,314,321,351,382,391,400,429,640,647,648,769,854,855,871,911,912,1093,1118,1163,1233,1236,1268,1293,1472,1478,1481,1488,1502,1670,1671,1803,1809,2062,2063,2223,2492,2532,2627,2695,2783,3060,3278,3345,3346,4313,4314,4315,4316,4317,4318,4552,4632,5259,6342,7712,7720,7721,
55;0;365;463;1;3,15,24,27,54,60,137,139,144,145,149,225,231,234,240,241,254,262,268,276,277,288,291,292,314,321,351,382,391,400,429,640,647,648,769,854,855,871,912,1093,1118,1233,1236,1268,1293,1426,1472,1478,1481,1502,1670,1671,1809,1930,2062,2063,2223,2492,2627,2695,3060,3126,3278,3345,3346,4225,4313,4314,4315,4316,4317,4318,4552,5259,6342,6757,7712,7720,7721,7891,
41;0;463;583;1;3,15,24,27,54,60,95,137,139,142,144,145,149,225,231,234,240,241,262,268,276,277,288,291,292,293,314,321,351,382,390,391,398,400,429,640,644,647,648,769,772,854,855,871,912,1093,1118,1233,1236,1268,1293,1468,1472,1478,1481,1502,1670,1671,1809,1813,2062,2063,2223,2492,2627,2695,3060,3345,3346,4313,4314,4315,4316,4317,4318,4552,5259,5594,6342,7712,
206;0;583;624;1;3,15,24,27,54,60,95,137,139,142,144,145,149,225,231,234,240,241,262,268,276,277,288,291,292,293,314,321,351,382,390,391,398,400,429,640,644,647,648,769,772,854,855,871,912,1093,1118,1233,1236,1268,1293,1468,1472,1478,1481,1502,1670,1671,1809,1813,2062,2063,2223,2492,2627,2695,3060,3345,3346,4313,4314,4315,4316,4317,4318,4552,5259,5594,6342,7712,
16;0;624;654;1;3,15,24,27,54,60,95,137,139,142,144,145,149,225,231,234,240,241,262,268,276,277,288,291,292,293,314,321,351,382,390,391,398,400,429,640,644,647,648,769,772,854,855,871,912,995,1093,1118,1233,1236,1268,1293,1432,1468,1472,1478,1481,1502,1670,1671,1809,1813,2062,2063,2223,2492,2627,2695,3060,3345,3346,4313,4314,4315,4316,4317,4552,5259,6342,7712,
6;1;654;788;1;3,15,24,27,54,60,95,137,139,142,144,145,149,225,231,234,240,241,262,268,276,277,288,291,292,293,314,321,351,382,390,391,398,400,429,640,644,647,648,769,772,854,855,871,912,948,995,1093,1118,1233,1236,1268,1293,1432,1468,1472,1478,1481,1502,1670,1671,1809,1813,1816,2062,2063,2223,2492,2627,2695,3060,3345,3346,4313,4314,4315,4552,5259,6342,7712,
207;0;1440;1619;1;3,24,27,54,95,130,137,139,142,144,145,149,225,231,234,240,241,262,268,276,277,288,291,292,293,314,321,351,382,390,391,398,400,429,640,644,647,648,769,772,855,871,948,995,1093,1118,1233,1236,1268,1293,1472,1478,1481,1502,1671,1809,1813,2492,2627,2695,3060,5259,6342,7692,7693,7694,7695,7696,7697,7698,7699,7700,7701,7702,7703,7704,7705,7706,7707,7708,
160;0;1619;1782;1;3,24,27,95,137,139,142,144,145,149,225,231,234,240,241,262,268,276,277,288,291,292,293,314,321,329,351,382,390,391,398,400,429,640,644,647,648,769,772,891,948,995,1118,1233,1236,1268,1293,1472,1478,1480,1481,1502,1671,1809,1811,1813,1814,1944,2132,2492,2496,2627,2695,2824,3060,3391,3580,4658,5259,5377,5648,5654,5655,5656,5657,5658,5659,5660,5661,6342,
209;0;1782;1818;1;3,24,27,95,137,139,142,144,145,149,225,231,234,240,241,262,268,276,277,288,291,292,293,314,321,329,351,382,390,391,398,400,429,640,644,647,648,769,772,787,790,891,948,995,1118,1233,1236,1268,1293,1472,1478,1480,1481,1502,1589,1671,1809,1811,1813,1814,1944,1980,2036,2132,2567,2627,2695,2824,3060,4003,4103,4114,4167,4168,4169,4170,4171,4172,5259,6342,
19;1;1818;1990;1;3,24,27,48,95,137,139,142,144,145,149,225,231,234,240,241,262,268,276,277,288,291,292,293,314,321,329,351,382,390,391,398,400,429,640,644,647,648,769,772,787,790,891,948,973,995,1013,1047,1118,1233,1236,1261,1268,1293,1472,1478,1480,1481,1502,1589,1650,1671,1809,1811,1813,1814,1944,1980,2036,2132,2270,2627,2695,2824,3060,5259,5278,5279,5280,6342,
184;0;1990;2034;1;3,24,27,48,95,137,139,142,144,145,149,225,231,234,240,241,262,268,276,277,288,291,292,293,314,321,329,351,382,390,391,398,400,429,581,640,644,647,648,769,772,787,790,891,948,973,995,1013,1047,1118,1233,1236,1261,1268,1293,1472,1478,1480,1481,1502,1589,1650,1671,1779,1809,1811,1813,1814,1944,2273,2286,2627,2695,2824,3060,3384,4993,5259,5672,6342,
15;0;2034;2111;1;3,24,27,48,95,137,139,142,144,145,149,225,231,234,240,241,262,268,276,277,288,291,292,293,314,321,329,351,382,390,391,398,400,429,581,640,644,647,648,769,772,787,790,891,948,1118,1233,1236,1268,1293,1400,1401,1472,1478,1481,1502,1505,1671,1762,1779,1809,1811,1813,1814,1821,1944,2273,2286,2454,2455,2456,2457,2458,2627,2695,2824,3060,3384,5259,6342,
55;1;2111;2156;1;3,24,27,95,137,139,142,144,145,149,225,231,234,241,262,268,276,277,288,291,293,314,321,329,351,390,391,398,400,429,640,644,648,769,772,948,1118,1147,1233,1236,1268,1293,1348,1401,1472,1478,1481,1502,1528,1779,1809,1814,2273,2286,2589,2627,2695,2779,2808,2824,3060,3745,5259,5531,5532,6342,7318,7460,7816,7886,8391,8583,8978,8979,8980,8981,8982,8983,8984,8985,
13;0;2156;2274;1;3,24,27,95,97,137,139,142,144,145,149,225,231,234,241,262,268,276,277,288,291,293,314,321,329,351,390,391,398,400,429,640,644,648,769,772,948,1118,1147,1233,1236,1268,1293,1348,1401,1472,1474,1478,1481,1502,1528,1779,1809,1814,2273,2286,2355,2589,2627,2695,2779,2808,2824,3060,3745,5259,5531,5532,5619,6174,6342,7318,7460,7816,7886,8391,8583,8978,8979,8980,
219;0;2880;2931;1;3,24,27,95,97,137,139,142,144,145,149,175,225,231,234,241,262,268,276,277,288,291,293,314,321,329,351,390,391,398,400,429,640,644,648,754,769,772,948,1118,1147,1233,1236,1268,1279,1293,1348,1401,1472,1474,1478,1481,1502,1528,1779,1809,1814,2174,2230,2273,2286,2355,2478,2589,2627,2695,2779,2808,2824,3060,3598,3745,5259,5531,5532,5619,6174,6342,7318,8391,
227;0;2931;3030;1;3,24,27,95,97,137,139,142,144,145,149,175,225,231,234,241,262,268,276,277,288,291,293,314,321,329,351,390,391,398,400,429,640,644,648,754,769,772,948,1118,1147,1233,1236,1268,1279,1293,1348,1401,1472,1474,1478,1481,1502,1528,1779,1809,1814,2174,2230,2273,2286,2355,2478,2589,2627,2695,2779,2808,2824,3060,3598,3745,5259,5531,5532,5619,6174,6342,7362,8391,
60;1;3030;3107;1;3,24,27,95,97,137,139,142,144,145,149,175,225,231,234,241,247,262,268,276,277,288,291,293,314,321,329,351,366,390,391,398,400,429,457,640,644,648,728,754,769,772,948,1118,1147,1233,1236,1268,1275,1279,1293,1401,1472,1474,1478,1481,1502,1779,1809,1814,2174,2190,2220,2232,2273,2286,2355,2627,2695,2824,2941,3060,3421,3422,3609,3831,3842,5259,6342,8391,
33;0;3107;3238;1;3,24,27,95,97,137,139,142,144,145,149,175,225,231,234,241,247,262,268,276,277,288,291,293,314,321,329,351,390,391,398,400,429,457,580,640,644,648,769,772,948,1118,1147,1233,1236,1275,1279,1293,1401,1472,1474,1478,1481,1502,1779,1809,1814,2174,2220,2232,2273,2286,2355,2627,2695,2824,2941,2969,3078,3395,3421,3726,3727,3728,3729,3730,3731,3732,5259,6342,
10;1;3238;3327;1;1,3,8,24,27,95,97,137,139,142,144,145,149,175,225,231,234,241,262,268,276,277,288,289,291,293,314,321,323,329,351,390,391,395,398,400,402,405,429,580,640,644,645,648,769,772,892,897,948,1056,1062,1118,1147,1229,1233,1236,1293,1397,1401,1472,1474,1478,1481,1502,1620,1681,1682,1683,1809,1814,2273,2286,2355,2627,2695,2824,2941,2969,5259,6342,
41;1;3327;3396;1;1,3,8,24,27,95,97,137,139,142,144,145,149,175,225,231,234,241,262,268,273,276,277,286,288,289,291,293,302,305,308,310,314,321,329,351,380,390,391,395,398,400,402,429,580,595,640,644,645,769,772,892,894,948,1056,1118,1131,1147,1233,1236,1293,1401,1430,1474,1478,1481,1502,1809,1814,1844,2273,2286,2355,2627,2695,2824,2941,2969,5259,6342,
198;0;3396;3448;1;3,8,24,27,91,95,97,98,137,139,142,144,145,149,225,231,234,241,262,268,273,276,277,286,288,289,291,293,302,305,310,314,321,329,337,340,351,390,391,395,398,400,402,429,580,583,640,644,645,765,769,772,858,948,1078,1118,1147,1233,1236,1293,1401,1430,1474,1478,1481,1809,1814,1844,1883,1884,1885,1886,2273,2286,2627,2695,2824,2941,5259,6342,
54;1;3448;3534;1;3,8,24,27,95,97,98,137,139,142,144,145,149,225,231,234,241,262,268,273,276,277,286,288,289,291,293,302,305,310,314,321,329,337,351,390,391,395,398,400,402,429,580,637,640,644,645,765,769,772,858,948,1118,1147,1233,1236,1293,1297,1401,1430,1474,1478,1481,1695,1809,1814,1884,2171,2263,2273,2286,2350,2351,2352,2627,2695,2824,2941,5259,6342,
185;0;3534;3675;1;3,8,24,27,95,97,98,137,139,142,144,145,149,225,231,233,234,241,262,268,273,276,277,286,288,289,291,293,302,305,310,314,321,329,337,351,390,391,395,398,400,402,429,580,637,640,644,645,765,769,772,858,948,1118,1147,1233,1236,1293,1297,1401,1430,1474,1478,1481,1484,1695,1809,1814,1884,2128,2171,2273,2286,2627,2695,2824,2941,4749,5259,6342,
34;0;4320;4388;0;3,8,24,95,97,137,139,143,144,145,146,149,225,231,234,241,262,268,273,276,277,286,288,289,291,293,302,305,310,314,321,329,337,351,390,391,395,398,400,402,429,640,644,645,765,769,772,858,948,1051,1118,1146,1147,1233,1236,1293,1401,1474,1478,1481,1484,1695,1809,1814,1884,2128,2286,2503,2627,2695,2824,2941,2988,3034,3035,4093,4501,4553,5259,6342,
201;0;4388;4415;1;3,8,24,95,97,137,139,143,144,145,146,149,225,231,234,241,262,268,273,276,277,286,288,289,291,302,305,310,314,321,337,351,390,391,395,400,429,640,644,645,765,769,772,858,948,1051,1118,1147,1233,1236,1474,1478,1481,1484,1695,1814,2128,2627,2695,4553,6342,6360,7137,7167,7168,7169,7170,7171,7172,7173,7174,7175,7176,7177,7178,7179,7180,7181,7182,7183,
69;1;4415;4554;1;3,8,24,95,97,137,139,143,144,145,146,149,206,225,231,234,241,262,268,273,276,277,286,288,289,291,302,305,310,314,321,337,351,390,391,395,400,429,491,502,516,640,644,645,765,769,772,858,948,991,1051,1118,1147,1233,1236,1474,1478,1481,1484,1580,1695,1814,2128,2512,2627,2695,3544,4553,6342,6360,7137,7167,7168,7169,7170,7171,7172,7173,7174,7175,
48;0;4554;4593;1;3,8,95,97,137,139,143,144,145,146,149,206,225,231,234,241,262,268,273,276,277,286,288,289,291,302,305,310,314,321,337,351,390,391,395,396,400,429,434,640,644,645,765,769,772,858,948,1051,1118,1134,1147,1233,1236,1474,1478,1481,1484,1814,1971,2128,2627,2658,2695,2729,2774,2778,4553,4567,4627,5411,5605,5748,5841,5853,5854,5855,5858,6158,6342,6360,
16;1;4593;4597;1;3,8,95,97,135,137,139,143,144,145,146,149,206,225,231,234,241,262,268,273,276,277,286,288,289,291,301,302,305,310,314,321,337,351,390,391,395,396,400,429,434,640,644,645,765,769,772,830,858,948,1051,1118,1134,1147,1233,1236,1360,1474,1478,1481,1484,1485,1814,1971,2128,2321,2371,2584,2627,2658,2695,2729,2774,2778,4033,4553,4567,4627,6342,6360,
13;1;4597;4653;1;3,8,95,97,135,137,139,143,144,145,146,149,206,225,231,234,241,262,268,273,276,277,286,288,289,291,301,302,305,310,314,321,337,351,390,391,395,396,400,429,434,640,644,645,765,769,772,830,858,948,1051,1118,1134,1147,1233,1236,1474,1478,1481,1484,1485,1814,2128,2371,2627,2695,2774,2778,4553,6360,6926,7284,7644,7648,8216,8219,8221,8225,8227,8228,
62;1;4653;4668;1;3,8,95,97,135,137,139,143,144,145,146,149,206,225,231,234,241,262,268,272,273,276,277,286,287,288,289,291,301,302,305,310,314,321,337,351,390,391,395,396,400,429,434,640,644,645,765,769,772,830,858,948,1051,1118,1134,1147,1233,1236,1474,1478,1481,1484,1485,1624,1740,1814,2128,2225,2371,2627,2695,2774,2778,3698,3793,4553,6360,6926,7033,7034,
15;1;4668;4720;1;3,8,95,97,137,139,143,144,145,146,149,206,225,231,234,241,262,268,272,273,276,277,287,288,289,291,301,302,304,305,310,314,321,337,351,377,379,390,391,395,396,397,400,429,434,640,644,645,765,769,772,858,948,1051,1057,1117,1118,1134,1147,1233,1236,1474,1478,1481,1484,1740,1812,1814,1920,2128,2225,2371,2536,2627,2774,2778,3293,4553,5457,6360,
50;0;4720;4788;0;3,8,95,97,137,139,143,144,145,146,149,206,225,231,241,262,268,273,276,277,288,289,291,301,302,305,310,314,321,337,351,377,379,390,391,395,396,397,400,429,640,644,645,765,769,772,814,858,948,1046,1051,1057,1117,1118,1134,1147,1233,1236,1442,1474,1478,1481,1484,1567,1740,1814,1920,2128,2225,2371,2627,2774,2778,3293,4553,6360,6418,6419,6578,8543,
33;1;4788;4951;1;3,4,7,8,95,137,139,143,144,145,146,148,149,206,225,231,235,241,262,273,276,277,288,289,291,301,302,305,310,314,321,337,351,377,390,391,393,395,396,397,400,429,640,644,645,765,769,772,814,858,948,1051,1052,1057,1117,1118,1147,1233,1236,1362,1442,1474,1478,1481,1567,1604,1801,1806,1814,2128,2225,2627,2774,2778,3293,3435,4553,6360,6418,6419,
40;1;4951;5013;1;3,8,95,137,139,143,144,145,146,149,177,206,225,231,241,262,273,276,277,288,289,291,301,302,305,310,314,317,321,337,351,377,390,391,393,395,396,397,400,429,442,640,644,645,765,769,772,814,858,948,1051,1052,1057,1117,1118,1121,1132,1147,1233,1236,1442,1474,1478,1481,1567,1604,1676,1932,2128,2225,2627,2774,2778,3293,3389,3435,4553,6360,6418,6419,
66;0;5013;5033;0;3,8,95,137,139,143,144,145,146,149,177,206,225,231,241,262,273,276,277,288,289,291,301,302,305,310,314,317,321,337,351,377,390,391,393,395,396,397,400,429,442,640,644,645,765,769,772,814,858,948,1051,1052,1057,1117,1118,1121,1132,1147,1233,1236,1442,1474,1478,1481,1567,1604,1676,1932,2128,2225,2627,2774,2778,3293,3389,3435,4553,6360,6418,6419,
64;0;5033;5198;1;3,8,93,95,137,139,143,144,145,146,206,225,231,241,262,276,277,288,289,291,314,337,343,377,390,395,397,429,640,645,691,765,766,769,772,843,858,948,1051,1057,1117,1118,1147,1233,1236,1442,1474,1478,1481,1567,1676,2128,2225,2594,2627,2637,2692,2774,2778,3152,3293,3435,3618,4408,4553,6418,6419,7222,7223,7224,7225,7226,7227,7228,7229,7230,7231,7232,7233,7234,
199;0;5760;5792;1;3,8,93,95,137,139,143,144,145,146,206,225,231,241,262,276,277,288,289,291,314,337,343,377,390,395,397,429,640,645,691,765,766,769,772,843,858,948,1051,1057,1117,1118,1147,1233,1236,1442,1474,1478,1481,1567,1676,2128,2225,2594,2627,2637,2692,2774,2778,3152,3293,3435,3618,4553,5953,5958,5959,5966,5976,5979,5987,5992,6146,6147,6148,6149,6150,6151,6418,6419,
59;1;5792;5944;1;3,8,93,95,137,139,143,144,145,146,206,225,231,241,262,276,277,288,289,291,314,337,343,377,390,395,397,429,640,645,691,765,766,769,772,843,858,948,1051,1057,1117,1118,1147,1233,1236,1442,1474,1478,1481,1567,1676,2128,2225,2594,2627,2637,2692,2774,2778,3152,3293,3435,3618,4553,5953,5958,5959,5966,5976,5979,5987,5992,6146,6147,6148,6149,6150,6418,6419,8159,
208;0;5944;5995;1;3,8,93,95,137,139,143,144,145,146,206,225,231,241,262,276,277,288,289,291,314,333,337,343,377,390,395,397,429,640,645,691,765,766,769,772,843,858,948,1051,1057,1117,1118,1147,1233,1236,1442,1474,1478,1481,1567,1676,1749,2128,2225,2594,2627,2637,2692,2774,2778,3152,3293,3435,3618,4553,5953,5958,5959,5966,5976,5979,5987,5992,6146,6147,6148,6418,6419,6850,
48;1;5995;6081;1;8,95,137,139,143,144,145,146,206,225,231,241,262,276,277,288,289,291,314,337,343,377,390,395,397,429,640,645,691,765,766,769,772,836,843,858,948,1043,1051,1057,1117,1118,1147,1442,1474,1478,1481,1567,1676,2128,2225,2461,2466,2594,2626,2627,2637,2661,2692,2774,2778,2903,3152,3293,3435,4259,4365,5525,5637,5722,5795,6225,6369,6370,6371,6372,6373,6374,6418,6419,
47;1;6081;6227;1;8,95,137,139,143,144,145,146,181,206,225,231,241,262,276,277,288,289,291,314,335,337,343,377,390,395,397,429,640,645,691,694,765,766,769,772,836,843,858,948,1043,1051,1057,1117,1118,1147,1442,1474,1478,1481,1567,1676,2128,2225,2461,2466,2594,2626,2627,2637,2661,2692,2774,2778,2903,3152,3293,3435,3583,4259,4365,5525,5637,5722,5795,6225,6369,6370,6418,6419,
147;0;6227;6340;1;8,95,137,139,143,144,145,146,181,206,225,231,241,262,276,277,288,289,291,314,335,337,343,377,390,395,397,429,640,645,691,694,765,766,769,772,836,843,858,948,1043,1051,1057,1058,1117,1118,1147,1442,1474,1478,1481,1567,1676,2128,2225,2461,2466,2594,2626,2627,2637,2661,2692,2774,2778,2903,3152,3293,3435,3925,4016,4017,4018,5525,5637,5722,5795,6225,6418,6419,
20;0;6340;6477;1;8,137,139,143,144,145,146,206,225,231,241,262,277,288,289,291,314,343,377,390,395,397,429,591,640,645,677,691,694,765,766,769,772,836,948,1057,1117,1118,1442,1474,1481,1567,1676,2128,2225,2461,2626,2627,2628,2645,2661,2692,2774,2777,2778,2903,3152,3293,3435,3447,3516,4603,4605,4759,4760,4761,5229,5230,5231,5232,5233,5234,5235,5525,5637,5722,5795,6225,6418,6419,
58;0;6477;6586;1;8,100,137,139,143,144,145,146,206,225,231,241,262,277,288,289,291,314,343,377,390,395,397,429,591,640,645,666,677,691,694,715,765,766,769,772,836,948,1057,1117,1118,1442,1474,1481,1482,1483,1567,1676,2052,2106,2128,2225,2318,2461,2475,2626,2627,2628,2645,2661,2678,2679,2774,2777,2778,2903,3152,3293,3435,4605,4759,5525,5637,5722,5795,6022,6114,6225,6418,6419,
67;0;6586;6715;0;8,100,137,139,143,144,145,146,206,225,231,241,262,277,288,289,291,314,343,377,390,395,397,429,591,640,645,666,677,691,694,715,765,766,769,772,836,948,1057,1117,1118,1442,1474,1481,1482,1483,1567,1676,2052,2106,2128,2225,2318,2461,2475,2626,2627,2628,2645,2661,2678,2679,2774,2777,2778,2903,3152,3293,3435,4605,4759,5525,5637,5722,5795,6022,6114,6225,6418,6419,
64;1;7200;7222;1;8,100,137,139,143,144,145,146,206,225,231,241,262,277,288,289,291,314,343,377,390,395,397,429,591,640,645,666,677,691,694,715,765,766,769,772,836,948,1054,1057,1117,1118,1120,1124,1442,1474,1481,1567,1676,1735,1736,1763,2052,2128,2318,2627,2628,2645,2678,2679,2774,2777,2778,2898,2903,3152,3293,3435,4605,4759,4834,5257,5511,5512,5525,5637,5722,5795,6114,6225,
32;1;7222;7334;1;8,100,137,139,143,144,145,146,202,206,225,231,241,262,277,288,289,291,314,343,377,390,395,397,429,591,640,645,666,677,691,694,715,765,766,769,772,836,875,948,987,1054,1057,1117,1118,1423,1474,1481,1567,1676,1735,1736,1763,2052,2128,2163,2318,2627,2645,2678,2679,2774,2778,2898,2903,3152,3293,3435,4280,4605,4759,5257,5525,5637,5645,5722,5795,6114,6225,8118,
24;0;7334;7359;0;8,100,137,139,143,144,145,146,206,225,231,241,262,277,288,289,291,314,343,377,390,395,397,429,591,640,645,666,677,691,694,715,765,766,769,772,836,875,948,987,1054,1057,1117,1118,1474,1481,1567,1676,1763,2052,2128,2627,2645,2678,2679,2774,2778,2898,2903,3152,3293,3435,4605,4759,5257,5525,5637,5722,5795,6114,6138,6225,8123,8283,8285,8315,8316,8317,8318,8319,
44;1;7359;7379;1;8,100,137,139,143,144,145,146,206,225,231,241,245,262,277,288,289,291,314,343,377,390,395,397,429,591,640,645,666,677,691,694,715,765,766,769,772,836,875,948,987,1054,1057,1117,1118,1474,1476,1481,1567,1676,1763,2052,2128,2627,2645,2678,2679,2774,2778,2898,2903,3045,3152,3293,3435,4472,4605,4759,5257,5525,5637,5722,5741,5749,5795,6114,6138,6225,8123,8283,
39;1;7379;7397;1;8,100,137,139,143,144,145,146,206,225,231,241,245,262,277,288,289,291,314,343,377,390,395,397,429,591,640,645,666,677,691,694,715,765,766,769,772,836,875,948,987,1054,1057,1117,1118,1474,1476,1481,1567,1676,1763,2052,2128,2627,2645,2678,2679,2774,2778,2898,2903,3045,3152,3293,3435,4472,4605,4759,5257,5525,5637,5722,5741,5749,5795,6114,6138,6225,7372,8123,
220;0;7397;7520;1;8,100,137,139,144,145,206,225,231,241,245,262,274,277,288,289,291,314,343,352,377,390,395,397,429,591,640,645,666,677,691,694,715,765,766,769,772,836,875,946,948,951,987,1054,1057,1117,1118,1447,1474,1476,1481,1567,2319,2627,2645,2678,2679,2774,2778,2898,2903,2911,3131,3152,3160,3164,3291,3292,3293,3294,3435,4472,4605,4759,5525,5637,5722,5795,6114,6225,
166;0;7520;7534;1;8,79,100,127,137,139,144,145,206,224,225,231,241,245,262,277,288,289,291,314,343,377,390,395,397,412,429,564,591,640,645,666,677,691,694,715,765,766,769,836,875,946,948,979,987,1054,1057,1117,1118,1293,1474,1476,1481,1567,1898,2627,2645,2678,2774,2778,2849,2898,2903,2911,3152,3291,3292,3293,3435,4472,4605,4759,5525,5637,5668,5722,5795,6114,6225,6389,
20;1;7534;7630;1;8,79,100,137,139,144,145,225,231,241,262,277,288,289,291,329,343,377,390,397,412,429,640,645,691,694,715,766,769,838,839,901,948,949,987,1057,1117,1118,1170,1474,1476,1481,1567,1809,1884,2504,2645,2678,2774,2778,2898,2903,3152,3263,3291,3435,4604,4605,4606,4612,4759,4800,5043,5637,5795,5890,5891,5892,5894,5895,5898,5899,5901,6114,6126,6127,6128,6129,6130,6225,
1;0;7630;7707;0;8,79,100,137,139,144,145,225,231,241,262,277,288,289,291,329,343,377,390,397,412,429,640,645,691,694,715,766,769,838,839,901,948,949,987,1057,1117,1118,1170,1474,1476,1481,1567,1809,1884,2504,2645,2678,2774,2778,2898,2903,3152,3263,3291,3435,4604,4605,4606,4612,4759,4800,5043,5529,5637,5795,5890,5891,5892,5894,5895,6114,6225,8134,8137,8190,8195,8196,8197,8198,
0;1;7707;7767;1;8,79,100,137,139,144,145,225,231,241,262,277,288,289,291,329,343,377,390,397,398,412,429,640,645,691,694,715,766,769,838,839,901,948,949,987,1057,1117,1118,1170,1474,1476,1481,1567,1809,1884,2504,2645,2649,2678,2774,2778,2898,2903,3152,3263,3291,3435,4604,4605,4606,4612,4759,4800,5043,5529,5637,5795,5890,5891,5892,5894,5895,6114,6225,7215,8134,8137,8190,8195,
37;1;7767;7775;1;8,79,100,137,139,144,145,225,231,241,262,277,288,289,290,291,329,343,377,390,397,398,412,429,640,645,691,694,715,766,769,838,839,901,948,949,987,1057,1117,1118,1170,1474,1476,1481,1567,1809,1884,2504,2645,2649,2678,2690,2774,2778,2898,2903,3152,3263,3291,3435,4604,4605,4606,4612,4633,4759,4800,5043,5259,5529,5637,5795,5890,5891,5892,6225,6731,6732,6742,7215,
174;0;7775;7865;0;8,79,100,137,139,144,145,225,226,231,241,262,277,288,289,290,291,329,343,377,390,397,398,404,412,429,640,645,691,694,715,766,769,838,839,901,948,949,987,1057,1117,1118,1170,1424,1474,1476,1481,1567,1809,1884,2504,2645,2649,2678,2690,2774,2778,2898,2903,3152,3263,3291,3435,4536,4545,4575,4604,4605,4606,4612,4633,4683,4759,4793,4800,5259,5637,5795,6225,7215,
50;1;7865;7918;0;8,79,100,137,139,144,145,225,226,231,241,262,277,288,289,290,291,329,343,377,390,397,398,404,412,429,640,645,691,694,715,766,769,838,839,901,948,949,987,1057,1117,1118,1170,1424,1474,1476,1481,1567,1809,1884,2504,2645,2649,2678,2690,2774,2778,2898,2903,3152,3263,3291,3435,4536,4545,4575,4604,4605,4606,4612,4633,4683,4759,4793,4800,5259,5637,5795,6225,7215,
43;0;7918;8068;1;8,79,100,137,139,144,145,225,226,231,241,262,277,288,289,290,291,329,343,377,390,397,398,404,412,429,640,645,691,694,715,766,769,838,849,901,948,949,987,1057,1117,1118,1170,1474,1476,1481,1567,1599,1809,2645,2649,2678,2683,2774,2778,2898,2903,3152,3263,3291,3435,4545,4575,4605,4606,5259,5392,5530,5637,5795,5868,6225,7215,7295,7296,7297,7299,7943,8777,8778,
END;120;1191;103;3;1289
TIME;5255
