./input/MyInstancesDiferentToolSets/n=228,p=0.50,r=0.6,t=364,v0.csv;./input/ToolSetInt.csv
7;720;1440
Machine: 0
161;0;0;78;0;144,145,149,180,225,228,231,241,247,262,276,277,292,305,307,312,314,321,354,355,356,357,379,380,381,384,385,391,400,442,576,592,593,594,596,647,677,1057,1058,1117,1134,1147,1165,1277,1363,1476,1478,1944,2224,2386,2400,2543,2897,2898,3263,3337,3634,3925,4016,4017,4018,4608,4609,4664,5725,6945,7372,7470,7471,7472,7473,7474,7712,7720,7721,7886,7887,7888,8502,8503,
38;0;78;133;1;144,145,149,180,225,228,231,241,247,262,276,277,292,305,307,312,314,321,354,355,356,357,379,380,381,384,385,391,400,442,576,592,593,594,596,647,677,1057,1058,1117,1134,1147,1165,1277,1363,1476,1478,1944,2224,2386,2400,2543,2897,2898,3263,3337,3634,3925,4016,4017,4018,4608,4609,4664,5725,6945,7372,7470,7471,7472,7473,7474,7712,7720,7721,7886,7887,7888,8502,8503,
46;1;133;210;1;144,145,149,180,225,228,231,241,247,262,276,277,292,305,307,312,314,321,354,355,356,357,379,380,381,384,385,391,400,442,576,592,593,594,596,647,677,1057,1058,1117,1134,1147,1165,1277,1363,1476,1478,1944,2224,2386,2400,2543,2897,2898,3263,3337,3634,3925,4016,4017,4018,4608,4609,4664,5725,6945,7372,7470,7471,7472,7473,7474,7712,7720,7721,7886,7887,7888,8502,8503,
39;1;210;228;1;144,145,149,180,225,228,231,241,247,262,276,277,292,305,307,312,314,321,354,355,356,357,379,380,381,384,385,391,400,442,576,592,593,594,596,647,677,1057,1058,1117,1134,1147,1165,1277,1363,1476,1478,1944,2224,2386,2400,2543,2897,2898,3263,3337,3634,3925,4016,4017,4018,4608,4609,4664,5725,6945,7372,7470,7471,7472,7473,7474,7712,7720,7721,7886,7887,7888,8502,8503,
147;0;228;341;1;144,145,149,180,225,228,231,241,247,262,276,277,292,305,307,312,314,321,354,355,356,357,379,380,381,384,385,391,400,442,576,592,593,594,596,647,677,1057,1058,1117,1134,1147,1165,1277,1363,1476,1478,1944,2224,2386,2400,2543,2897,2898,3263,3337,3634,3925,4016,4017,4018,4608,4609,4664,5725,6945,7372,7470,7471,7472,7473,7474,7712,7720,7721,7886,7887,7888,8502,8503,
159;0;341;501;0;144,145,149,180,225,228,231,241,247,262,276,277,292,305,307,312,314,321,354,355,356,357,379,380,381,384,385,391,400,442,576,592,593,594,596,647,677,1057,1058,1117,1134,1147,1165,1277,1363,1476,1478,1944,2224,2386,2400,2543,2897,2898,3263,3337,3634,3925,4016,4017,4018,4608,4609,4664,5725,6945,7372,7470,7471,7472,7473,7474,7712,7720,7721,7886,7887,7888,8502,8503,
45;0;501;565;1;144,145,149,180,225,228,231,241,247,262,276,277,292,305,307,312,314,321,354,355,356,357,379,380,381,384,385,391,400,442,576,592,593,594,596,647,677,1057,1058,1117,1134,1147,1165,1277,1363,1476,1478,1944,2224,2386,2400,2543,2897,2898,3263,3337,3634,3925,4016,4017,4018,4608,4609,4664,5725,6945,7372,7470,7471,7472,7473,7474,7712,7720,7721,7886,7887,7888,8502,8503,
40;0;565;593;1;144,145,149,180,225,228,231,241,247,262,276,277,292,305,307,312,314,321,354,355,356,357,379,380,381,384,385,391,400,442,576,592,593,594,596,647,677,1057,1058,1117,1134,1147,1165,1277,1363,1476,1478,1944,2224,2386,2400,2543,2897,2898,3263,3337,3634,3925,4016,4017,4018,4608,4609,4664,5725,6945,7372,7470,7471,7472,7473,7474,7712,7720,7721,7886,7887,7888,8502,8503,
66;0;593;613;0;144,145,149,180,225,228,231,241,247,262,276,277,292,305,307,312,314,321,354,355,356,357,379,380,381,384,385,391,400,442,576,592,593,594,596,647,677,1057,1058,1117,1134,1147,1165,1277,1363,1476,1478,1944,2224,2386,2400,2543,2897,2898,3263,3337,3634,3925,4016,4017,4018,4608,4609,4664,5725,6945,7372,7470,7471,7472,7473,7474,7712,7720,7721,7886,7887,7888,8502,8503,
211;0;613;783;0;144,145,149,180,225,228,231,241,247,262,276,277,292,305,307,312,314,321,354,355,356,357,379,380,381,384,385,391,400,442,576,592,593,594,596,647,677,1057,1058,1117,1134,1147,1165,1277,1363,1476,1478,1944,2224,2386,2400,2543,2897,2898,3263,3337,3634,3925,4016,4017,4018,4608,4609,4664,5725,6945,7372,7470,7471,7472,7473,7474,7712,7720,7721,7886,7887,7888,8502,8503,
154;0;783;797;0;144,145,149,180,225,228,231,241,247,262,276,277,292,305,307,312,314,321,354,355,356,357,379,380,381,384,385,391,400,442,576,592,593,594,596,647,677,1057,1058,1117,1134,1147,1165,1277,1363,1476,1478,1944,2224,2386,2400,2543,2897,2898,3263,3337,3634,3925,4016,4017,4018,4608,4609,4664,5725,6945,7372,7470,7471,7472,7473,7474,7712,7720,7721,7886,7887,7888,8502,8503,
26;1;797;857;0;144,145,149,180,225,228,231,241,247,262,276,277,292,305,307,312,314,321,354,355,356,357,379,380,381,384,385,391,400,442,576,592,593,594,596,647,677,1057,1058,1117,1134,1147,1165,1277,1363,1476,1478,1944,2224,2386,2400,2543,2897,2898,3263,3337,3634,3925,4016,4017,4018,4608,4609,4664,5725,6945,7372,7470,7471,7472,7473,7474,7712,7720,7721,7886,7887,7888,8502,8503,
157;0;857;878;0;144,145,149,180,225,228,231,241,247,262,276,277,289,292,294,305,307,312,314,321,354,355,356,357,379,380,381,384,385,391,400,442,576,592,593,594,596,647,677,769,944,945,1057,1058,1117,1134,1147,1165,1277,1363,1476,1478,1567,1944,2224,2386,2400,2543,2897,2898,2900,2901,2905,2907,2909,2910,2911,2913,3262,3263,3337,3378,3634,3925,4016,4018,7712,7720,7721,7886,
18;1;1440;1484;0;144,145,149,225,228,231,241,262,276,277,288,289,292,294,305,314,321,379,391,399,400,442,647,649,677,720,769,833,1057,1117,1134,1147,1233,1398,1476,1478,1567,1803,1808,1944,2053,2109,2134,2543,2821,2822,2897,2898,2900,2901,2905,2907,2909,2910,2911,2913,2926,3263,3278,4677,4748,4832,4889,4927,4929,4939,5236,5237,5238,5239,5240,5241,5242,5243,5244,5245,5246,5247,5248,5249,
30;0;1484;1632;0;103,144,145,149,225,228,231,241,262,276,277,288,289,292,294,305,314,321,379,391,399,400,430,442,445,647,649,677,720,769,833,1057,1117,1134,1147,1214,1233,1398,1450,1476,1478,1513,1567,1803,1808,1922,1944,2053,2109,2134,2380,2543,2821,2822,2897,2898,2899,2900,2901,2902,2903,2904,2905,2906,2907,2908,2909,2910,2911,2912,2913,2926,3263,3278,4677,4748,4832,4889,4927,5244,
203;0;1632;1744;0;103,117,137,144,145,149,225,228,231,241,262,276,277,288,289,292,294,305,314,321,351,379,391,396,397,399,400,430,442,445,647,649,677,720,769,833,1057,1117,1134,1147,1233,1398,1476,1478,1513,1567,1803,1922,1944,2053,2109,2134,2645,2774,2775,2777,2778,2802,2821,2898,2903,2904,2911,3263,3278,4605,4606,4612,4628,4677,4775,4832,4889,5052,5244,6841,8007,8008,8009,8010,
20;0;1744;1881;1;117,137,144,145,149,225,228,231,241,262,276,277,288,289,292,305,314,321,351,379,391,396,397,399,400,430,442,591,647,677,769,1057,1117,1134,1147,1233,1398,1476,1478,1513,1567,1922,1944,2053,2109,2134,2627,2628,2645,2692,2774,2777,2778,2802,2821,2898,2903,2904,2911,3263,3278,3447,3516,4603,4605,4606,4677,4759,4760,4761,4832,4889,5229,5230,5231,5232,5233,5234,5235,5244,
192;0;1881;2019;1;117,137,144,145,149,225,228,231,241,262,276,277,288,289,292,305,314,321,351,379,391,396,397,399,400,430,442,591,647,677,692,769,1057,1117,1134,1147,1201,1233,1398,1476,1478,1513,1529,1567,1922,1944,2053,2109,2134,2627,2628,2645,2657,2692,2774,2777,2778,2802,2821,2898,2903,2904,2911,2986,3263,3278,4376,4603,4605,4606,4677,4761,4832,4889,5229,5244,5402,5484,5485,6235,
224;0;2019;2168;1;117,137,144,145,149,225,228,231,241,262,276,277,288,289,292,305,314,321,351,379,391,396,397,399,400,429,430,442,591,647,677,769,854,1057,1117,1118,1134,1147,1163,1201,1233,1398,1476,1478,1502,1513,1529,1567,1670,1922,1944,2053,2109,2134,2223,2627,2628,2645,2657,2692,2774,2777,2778,2802,2821,2898,2903,2904,2911,2986,3263,3278,4603,4605,4606,4677,4832,4889,5229,5244,
49;0;2880;2912;0;117,137,139,144,145,149,225,228,231,241,262,276,277,288,289,291,292,305,314,321,351,379,391,395,396,397,399,400,429,430,442,591,647,677,769,854,912,1057,1117,1118,1134,1147,1167,1476,1478,1493,1502,1513,1670,1922,1944,2053,2109,2134,2223,2371,2531,2774,2802,2821,2911,3001,3250,3257,3284,3711,3712,4019,4085,4086,4087,4088,4089,4090,4091,4092,4093,4094,4095,4889,
205;0;2912;2989;0;117,137,139,144,145,149,225,228,231,241,262,268,273,276,277,288,289,291,292,314,321,351,379,391,395,396,397,398,399,400,429,430,442,591,647,677,769,854,1057,1117,1118,1134,1147,1167,1476,1478,1502,1670,1752,1763,1919,1944,1974,2053,2109,2134,2223,2531,2573,2802,2804,2821,2911,3099,3250,3284,3915,4093,4094,4469,4504,4565,4889,5197,6223,6365,8655,8975,8976,8977,
37;1;2989;2997;1;117,137,139,144,145,149,225,228,231,241,262,268,273,276,277,288,289,290,291,292,314,321,351,379,391,395,396,397,398,399,400,429,430,442,591,647,677,769,838,854,1057,1117,1118,1134,1147,1167,1476,1478,1502,1670,1752,1763,1919,1944,1974,2053,2109,2134,2223,2531,2573,2690,2802,2804,2821,2911,3099,3250,3284,3915,4093,4094,4469,4504,4633,4889,5259,6731,6732,6742,
175;0;2997;3147;0;100,137,138,139,144,145,149,225,231,241,262,268,273,276,277,288,289,291,297,314,321,351,379,391,395,396,397,398,399,400,429,591,640,647,677,766,769,836,854,863,948,949,1057,1117,1118,1134,1147,1172,1453,1469,1476,1478,1502,1661,1664,1667,1668,1670,1671,1673,1674,1944,1972,1973,1974,1975,1976,1977,1978,2053,2109,2134,2223,2802,2821,2911,3284,4093,4094,4889,
67;1;3147;3266;0;100,137,138,139,144,145,149,225,231,241,262,268,273,276,277,288,289,291,297,314,321,351,379,391,395,396,397,398,399,400,429,591,640,647,677,766,769,836,854,863,948,949,1057,1117,1118,1134,1147,1172,1453,1469,1476,1478,1502,1661,1664,1667,1668,1670,1671,1673,1674,1944,1972,1973,1974,1975,2053,2109,2134,2223,2802,2821,2911,3284,4093,4094,4889,7363,7549,7550,
174;0;3266;3356;0;100,137,138,139,144,145,149,225,226,231,241,262,268,273,276,277,288,289,291,297,314,321,329,351,379,391,395,396,397,398,399,400,404,429,591,640,647,677,766,769,836,854,863,948,949,1057,1117,1118,1134,1147,1172,1424,1453,1469,1476,1478,1502,1661,1668,1670,1671,1674,1944,1973,2053,2109,2134,2223,2802,2821,2911,3284,4093,4094,4536,4545,4575,4683,4793,4889,
210;0;3356;3437;1;100,137,138,139,144,145,149,225,226,231,241,244,262,268,273,276,277,288,289,291,297,314,321,329,351,377,379,391,395,396,397,398,399,400,404,429,591,640,647,715,766,769,854,863,948,949,1052,1057,1117,1118,1134,1469,1474,1476,1478,1502,1668,1670,1671,1674,1944,1973,2053,2109,2134,2223,2802,2821,2911,3284,3517,4093,4094,4545,4804,4859,4889,6129,6130,7683,
171;0;3437;3486;0;100,137,139,144,145,149,169,208,225,226,231,241,251,262,268,273,277,288,289,291,314,321,329,351,377,379,391,395,396,397,398,399,400,404,408,415,429,480,518,591,640,647,715,769,948,987,1052,1057,1117,1118,1134,1157,1469,1474,1476,1478,1502,1580,1671,1674,1895,1935,1973,2018,2053,2109,2134,2223,2412,2538,2765,2802,2821,2911,4093,4094,4889,5493,5674,7683,
220;0;3486;3609;1;100,137,139,144,145,149,225,226,231,241,262,268,273,274,277,288,289,291,314,321,329,343,351,352,377,379,391,395,396,397,398,399,400,404,429,518,591,640,647,666,715,769,772,946,948,951,987,1052,1057,1117,1118,1134,1447,1469,1474,1476,1478,1502,1674,1973,2053,2109,2134,2223,2319,2679,2802,2821,2911,3131,3152,3160,3164,3291,3292,3293,3294,4093,4094,4889,
207;0;4320;4499;1;100,130,137,139,144,145,149,225,226,231,241,262,268,273,277,288,289,291,314,321,329,351,377,379,391,395,396,397,398,399,404,429,518,591,640,647,666,715,772,948,987,1052,1057,1117,1118,1134,1469,1474,1476,1478,1502,1674,1973,2053,2109,2134,2223,2802,2821,3293,4093,4094,4889,7692,7693,7694,7695,7696,7697,7698,7699,7700,7701,7702,7703,7704,7705,7706,7707,7708,
32;1;4499;4611;1;100,130,137,139,144,145,149,202,225,226,231,241,262,268,273,277,288,289,291,314,321,329,351,377,379,391,395,396,397,398,399,404,429,518,591,640,647,666,715,772,875,948,987,1052,1057,1117,1118,1134,1423,1469,1474,1476,1478,1502,1674,1973,2053,2109,2134,2163,2223,2802,2821,3293,4093,4094,4280,4889,5645,7692,7693,7694,7695,7696,7697,7698,7699,7700,7701,8118,
50;1;4611;4664;0;100,130,137,139,144,145,149,202,225,226,231,241,262,268,273,277,288,289,291,314,321,329,351,377,379,391,395,396,397,398,399,404,429,518,591,640,647,666,715,772,875,948,987,1052,1057,1117,1118,1134,1423,1469,1474,1476,1478,1502,1674,1973,2053,2109,2134,2163,2223,2802,2821,3293,4093,4094,4280,4889,5645,7692,7693,7694,7695,7696,7697,7698,7699,7700,7701,8118,
42;0;4664;4693;1;100,130,137,139,144,145,149,202,225,226,231,241,262,268,273,277,288,289,291,314,321,329,351,377,379,391,395,396,397,398,399,404,429,518,591,640,647,666,715,772,875,948,987,1052,1057,1117,1118,1134,1423,1469,1474,1476,1478,1502,1674,1973,2053,2109,2134,2163,2223,2802,2821,3293,3739,4093,4094,4280,4889,5645,7692,7693,7694,7695,7696,7697,7698,7699,7700,7701,
200;0;4693;4711;0;3,100,137,139,144,145,149,202,225,226,231,241,262,268,273,277,288,289,291,301,314,321,329,351,377,379,391,395,396,397,398,399,404,429,518,591,640,647,666,715,772,855,875,948,987,1052,1057,1093,1117,1118,1134,1423,1469,1474,1476,1478,1502,1608,1674,1809,1973,2053,2109,2134,2222,2223,2802,2821,2961,3293,4093,4094,4280,4371,4535,4553,4889,6101,6107,7883,
42;1;4711;4779;1;3,100,137,139,144,145,149,225,226,231,241,262,268,273,277,288,289,291,295,301,314,321,329,351,377,379,391,395,396,397,398,399,404,429,518,591,607,640,647,666,715,772,855,948,1052,1057,1093,1117,1118,1133,1134,1236,1361,1423,1469,1474,1476,1478,1502,1674,1809,1875,1916,1973,2053,2109,2134,2223,2802,2821,3293,3630,4093,4094,4553,4754,4889,4996,5011,5338,
70;1;4779;4839;0;3,100,137,139,144,145,149,225,226,231,234,241,262,268,273,277,288,289,291,295,301,314,321,329,351,377,379,391,395,396,397,398,399,404,429,518,591,607,640,647,666,715,772,855,948,1052,1057,1093,1117,1118,1134,1236,1361,1423,1469,1472,1474,1476,1478,1502,1674,1809,1875,1973,2053,2109,2117,2134,2223,2802,2821,3293,3630,4093,4094,4553,4585,4889,6411,6412,
227;0;4839;4938;1;3,100,137,139,144,145,149,225,226,231,234,241,262,268,273,277,288,289,291,295,301,314,321,329,351,377,379,391,395,396,397,398,399,404,429,518,591,607,640,647,666,715,772,855,948,1052,1057,1093,1117,1118,1134,1236,1361,1423,1469,1472,1474,1476,1478,1502,1674,1809,1875,1973,2053,2109,2117,2134,2223,2802,2821,3293,3630,4093,4094,4553,4585,4889,6411,7362,
165;0;4938;4962;0;3,100,137,139,144,145,146,149,225,226,231,234,241,262,268,273,277,288,289,291,295,301,314,321,329,351,377,379,391,395,396,397,398,404,429,518,591,607,640,647,666,715,772,855,948,1052,1057,1093,1117,1118,1134,1146,1149,1236,1361,1469,1472,1474,1476,1478,1479,1481,1502,1674,1809,1920,1973,2109,2134,2223,2802,2821,3293,3630,4093,4094,4473,4889,4965,4972,
15;1;4962;5014;1;3,95,100,137,139,144,145,146,149,225,226,231,234,241,262,268,273,277,288,289,291,301,304,314,321,351,377,379,391,395,396,397,398,404,429,518,607,640,644,647,666,715,772,948,1052,1057,1093,1117,1118,1134,1146,1149,1236,1361,1469,1472,1474,1476,1478,1479,1481,1502,1674,1809,1812,1920,1973,2109,2134,2223,2536,2802,2821,3293,3630,4093,4094,4889,4965,5457,
41;0;5014;5134;1;3,95,100,137,139,142,144,145,146,149,225,226,231,234,241,262,268,273,277,288,289,291,293,301,314,321,351,377,379,390,391,395,396,397,398,404,429,518,607,640,644,647,666,715,772,948,1052,1093,1117,1118,1134,1146,1149,1236,1361,1468,1469,1472,1474,1476,1478,1479,1481,1502,1674,1809,1812,1813,1973,2109,2134,2223,2802,2821,3630,4093,4094,4889,4965,5594,
17;0;5760;5881;0;3,95,100,137,139,142,144,145,146,149,225,226,231,234,241,262,268,273,277,288,289,291,293,301,314,321,351,377,379,390,391,395,396,397,398,404,429,518,607,640,644,647,666,715,772,948,1052,1093,1117,1118,1134,1146,1149,1236,1361,1468,1469,1472,1474,1476,1478,1479,1481,1502,1674,1809,1812,1813,1973,2109,2134,2223,2802,2821,3630,4093,4094,4889,4965,5594,
28;1;5881;5991;0;3,95,97,100,137,139,142,144,145,146,149,225,226,231,234,241,262,268,273,277,288,289,291,301,314,321,351,377,379,390,391,395,396,398,401,404,429,518,607,640,644,647,666,715,948,1050,1052,1054,1093,1117,1118,1134,1146,1149,1236,1359,1361,1469,1472,1474,1476,1478,1479,1481,1502,1669,1674,1809,1812,1973,2109,2134,2355,2426,2802,2821,3630,4094,4889,4965,
14;1;5991;6167;0;3,95,97,100,137,139,142,144,145,146,149,225,226,231,234,241,262,268,273,277,288,289,291,301,314,321,351,377,379,390,391,395,396,398,401,404,429,518,607,640,644,647,666,715,948,1050,1052,1054,1093,1117,1118,1134,1146,1149,1236,1359,1361,1469,1472,1474,1476,1478,1479,1481,1502,1669,1674,1809,1812,1973,2109,2134,2355,2426,2802,2821,3630,4094,4889,4965,
10;0;6167;6233;1;3,24,49,95,97,100,137,139,142,144,145,146,149,225,226,231,234,241,262,268,273,277,288,289,291,301,351,377,379,390,391,395,396,398,404,429,516,518,529,607,640,644,647,666,715,948,1013,1052,1091,1093,1118,1134,1146,1149,1236,1329,1359,1361,1469,1472,1474,1476,1478,1479,1481,1502,1674,1809,1812,1973,2109,2221,2407,2802,2821,3630,4094,4647,4889,6385,
54;1;6233;6319;1;3,24,95,97,100,137,139,142,144,145,146,149,225,226,231,234,241,262,268,273,277,288,289,291,301,351,377,379,390,391,395,396,398,404,429,518,580,607,637,640,644,647,666,715,948,1052,1093,1118,1134,1146,1149,1236,1297,1359,1361,1469,1472,1474,1476,1478,1479,1481,1502,1674,1695,1809,1812,1973,2109,2171,2263,2273,2350,2351,2352,2802,2821,3630,4094,4889,
33;0;6319;6450;1;3,95,97,100,137,139,142,144,145,146,149,225,226,231,234,241,262,268,273,277,288,289,291,301,351,377,379,390,391,395,396,404,429,518,580,607,640,644,647,666,715,948,1052,1093,1118,1134,1146,1149,1236,1359,1361,1469,1472,1474,1476,1478,1479,1481,1502,1674,1779,1809,1812,1973,2109,2802,2821,2969,3078,3395,3630,3726,3727,3728,3729,3730,3731,3732,4094,4889,
28;0;6450;6587;0;3,95,97,100,137,139,142,144,145,225,226,231,234,238,241,262,268,273,277,288,289,291,302,351,377,379,382,390,391,395,404,429,518,607,640,666,715,948,1052,1093,1118,1134,1146,1149,1234,1236,1359,1361,1430,1469,1472,1473,1474,1478,1481,1502,1674,1800,1809,1812,1973,2109,2802,2818,2821,2824,3132,3630,4094,4889,4890,4891,4892,4893,4894,4895,4896,4897,4898,4899,
177;0;7200;7348;0;3,74,95,97,100,137,139,142,144,145,225,226,231,234,238,241,262,268,273,277,288,289,291,302,351,377,379,382,390,391,395,404,407,429,518,607,640,666,715,948,971,1052,1093,1118,1134,1146,1149,1234,1236,1359,1361,1430,1469,1472,1473,1474,1478,1481,1502,1674,1800,1809,1812,1973,2109,2802,2818,2821,2824,3132,3630,4094,4889,4890,4891,4892,4895,4896,4898,4899,
37;0;7348;7431;1;3,74,95,97,100,137,139,142,144,145,225,226,231,234,241,262,268,273,275,277,288,289,291,302,351,377,379,382,390,391,395,404,429,518,607,640,666,715,775,948,1052,1093,1118,1134,1146,1149,1234,1236,1359,1361,1430,1469,1472,1473,1474,1478,1481,1502,1674,1800,1809,1812,1973,2109,2802,2818,2821,2824,2951,3630,4094,4889,4892,4895,4896,4898,4899,5155,5739,6457,
197;0;7431;7543;0;3,74,95,97,100,137,139,142,144,145,225,226,231,234,241,262,268,273,275,277,288,289,291,302,351,377,379,382,390,395,404,429,518,607,640,666,681,715,904,1052,1093,1118,1134,1146,1149,1234,1236,1359,1361,1430,1469,1472,1473,1474,1478,1481,1502,1674,1800,1809,1812,1973,2109,2141,2643,2802,2818,2821,3630,4538,4675,4889,4892,4895,4896,4898,4899,5214,5215,5216,
2;0;7543;7612;1;3,74,95,97,100,137,139,142,144,145,225,226,231,234,241,262,268,273,275,277,288,289,291,302,351,377,379,382,390,395,404,429,518,607,640,666,715,904,1052,1093,1118,1134,1146,1149,1234,1236,1359,1361,1469,1472,1473,1474,1478,1481,1502,1674,1809,1812,1973,2802,2807,3630,5029,6296,7294,8165,8166,8320,8391,8407,8428,8730,9000,9001,9002,9003,9004,9005,9006,9007,
181;0;7612;7672;1;3,74,95,97,100,137,139,142,144,145,225,226,231,234,241,262,268,273,275,277,288,289,291,302,351,377,379,382,390,395,404,429,518,607,640,666,715,904,1052,1093,1118,1134,1146,1149,1234,1236,1359,1361,1469,1472,1473,1474,1478,1481,1502,1674,1809,1812,1973,2802,2807,3630,5029,5225,6039,6296,7294,8165,8166,8320,8391,8407,8428,8730,9000,9001,9002,9003,9004,9005,
143;0;7672;7728;1;3,8,74,95,97,100,137,139,142,144,145,225,226,231,234,241,262,268,273,275,277,288,289,291,302,351,377,379,382,390,395,404,429,518,607,640,666,715,904,1052,1093,1118,1134,1146,1149,1234,1236,1359,1361,1469,1472,1473,1474,1478,1481,1502,1674,1757,1809,1812,1973,2802,2807,3630,5029,5225,6039,6296,7294,8165,8166,8320,8391,8407,8428,8730,9000,9001,9002,9003,
62;1;7728;7743;1;3,8,74,95,97,100,137,139,142,144,145,225,226,231,234,241,262,268,272,273,275,277,286,287,288,289,291,302,310,351,377,379,382,390,395,404,429,518,607,640,666,715,904,1052,1093,1118,1134,1146,1149,1234,1236,1359,1361,1469,1472,1473,1474,1478,1481,1502,1624,1674,1740,1757,1809,1812,1973,2225,2695,2802,2807,3630,3698,3793,5029,5225,6039,7033,7034,8391,
182;0;7743;7839;0;3,8,74,95,97,100,137,139,142,144,145,225,226,231,234,241,262,268,272,273,275,277,286,287,288,289,291,302,310,351,377,379,382,390,395,404,429,518,607,640,666,715,904,1052,1093,1118,1134,1146,1149,1234,1236,1359,1361,1469,1472,1474,1478,1481,1502,1674,1740,1757,1812,1973,2225,2802,2807,3470,3473,3474,3630,8265,8340,8391,8764,8765,8770,9014,9015,9016,
57;1;7839;7948;0;3,8,74,95,100,137,139,142,144,145,225,226,231,234,241,262,268,272,273,275,277,286,287,288,289,291,310,351,377,379,382,390,395,404,429,512,518,551,607,612,615,616,617,666,715,739,814,904,1052,1093,1118,1149,1234,1236,1346,1361,1390,1469,1472,1474,1481,1502,1530,1558,1559,1740,1757,1812,1849,1940,1973,2094,2179,2802,2941,3014,3630,4465,4514,6786,
36;1;8640;8724;0;3,8,74,79,95,100,110,137,139,142,144,145,225,226,231,234,241,262,268,272,273,275,277,286,287,288,289,291,310,351,377,379,382,390,395,404,429,512,518,551,607,617,666,715,814,904,1031,1052,1093,1118,1149,1217,1225,1234,1236,1240,1281,1361,1390,1469,1472,1474,1481,1502,1507,1508,1509,1510,1511,1530,1740,1757,1812,1940,1973,2094,2156,2802,2941,3630,
10;1;8724;8813;1;1,3,8,79,95,100,137,139,142,144,145,225,226,231,234,241,262,268,272,273,275,277,286,287,288,289,291,310,323,351,377,379,382,390,395,402,404,405,429,551,617,645,648,666,715,814,892,897,904,1031,1052,1056,1062,1093,1118,1149,1229,1234,1236,1361,1390,1397,1469,1472,1474,1481,1502,1620,1681,1682,1683,1740,1757,1812,1940,1973,2094,2802,2941,3630,
221;0;8813;8877;0;1,3,8,100,144,145,189,205,225,226,234,241,246,262,268,272,273,275,277,286,287,288,289,291,323,351,377,379,382,390,395,404,429,568,666,715,752,814,892,897,979,1052,1089,1118,1149,1196,1234,1236,1242,1293,1361,1390,1469,1481,1502,1598,1740,1757,1812,1973,1999,2065,2086,2094,2802,3396,3404,3630,3855,3880,3881,3882,3883,3884,3885,3886,3887,3888,3889,3890,
158;0;8877;9055;0;1,3,8,100,144,145,225,226,234,241,268,272,273,275,277,286,287,288,291,323,351,377,379,382,390,404,429,666,715,765,814,1052,1118,1149,1234,1236,1352,1361,1390,1469,1481,1502,1523,1740,1757,1812,1973,2094,2635,2653,2678,2721,2802,2803,2812,3527,3630,5336,5525,5530,5633,5637,5722,5868,6024,6308,6309,6310,6311,6312,6313,6314,6315,6316,6317,6318,6319,6320,6321,6322,
33;1;9055;9218;1;1,3,4,7,8,100,144,145,148,225,226,234,235,241,268,272,273,275,277,286,287,288,291,323,351,377,379,382,390,393,404,429,666,715,765,814,1051,1052,1118,1149,1234,1236,1352,1361,1362,1390,1469,1481,1502,1523,1604,1740,1757,1801,1806,1812,1814,1973,2094,2635,2653,2678,2721,2802,2803,2812,3435,3527,3630,5336,5525,5530,5633,5637,5722,5868,6024,6308,6312,6313,
29;0;9218;9230;0;1,3,8,100,143,144,145,148,225,226,234,235,241,268,272,273,275,277,286,287,288,291,323,351,377,379,382,390,393,404,429,666,715,765,1051,1118,1149,1210,1234,1236,1361,1362,1390,1469,1481,1502,1604,1736,1737,1740,1744,1746,1747,1750,1751,1755,1757,1759,1762,1763,1764,1765,1769,1771,1812,1814,1973,2094,2635,2653,2678,2802,2812,3435,3630,5525,5530,5637,5722,5868,
217;0;9230;9274;0;1,3,93,143,144,145,148,225,226,234,241,268,272,273,275,277,286,287,288,291,323,351,379,382,390,394,400,404,429,1055,1118,1149,1167,1210,1236,1361,1469,1502,1535,1603,1604,1735,1737,1738,1740,1741,1742,1743,1744,1745,1748,1750,1751,1752,1753,1754,1755,1757,1760,1762,1764,1765,1767,1769,1770,1771,1811,1812,1814,1973,2094,2603,2646,3250,3630,6415,6416,7056,7057,7058,
5;0;9274;9310;1;1,143,144,145,148,225,226,228,234,241,268,272,273,275,277,286,287,288,291,351,379,382,390,400,404,429,430,606,608,609,927,1068,1095,1118,1149,1207,1236,1347,1361,1378,1395,1406,1417,1502,1525,1671,1752,1762,1811,1814,1913,1973,2094,2337,2339,2531,2691,2715,3111,3630,4031,4161,4425,4475,5067,5138,5140,5141,5144,5147,5149,5228,5323,7683,8595,8596,8597,8598,8599,8600,
69;0;9310;9361;1;117,138,144,145,148,225,226,229,230,234,241,244,267,268,272,273,275,277,285,286,287,288,290,291,292,351,379,382,400,404,429,430,609,815,827,927,1075,1118,1149,1236,1309,1361,1395,1447,1502,1671,1718,1732,1811,1814,1914,1973,2091,2246,2337,2378,2391,2436,2674,3016,3099,3100,3101,3102,3103,3104,3105,3106,3107,3108,3109,3110,3111,3112,3113,3114,3115,3116,3117,4425,
Machine: 1
196;0;0;162;0;144,177,262,267,272,273,287,288,289,290,291,295,303,305,306,308,313,395,434,442,595,827,890,891,892,893,894,895,896,897,898,899,900,901,902,903,904,905,906,907,908,909,910,911,912,913,915,916,917,918,919,920,921,922,923,924,925,926,927,928,929,930,931,932,933,934,935,936,937,938,939,940,941,942,943,3616,3617,3618,3619,3620,
25;0;162;251;1;144,177,262,267,272,273,287,288,289,290,291,295,303,305,306,308,313,395,434,442,595,827,890,891,892,893,894,895,896,897,898,899,900,901,902,903,904,905,906,907,908,909,910,911,912,917,920,926,927,932,933,938,3178,3180,3311,3618,3663,3664,3665,3666,3667,3668,3669,3670,3671,3672,3673,3674,3675,3676,3677,3678,3679,3680,3681,3682,3683,3684,3685,3686,
36;0;251;327;0;144,177,262,267,273,288,289,290,291,305,306,308,395,434,595,827,891,892,898,899,904,917,920,926,927,932,933,938,3178,3180,3310,3312,3472,3618,3679,3684,3686,5950,5951,5952,5953,5954,5955,5956,5957,5958,5959,5960,5961,5962,5963,5964,5965,5966,5967,5968,5969,5970,5971,5972,5973,5974,5975,5976,5977,5978,5979,5980,5981,5982,5983,5984,5985,5986,5987,5988,5989,5990,5991,5992,
199;0;327;359;1;144,177,262,267,273,288,289,290,291,305,306,308,395,434,595,827,891,892,898,899,904,917,920,926,927,932,933,938,3178,3180,3310,3312,3472,3618,3679,3684,3686,5950,5951,5952,5953,5954,5955,5956,5957,5958,5959,5960,5961,5962,5963,5964,5965,5966,5967,5968,5969,5970,5971,5972,5973,5974,5975,5976,5977,5978,5979,5980,5981,5982,5984,5987,5988,5992,6146,6147,6148,6149,6150,6151,
156;0;359;411;0;144,262,267,273,288,289,290,291,306,308,395,434,827,891,899,904,917,927,932,933,3177,3178,3179,3180,3181,3182,3183,3184,3185,3186,3187,3188,3189,3190,3191,3192,3193,3194,3195,3196,3197,3198,3199,3200,3201,3202,3203,3204,3205,3206,3207,3208,3209,3210,3211,3212,3213,3214,3215,3216,3217,3218,3219,3220,3221,3222,3223,3224,3225,3472,3618,3686,5951,5952,5963,5968,5969,5976,5984,5992,
145;0;411;472;0;118,144,262,267,273,288,289,290,291,306,308,395,434,617,618,620,827,891,899,904,917,927,932,933,1096,1097,1098,1310,1315,1412,1413,1414,1415,1877,1879,2271,2348,2576,2578,3472,3572,3573,3574,3618,4083,4084,4130,4755,4922,5585,5714,5825,5951,5952,5984,5992,6030,6564,6589,6772,6966,7818,7865,7904,7905,7906,7907,7908,7909,7910,7911,7912,7913,7914,7915,7916,7917,7918,7919,7920,
27;1;472;545;0;98,118,137,144,225,234,235,262,267,273,283,288,289,290,291,306,308,310,395,434,617,618,620,827,891,899,904,917,927,932,933,1096,1097,1098,1121,1310,1315,1412,1413,1414,1415,1668,1681,1877,1879,1920,1922,2052,2271,2348,2370,2376,2576,2578,3472,3572,3573,3574,3618,4083,4084,4130,4424,4425,4426,4427,4428,4429,4430,4755,4922,5585,5714,5825,5951,5952,5984,5992,6030,7906,
188;0;545;584;0;2,137,139,144,149,225,231,234,262,273,288,289,290,291,301,308,395,400,434,647,676,827,830,854,855,863,891,899,904,917,927,932,933,948,1093,1096,1097,1116,1118,1121,1125,1362,1484,1485,1486,1487,1488,1489,1490,1491,1492,1493,1494,1495,1496,1497,1498,1499,1500,1501,1502,1503,1504,1505,1506,1668,1920,1922,2052,2376,3472,3618,4130,4430,5825,5951,5952,5984,5992,7906,
190;0;584;727;1;2,137,139,144,149,225,231,234,262,273,288,289,290,291,301,308,351,395,400,429,434,647,676,827,830,854,855,863,891,899,904,917,927,932,933,948,1093,1096,1097,1116,1118,1121,1125,1362,1484,1485,1486,1487,1488,1501,1502,1505,1668,1920,1922,2052,2376,2774,2777,2778,2802,2807,2812,3263,3472,3618,4130,4430,4600,4605,4606,5025,5825,5951,5952,5984,5992,7906,9046,9047,
51;0;1440;1608;0;136,137,139,144,146,149,225,231,234,262,273,288,289,290,291,297,351,395,400,429,434,436,644,647,830,854,855,891,899,914,927,932,948,1093,1118,1121,1149,1211,1484,1502,1618,1668,1670,1671,1825,1920,1922,1973,2052,2376,2635,2651,2774,2778,3472,3618,4018,4430,4572,4654,4968,5015,5135,5139,5250,5251,5252,5253,5254,5255,5256,5257,5258,5259,5260,5261,5951,5952,5984,5992,
169;0;1608;1768;0;87,136,137,139,144,146,149,225,231,234,262,273,288,289,290,291,297,351,395,400,429,434,436,644,647,691,830,854,855,891,899,914,927,932,948,1093,1118,1121,1136,1149,1211,1484,1502,1618,1668,1670,1671,1825,1920,1922,1973,2052,2376,2627,2635,2651,2774,2778,2986,3472,3618,4018,4430,4572,4654,4744,4745,4746,4791,4968,5015,5135,5139,5250,5257,5259,5951,5952,5984,5992,
167;0;1768;1923;1;87,136,137,139,144,146,149,225,231,234,262,273,288,289,290,291,297,351,395,400,429,434,436,644,647,691,830,854,855,891,899,914,927,932,948,1093,1118,1121,1136,1149,1211,1484,1502,1618,1668,1670,1671,1825,1920,1922,1973,2052,2376,2627,2635,2651,2774,2778,2986,3472,3473,3618,4018,4430,4572,4654,4744,4745,4746,4791,4968,5015,5257,5259,5951,5952,5984,5992,6042,6043,
56;0;1923;2074;0;87,136,137,139,144,146,149,225,231,234,262,273,288,289,290,291,297,351,395,400,429,434,436,644,647,691,830,854,855,891,899,914,927,932,948,1093,1118,1121,1136,1149,1211,1484,1502,1618,1668,1670,1671,1825,1920,1922,1973,2052,2376,2627,2635,2651,2774,2778,2986,3472,3473,3618,4018,4430,4572,4654,4744,4745,4791,5080,5257,5259,5951,5984,5992,6360,6585,7138,7478,8040,
48;0;2074;2113;1;87,136,137,139,144,146,149,225,231,234,262,273,277,288,289,290,291,297,351,395,396,400,429,434,436,644,647,691,830,854,855,891,899,914,932,948,1093,1118,1121,1134,1136,1484,1502,1668,1671,1920,1922,1971,1973,2052,2376,2627,2658,2729,2774,2778,2986,3472,3618,4430,4567,4572,4627,4744,4791,5257,5259,5411,5605,5748,5841,5853,5854,5855,5858,5951,6158,6360,6585,7478,
62;0;2113;2179;1;87,136,137,139,144,146,149,225,231,234,262,273,277,288,289,290,291,297,351,395,396,400,429,434,436,644,647,691,830,854,855,891,899,914,932,948,1093,1118,1121,1134,1136,1484,1502,1668,1671,1920,1922,1971,1973,2052,2376,2627,2658,2729,2774,2778,2986,3472,3618,4430,4567,4572,4627,4744,4791,5257,5259,5411,5605,5748,5841,5853,5854,5855,5951,6360,6585,7478,8496,8497,
189;0;2880;2954;1;100,136,137,139,144,146,149,225,231,234,262,273,277,288,289,290,291,297,351,395,396,400,429,430,644,647,691,715,768,830,855,891,899,932,948,1093,1118,1121,1134,1136,1484,1502,1668,1671,1768,1920,1922,1973,2052,2376,2627,2636,2640,2654,2680,2699,2714,2733,2750,2756,2986,3472,3618,4430,4572,4791,5195,5951,6360,6585,7296,7299,7308,7478,8432,8801,8825,8826,8827,8828,
160;0;2954;3117;1;100,136,137,139,144,149,225,231,234,240,262,273,277,288,289,290,291,292,297,329,351,382,395,396,400,429,430,647,715,855,891,899,932,948,1093,1118,1121,1134,1480,1481,1484,1502,1668,1671,1811,1814,1920,1922,1944,1973,2052,2132,2376,2492,2496,2627,2640,2824,3391,3580,4430,4658,5377,5648,5654,5655,5656,5657,5658,5659,5660,5661,5951,6360,6585,7296,7478,8826,8827,8828,
45;1;3117;3277;1;100,136,137,139,144,149,225,231,234,240,262,273,277,288,289,290,291,292,297,329,351,382,395,396,400,429,430,647,715,855,891,899,932,948,1093,1118,1121,1134,1480,1481,1484,1502,1668,1671,1811,1814,1920,1922,1944,1973,2052,2132,2376,2492,2496,2627,2640,2663,2824,3391,3580,4430,4658,5377,5648,5654,5655,5656,5657,5658,5659,5951,6360,6585,7296,7478,8396,8826,8827,8828,
47;1;3277;3423;1;95,100,136,137,139,144,149,181,225,231,234,240,262,273,277,288,289,290,291,292,297,329,335,337,351,382,395,396,400,429,430,647,694,715,766,769,843,855,858,891,899,932,948,1093,1118,1121,1134,1480,1481,1484,1502,1668,1671,1811,1814,1920,1922,1944,1973,2052,2132,2376,2492,2496,2627,2640,2663,2824,3391,3580,3583,4430,4658,5377,5951,6360,6585,7296,7478,8396,
65;0;3423;3587;0;95,100,136,137,139,144,149,181,225,231,234,240,262,273,277,288,289,290,291,292,297,329,335,337,351,382,395,396,400,429,430,647,694,715,766,769,843,855,858,891,899,932,948,1093,1118,1121,1134,1480,1481,1484,1502,1668,1671,1811,1814,1920,1922,1944,1973,2052,2132,2376,2492,2496,2627,2640,2663,2824,4430,5951,6360,6585,7296,7478,7834,7835,7836,7837,7838,8396,
54;0;3587;3621;1;86,95,100,136,137,139,144,149,181,225,231,234,240,262,273,277,288,289,290,291,292,297,329,335,337,351,382,395,396,400,429,430,647,694,715,766,769,843,855,858,891,899,932,948,1093,1118,1121,1134,1480,1481,1484,1502,1668,1671,1811,1814,1920,1922,1944,1973,2052,2132,2376,2492,2496,2627,2640,2663,2824,4430,5951,6360,6585,7296,7478,7834,7835,7836,7838,8396,
194;0;4320;4371;0;86,95,100,136,137,139,144,149,181,225,231,234,240,262,273,277,288,289,290,291,292,297,329,335,337,351,382,395,396,400,429,430,647,694,715,766,769,843,855,858,891,899,932,948,1093,1118,1121,1134,1480,1481,1484,1502,1668,1671,1811,1814,1920,1922,1944,1973,2052,2132,2376,2492,2496,2627,2640,2663,2824,4430,5951,6360,6585,7296,7478,7834,7835,7838,8119,8396,
68;1;4371;4528;1;26,86,95,100,136,137,139,144,149,181,225,231,234,240,262,273,277,288,289,290,291,292,297,329,335,337,351,395,396,400,429,647,694,715,766,769,843,855,858,891,899,932,948,1093,1118,1121,1134,1288,1481,1484,1502,1668,1920,1922,1944,1973,2052,2150,2172,2239,2240,2376,2492,2627,2640,2824,2861,2873,3720,3721,3753,4430,5951,6360,6585,7296,7478,7834,7838,8396,
215;0;4528;4676;0;26,86,95,100,136,137,139,144,149,181,225,231,234,240,262,273,277,288,289,290,291,292,297,329,335,337,351,395,396,400,429,647,694,715,766,769,843,855,858,891,899,932,948,1093,1118,1121,1134,1288,1481,1484,1502,1668,1920,1922,1944,1973,2052,2150,2172,2239,2240,2376,2492,2627,2640,2824,2861,2873,3720,4430,5951,6357,6360,6585,7296,7478,7526,7834,7838,8396,
6;0;4676;4727;1;26,95,100,136,137,139,144,149,181,225,231,234,240,262,273,277,288,289,290,291,292,297,329,337,351,395,396,400,429,640,647,694,715,766,769,838,843,855,858,891,899,932,948,1036,1093,1118,1121,1134,1146,1288,1359,1361,1376,1478,1481,1484,1502,1668,1920,1922,1944,1973,2052,2240,2376,2530,2627,2640,2824,3630,4430,4545,5951,6129,6360,7408,7834,7838,8059,8396,
164;0;4727;4789;0;26,95,100,136,137,139,144,145,149,181,225,231,234,240,241,262,273,277,288,289,290,291,292,297,329,337,351,391,395,396,400,429,640,647,694,715,766,769,838,843,855,858,891,899,932,948,1093,1118,1121,1134,1146,1288,1359,1361,1476,1478,1479,1481,1484,1502,1668,1920,1922,1944,1973,2052,2240,2376,2627,2640,2824,3387,4545,4832,5244,5951,6360,7834,7838,8396,
195;0;4789;4828;0;26,95,100,136,137,139,144,145,149,225,231,234,241,245,262,273,277,288,289,290,291,297,391,395,396,398,400,429,640,647,694,715,766,769,838,855,891,899,932,948,1023,1024,1093,1118,1121,1134,1146,1288,1359,1361,1474,1476,1478,1481,1484,1668,1816,1920,1922,1944,1973,2052,2240,2376,2627,2640,2824,4552,5206,5351,5951,6184,6360,7215,7216,7218,7219,7834,7838,8396,
179;0;4828;4953;0;26,95,100,136,137,139,144,145,149,225,231,234,241,244,245,262,273,277,288,289,290,291,297,391,395,396,398,400,429,640,647,694,715,766,769,838,855,891,899,932,948,1023,1024,1093,1118,1121,1134,1146,1288,1359,1361,1474,1476,1478,1481,1484,1668,1675,1680,1816,1913,1920,1944,1973,2052,2240,2376,2627,2640,2824,2994,4552,4804,5206,5951,6360,7215,7834,7838,8396,
168;0;4953;5100;1;26,95,100,136,137,139,144,145,149,225,231,234,241,244,245,262,273,277,288,289,290,291,297,391,395,396,398,400,429,640,647,694,715,766,769,838,855,891,899,932,948,1023,1024,1093,1118,1121,1134,1146,1288,1359,1361,1405,1474,1476,1478,1481,1484,1668,1675,1680,1816,1913,1920,1944,1973,2052,2240,2376,2627,2640,2824,3712,4552,5206,5951,6360,7215,7834,7838,8396,
170;0;5760;5780;0;26,95,100,117,136,137,139,144,145,149,225,231,234,241,244,245,262,273,277,288,289,290,291,297,391,393,396,398,400,429,640,647,694,715,766,769,838,855,891,899,932,948,1093,1118,1121,1134,1146,1288,1359,1361,1390,1451,1474,1476,1478,1481,1484,1668,1680,1816,1944,2052,2240,2376,2627,2640,2649,2824,3712,4552,4597,5206,5951,6360,7215,7834,7838,8391,8396,8849,
7;0;5780;5937;0;26,89,95,100,136,137,139,144,145,149,225,231,241,262,277,288,289,291,297,391,393,396,398,429,640,694,715,765,766,769,838,841,851,855,899,932,948,1043,1093,1146,1147,1361,1390,1474,1476,1478,1481,1484,1529,1668,1680,1816,1943,1944,2052,2376,2627,2640,2647,2649,2824,3635,4369,4373,4655,4734,5107,5502,5951,6360,7215,8396,9175,9179,9185,9187,9188,9189,9190,9191,
13;0;5937;6055;1;26,89,95,97,100,136,137,139,144,145,149,225,231,241,262,277,288,289,291,297,391,393,396,398,429,640,694,715,765,766,769,838,841,851,855,899,932,948,1043,1093,1146,1147,1361,1390,1401,1474,1476,1478,1481,1484,1529,1668,1680,1816,1943,1944,2052,2355,2376,2627,2640,2647,2649,2824,3635,4369,4373,4655,4734,5107,5502,5619,5951,6174,6360,7215,8396,9175,9179,9185,
58;1;6055;6214;1;26,89,95,97,100,136,137,139,144,145,149,225,231,241,262,277,288,289,291,297,391,393,396,398,429,591,640,694,715,765,766,769,835,838,841,849,851,855,899,932,948,1043,1093,1095,1146,1147,1361,1390,1401,1474,1476,1478,1481,1484,1529,1668,1680,1816,1943,1944,2052,2355,2627,2640,2649,2824,3581,4406,4734,5951,6106,6360,7212,7215,8004,8365,8366,8394,8395,8396,
14;0;6214;6346;0;26,61,89,95,97,100,136,137,139,144,145,149,157,225,231,241,262,277,288,289,291,297,391,393,396,398,429,457,591,640,658,694,715,765,766,769,835,838,841,849,851,855,899,932,948,1043,1093,1095,1146,1147,1361,1390,1401,1474,1476,1478,1481,1484,1529,1668,1680,1816,1851,1943,1944,2052,2355,2415,2416,2627,2640,2649,2824,3581,4406,4734,5951,6106,6360,7215,
58;0;6346;6455;1;26,61,95,100,136,137,139,144,145,149,225,231,241,262,277,289,291,297,391,393,396,398,429,591,640,658,666,677,694,715,765,769,835,836,838,849,855,899,948,1043,1093,1146,1361,1390,1474,1476,1478,1481,1482,1483,1484,1529,1668,1680,1816,1944,2052,2106,2225,2318,2461,2475,2626,2628,2640,2649,2661,2678,2679,2824,2903,3581,4734,5525,5722,5951,6022,6114,6360,7215,
225;0;6455;6585;0;26,61,95,100,136,137,139,144,145,149,206,225,231,241,262,277,289,291,297,391,393,396,398,429,519,591,640,658,694,715,765,769,835,836,838,849,855,899,948,1043,1093,1146,1361,1390,1474,1476,1478,1481,1484,1529,1668,1680,1816,1944,2052,2318,2461,2626,2628,2640,2649,2661,2678,2824,2903,2983,3581,3615,3861,4334,4734,5525,5722,5951,6114,6360,7215,7397,7399,7469,
6;1;7200;7334;1;26,61,95,100,136,137,139,144,145,149,206,225,231,241,262,277,289,291,297,391,393,396,398,429,519,591,640,658,694,715,765,769,835,836,838,849,855,899,948,1043,1093,1146,1361,1390,1474,1476,1478,1481,1484,1529,1668,1680,1816,1944,2052,2318,2461,2626,2628,2640,2649,2661,2678,2824,2903,2983,3581,3615,3861,4334,4734,5525,5722,5951,6114,6360,7215,7397,7399,7469,
35;0;7334;7410;1;26,61,95,100,136,137,139,144,145,149,178,206,225,231,241,262,277,289,291,297,391,393,396,398,429,519,591,640,658,694,715,765,769,835,836,838,849,855,899,948,1043,1093,1145,1146,1361,1390,1474,1476,1478,1481,1484,1529,1668,1680,1816,1941,1942,1944,1945,2052,2318,2461,2626,2628,2640,2649,2661,2678,2824,2903,3581,4734,5525,5722,5951,6114,6360,7215,7397,7399,
185;0;7410;7551;1;26,61,95,100,136,137,139,144,145,149,178,206,225,231,233,241,262,277,289,291,297,314,321,391,393,396,398,429,519,591,640,658,694,715,765,769,835,836,838,849,855,899,948,1043,1093,1145,1146,1361,1390,1474,1476,1478,1481,1484,1529,1668,1680,2052,2128,2318,2461,2626,2628,2640,2649,2661,2678,2824,2903,3581,4734,4749,5525,5722,5951,6114,6360,7215,7397,7399,
162;0;7551;7660;1;26,61,95,100,136,137,139,144,145,149,178,206,225,231,241,262,277,291,297,314,321,391,393,398,591,640,658,694,769,773,835,836,838,849,855,899,948,1043,1093,1145,1146,1361,1390,1453,1474,1476,1478,1481,1484,1529,1665,1668,1674,1680,1752,2052,2128,2318,2441,2461,2626,2640,2649,2653,2661,2692,2824,2903,3513,3514,3581,4734,5525,5722,5951,6114,6360,7215,7397,7399,
67;0;7660;7789;0;26,61,95,100,136,137,139,144,145,149,178,206,225,231,241,262,277,291,297,314,321,391,393,398,591,640,658,694,769,773,835,836,838,849,855,899,948,1043,1093,1145,1146,1361,1390,1442,1453,1474,1476,1478,1481,1484,1529,1567,1665,1668,1674,1676,1680,1752,2052,2128,2318,2461,2626,2649,2661,2692,2824,2903,3581,4734,5525,5722,5951,6114,6360,6418,6419,7215,7397,7399,
0;1;7789;7849;1;26,61,95,100,136,137,139,144,145,149,178,206,225,231,241,262,277,291,297,314,321,391,393,398,591,640,658,694,769,773,835,836,838,849,855,899,948,1043,1093,1145,1146,1361,1390,1442,1453,1474,1476,1478,1481,1484,1529,1567,1665,1668,1674,1676,1680,1752,2052,2128,2318,2461,2626,2649,2661,2692,2824,2903,3581,4734,5525,5722,5951,6114,6360,6418,6419,7215,7397,7399,
172;0;7849;7897;0;1,26,61,95,100,119,136,137,139,144,145,149,178,206,225,231,241,262,277,291,297,321,379,391,393,398,591,640,658,694,769,773,815,836,838,899,948,1043,1093,1145,1146,1361,1390,1397,1476,1478,1481,1484,1567,1668,1676,1807,2052,2053,2109,2128,2318,2461,2626,2661,2824,2903,3278,3581,4677,4734,5525,5722,5951,6360,6399,6403,6519,6520,6521,6522,6523,6524,7397,7399,
21;0;7897;8027;0;15,24,26,54,60,61,95,100,136,137,139,144,145,149,178,206,225,231,241,262,277,291,297,321,391,393,398,591,640,658,694,769,773,815,836,838,871,899,948,1043,1093,1145,1146,1390,1476,1478,1481,1484,1567,1587,1668,1676,2052,2062,2063,2109,2128,2318,2461,2626,2661,2824,2903,3278,3345,3346,3581,4313,4314,4315,4316,4317,4318,4734,5525,5722,5951,6360,7397,7399,
206;0;8640;8681;1;15,24,26,54,60,61,95,100,136,137,139,144,145,149,178,206,225,231,241,262,277,291,297,321,391,393,398,591,640,658,694,769,773,815,836,838,871,899,948,1043,1093,1145,1146,1390,1476,1478,1481,1484,1567,1587,1668,1676,2052,2062,2063,2109,2128,2318,2461,2626,2661,2824,2903,3278,3345,3346,3581,4313,4314,4315,4316,4317,4318,4734,5525,5722,5951,6360,7397,7399,
17;1;8681;8810;0;15,24,26,54,60,61,95,100,136,137,139,144,145,149,178,206,225,231,241,248,251,262,277,291,297,321,391,393,398,528,591,640,658,694,769,773,815,836,838,871,899,948,1043,1093,1145,1146,1390,1476,1478,1481,1484,1567,1587,1668,1676,2052,2062,2063,2109,2128,2318,2461,2626,2661,2824,2903,3278,3345,3346,3581,3802,4734,4840,4841,5525,5722,5951,6360,7397,7399,
11;0;8810;8947;1;15,24,26,54,60,61,95,100,136,137,139,144,145,149,178,206,225,231,241,248,251,262,277,291,297,321,391,393,398,528,569,591,640,658,694,769,773,815,836,838,871,899,948,1043,1093,1145,1146,1262,1390,1476,1478,1481,1484,1567,1587,1668,1676,2052,2109,2128,2318,2461,2626,2661,2824,2829,2903,3278,3345,3346,3581,4489,4734,5262,5525,5722,5951,6360,7397,7399,
222;0;8947;8981;1;15,24,26,54,60,61,95,100,136,137,139,144,145,149,178,206,225,231,241,248,251,262,277,291,297,321,391,393,398,528,569,591,640,658,694,769,773,815,836,838,871,899,948,1043,1051,1093,1145,1146,1262,1390,1476,1478,1481,1484,1567,1587,1668,1676,2052,2109,2128,2318,2461,2489,2490,2626,2661,2824,2903,3278,3345,3346,3581,4734,5525,5722,5951,6360,7397,7399,
150;0;8981;9020;0;15,24,26,54,60,61,95,100,136,137,139,144,145,149,178,206,225,231,241,248,251,262,277,291,297,321,391,393,398,528,569,591,640,658,694,769,773,815,836,838,871,899,948,1043,1051,1093,1145,1146,1262,1390,1476,1478,1481,1484,1567,1587,1668,1676,2052,2109,2128,2318,2461,2626,2661,2824,2903,3278,3345,3346,3581,4734,5476,5525,5722,5951,6360,7397,7398,7399,
46;0;9020;9074;1;24,26,54,60,61,68,95,100,137,139,144,145,149,178,206,208,225,231,241,248,251,262,277,291,297,321,391,393,398,412,415,474,528,591,640,655,658,694,769,773,794,815,836,838,871,899,948,1043,1051,1093,1146,1390,1423,1476,1478,1481,1484,1567,1587,1668,1707,1935,2018,2052,2128,2318,2461,2626,2661,2824,2903,3070,3345,3346,3581,4734,5525,5722,5951,6360,
3;0;9074;9095;0;24,26,54,60,61,95,100,137,139,144,145,149,206,225,241,262,277,297,321,393,398,412,528,591,640,658,698,769,773,794,836,899,948,1043,1051,1146,1476,1478,1481,1484,1567,1587,1668,2052,2128,2318,2461,2582,2626,2661,2668,2713,2824,2903,3581,4398,4733,4734,5525,5649,5721,5722,5951,6180,6360,7227,7324,7801,7802,7804,7805,7806,7812,7814,7839,7840,7841,7842,7843,7844,
44;0;9095;9111;1;17,24,26,54,60,61,95,100,137,139,144,145,149,202,206,225,241,262,277,297,321,393,398,412,528,591,640,658,698,769,773,794,836,899,948,987,1043,1051,1146,1476,1478,1481,1484,1567,1587,1668,1992,2052,2128,2318,2413,2461,2582,2626,2661,2668,2713,2824,2903,2937,2941,3581,4398,4733,4734,4982,5525,5649,5721,5722,5951,6180,6360,7227,7324,7801,7802,7804,7805,7806,
187;0;9111;9155;1;17,24,26,54,60,61,95,100,137,139,144,145,149,202,206,225,241,262,277,297,321,393,398,412,528,591,640,658,698,769,773,794,836,899,948,987,1043,1050,1051,1146,1378,1476,1478,1481,1484,1567,1587,1668,1725,1726,1727,1728,1729,1730,1731,1732,1733,1992,2052,2128,2318,2413,2461,2582,2626,2661,2668,2713,2824,2903,2937,2941,3581,4398,4733,5525,5722,5951,6360,7227,
0;0;9155;9159;1;17,24,26,54,60,61,95,100,137,139,144,145,149,202,206,225,241,262,277,297,321,393,398,412,528,591,640,658,698,769,773,794,836,899,948,987,1043,1050,1051,1146,1378,1476,1478,1481,1484,1567,1587,1668,1725,1726,1727,1728,1729,1730,1731,1732,1733,1992,2052,2128,2318,2413,2461,2582,2626,2661,2668,2713,2824,2903,2937,2941,5525,5722,5951,6360,7227,8511,8512,8513,
52;1;9159;9257;0;17,24,26,54,60,61,95,100,137,139,144,145,149,202,206,225,241,262,277,297,321,393,398,412,528,558,591,640,658,698,769,773,794,836,899,948,979,987,1043,1050,1051,1146,1378,1476,1478,1481,1484,1567,1587,1668,1725,1726,1727,1728,1729,1730,1731,1732,1733,1992,2052,2128,2318,2413,2461,2582,2626,2661,2668,2713,2824,2903,2937,2941,3315,5525,5722,5951,6360,7227,
48;1;9257;9343;1;17,24,26,54,60,61,95,100,137,139,144,145,149,202,206,225,241,262,277,297,321,343,393,398,412,528,558,591,640,658,698,769,773,794,836,899,948,979,987,1043,1050,1051,1146,1378,1476,1478,1481,1484,1567,1587,1668,1725,1726,2052,2128,2413,2461,2466,2626,2661,2668,2824,2903,2941,4259,4365,5525,5637,5722,5795,5951,6225,6360,6369,6370,6371,6372,6373,6374,7227,
69;1;9343;9482;1;17,24,26,54,60,61,95,100,137,139,144,145,149,202,206,225,241,262,277,297,321,343,393,398,412,491,502,516,528,558,591,640,658,698,769,773,794,836,899,948,979,987,991,1043,1050,1051,1146,1378,1476,1478,1481,1484,1567,1580,1587,1668,1695,1725,1726,2052,2128,2413,2461,2466,2512,2626,2661,2668,2824,2903,2941,3544,4259,4365,5637,5795,5951,6225,6360,7227,
Machine: 2
148;0;0;124;1;24,26,54,60,61,95,100,137,139,144,145,149,225,241,262,277,321,398,412,528,558,591,640,658,769,773,948,979,1051,1146,1476,1478,1484,1567,1587,2052,2128,2413,2512,2824,2941,3686,5951,5963,5968,5969,5976,5980,5987,5988,6007,6079,6360,6537,6538,6539,6541,6542,6549,6550,6552,6557,6559,6560,6741,6930,7132,7134,7286,8083,8084,8085,8086,8087,8088,8089,8090,8091,8092,8093,
204;0;124;129;0;24,26,54,60,61,95,100,137,139,144,145,149,225,241,262,277,321,398,412,528,558,591,640,658,769,773,948,979,1045,1051,1146,1476,1478,1484,1567,1587,2052,2128,2413,2512,2824,2941,3686,4721,5951,5963,5968,5969,5976,5980,5987,5988,6007,6079,6360,6537,6538,6539,6541,6542,6549,6550,6552,6557,6559,6560,6741,6930,7132,7134,7286,8083,8084,8085,8086,8087,8088,8089,8090,8091,
34;0;129;197;0;24,26,54,60,61,95,100,137,139,143,144,145,146,149,225,241,262,277,321,398,402,412,528,558,591,640,645,658,769,773,948,979,1045,1051,1146,1476,1478,1484,1567,1587,2052,2128,2413,2503,2512,2824,2941,2988,3034,3035,3686,4093,4501,4553,4721,5951,5963,5968,5969,5976,5980,5987,5988,6007,6079,6360,6537,6538,6539,6541,6542,6549,6550,6552,6557,6559,6560,6741,6930,7132,
5;1;197;252;1;24,26,54,60,61,95,100,137,139,143,144,145,146,149,225,241,262,277,321,398,402,412,528,558,591,640,645,658,769,773,948,979,1045,1051,1146,1476,1478,1484,1567,1587,2052,2128,2413,2503,2512,2824,2941,2988,3034,3035,3686,3705,4093,4280,4501,4553,4721,5951,5963,5968,5969,5976,5980,5987,5988,6007,6079,6360,6537,6538,6539,6541,6542,6549,7395,8076,8077,8078,8079,8081,
31;0;252;325;0;24,26,53,54,60,61,95,100,137,139,143,144,145,149,225,241,262,277,321,398,402,412,528,558,591,640,645,658,769,773,948,979,1146,1266,1269,1324,1476,1478,1484,1567,1587,1596,1783,1906,2052,2128,2153,2175,2413,2419,2479,2480,2481,2485,2512,2941,2988,3269,3306,3604,3605,3708,3767,3807,3841,4093,4280,4553,4874,5058,5112,5463,6360,7359,7945,8076,8077,8078,8079,8081,
202;0;325;367;0;24,26,53,54,60,61,95,100,137,139,143,144,145,149,225,241,262,277,321,398,402,412,458,528,558,591,640,645,658,769,773,948,979,1146,1266,1269,1273,1293,1324,1476,1478,1484,1567,1587,1596,1783,1787,1906,2052,2074,2128,2153,2174,2175,2232,2273,2413,2419,2479,2485,2512,2941,2988,3380,3381,3382,3383,3384,3385,3386,3605,4093,4280,4553,6360,8076,8077,8078,8079,8081,
219;0;367;418;1;24,26,27,53,54,60,61,95,100,137,139,143,144,145,149,175,225,241,262,277,321,398,402,412,458,528,558,591,640,645,658,754,769,773,948,979,1146,1266,1268,1269,1273,1279,1293,1324,1476,1478,1484,1567,1587,1596,1783,1787,1906,2052,2074,2128,2174,2175,2230,2232,2273,2413,2419,2478,2485,2512,2941,2988,3384,3598,3605,4093,4280,4553,6360,8076,8077,8078,8079,8081,
16;0;418;448;1;24,26,27,53,54,60,61,95,100,137,139,143,144,145,149,175,225,241,262,277,321,398,402,412,458,528,558,591,640,645,658,754,769,773,948,979,995,1146,1266,1268,1269,1273,1279,1293,1324,1432,1476,1478,1484,1567,1587,1596,1783,1787,1906,2052,2074,2128,2174,2175,2230,2232,2273,2413,2419,2485,2512,2941,2988,3384,3605,4093,4280,4553,6360,8076,8077,8078,8079,8081,
65;1;448;498;0;24,26,27,54,60,61,79,95,137,139,143,144,145,149,170,175,225,241,262,277,321,398,402,412,528,558,591,640,645,658,754,769,773,948,968,979,995,1031,1146,1268,1269,1273,1279,1293,1476,1478,1484,1567,1587,1783,1787,2052,2074,2128,2168,2174,2175,2232,2273,2413,2419,2485,2512,2941,2988,3331,3384,3605,3775,4093,4280,4553,5804,5805,6360,8076,8077,8078,8079,8081,
163;0;498;633;0;24,26,27,54,60,61,79,95,137,139,143,144,145,149,170,175,225,241,262,277,321,398,402,412,528,558,591,640,645,658,754,769,773,948,968,979,995,1031,1146,1268,1269,1273,1279,1293,1476,1478,1484,1567,1587,1783,1787,2052,2074,2128,2168,2174,2175,2232,2273,2413,2419,2485,2512,2941,2988,3331,3384,3605,3775,4093,4280,4553,6360,8076,8077,8078,8079,8081,8136,8292,
173;0;633;794;0;24,26,27,54,60,61,79,95,137,139,143,144,145,149,170,175,225,241,262,277,321,398,402,412,528,558,591,640,645,658,754,769,773,948,968,979,995,1031,1146,1268,1269,1273,1279,1293,1339,1476,1478,1484,1567,1587,1783,1787,2052,2074,2128,2168,2174,2175,2232,2273,2413,2419,2485,2512,2941,2988,3331,3384,3605,3775,4093,4280,4553,6360,8076,8077,8078,8079,8081,8136,
214;0;1440;1499;0;24,26,27,54,60,61,79,95,137,139,143,144,145,149,170,175,225,241,262,277,321,398,402,412,528,558,591,640,645,658,754,769,773,948,968,979,995,1031,1146,1268,1269,1273,1279,1293,1339,1476,1478,1484,1567,1587,1783,1787,2052,2074,2128,2168,2174,2175,2232,2273,2413,2419,2485,2512,2941,2988,3384,3605,4093,4280,4553,6360,8074,8075,8076,8077,8078,8079,8080,8081,
201;0;1499;1526;1;24,26,27,54,60,61,79,95,137,143,144,149,170,175,225,241,262,321,398,402,412,528,558,591,640,645,658,754,769,773,948,979,995,1146,1268,1269,1273,1279,1293,1476,1478,1484,1567,1587,1783,1787,2052,2074,2128,2174,2175,2232,2273,2413,2419,2485,2512,2941,3384,3605,4093,6360,7137,7167,7168,7169,7170,7171,7172,7173,7174,7175,7176,7177,7178,7179,7180,7181,7182,7183,
176;0;1526;1621;0;24,26,27,54,60,61,79,95,137,143,144,149,170,175,225,241,262,321,398,402,412,528,558,591,640,645,658,754,769,773,875,948,979,995,1146,1268,1269,1273,1277,1279,1293,1294,1476,1478,1484,1567,1587,1783,1787,2052,2074,2128,2174,2175,2232,2273,2413,2419,2485,2512,2941,2965,2966,2967,2968,2969,3384,3605,4093,6360,7137,7167,7168,7169,7170,7171,7172,7173,7174,7175,
226;0;1621;1746;0;24,26,27,54,60,61,79,95,137,143,144,149,170,175,225,241,262,321,398,402,412,448,528,558,578,591,640,645,658,730,754,769,773,875,948,979,995,1146,1158,1268,1269,1273,1277,1279,1293,1294,1476,1478,1484,1567,1587,1783,1787,2028,2052,2074,2128,2174,2175,2232,2273,2413,2419,2485,2512,2517,2941,2965,2966,2967,2968,2969,3384,3605,3929,3930,3931,3932,4093,6360,
193;0;1746;1750;0;24,26,27,54,60,61,79,95,137,143,144,149,170,175,225,241,262,321,398,402,412,448,528,558,578,591,640,645,658,730,754,769,773,831,875,946,948,979,995,1146,1158,1268,1269,1273,1277,1279,1293,1294,1476,1478,1484,1567,1587,1783,1787,2028,2052,2074,2128,2174,2175,2232,2273,2413,2419,2485,2512,2517,2600,2941,2965,2966,2967,2968,2969,3384,3605,4093,5010,6360,
223;0;1750;1846;0;24,26,27,54,60,61,79,95,137,143,144,149,170,175,225,241,262,321,398,402,412,448,528,558,578,591,640,645,658,730,754,769,773,831,875,946,948,979,995,1146,1158,1268,1269,1273,1277,1279,1293,1294,1476,1478,1484,1567,1587,1783,1787,2028,2052,2074,2128,2159,2174,2175,2232,2273,2305,2413,2419,2485,2512,2517,2600,2941,2965,2966,2967,2968,3384,3605,4093,6360,
53;0;1846;1850;1;24,26,27,54,60,61,79,95,137,143,144,149,170,175,225,241,262,321,398,402,412,448,528,558,578,591,640,645,658,730,754,769,773,831,875,946,948,979,995,1146,1158,1268,1269,1270,1273,1277,1279,1293,1294,1476,1478,1484,1567,1587,1783,1787,2028,2052,2074,2128,2159,2174,2175,2232,2273,2305,2413,2419,2485,2512,2517,2600,2941,2968,3384,3590,3605,4093,4888,6360,
146;0;1850;1946;0;8,24,26,27,54,60,61,79,95,137,143,144,149,170,175,225,241,262,321,390,398,402,412,448,528,558,578,591,640,644,645,658,730,754,769,773,831,875,946,948,979,995,1057,1146,1158,1268,1269,1270,1273,1277,1279,1293,1294,1476,1478,1484,1567,1587,1783,1787,2028,2052,2107,2128,2174,2175,2232,2273,2413,2419,2485,2512,2815,2941,2968,3384,3435,3605,4093,6360,
44;1;1946;1966;1;8,24,26,27,54,60,61,79,95,137,143,144,149,170,175,225,241,245,262,321,390,398,402,412,448,528,558,578,591,640,644,645,658,730,754,769,773,875,948,979,995,1057,1268,1269,1270,1273,1277,1279,1293,1294,1476,1478,1484,1567,1587,1783,1787,2052,2128,2174,2175,2232,2273,2413,2419,2485,2512,2645,2815,2941,2968,3045,3384,3435,3605,4093,4472,5741,5749,6360,
47;0;1966;2005;1;24,26,27,54,60,61,79,95,137,144,149,170,175,225,262,321,398,412,528,529,558,578,640,658,754,769,773,875,948,979,995,1268,1269,1270,1273,1277,1278,1279,1287,1288,1293,1294,1322,1476,1478,1484,1567,1587,1591,1592,1783,1785,1787,1795,2174,2175,2232,2273,2413,2419,2485,2512,2815,2941,2968,3384,3605,3704,3788,3879,4093,4324,4325,4326,4327,4328,4329,4330,4472,6360,
39;0;2005;2034;1;24,26,27,54,60,61,79,95,137,144,149,170,175,225,262,321,398,412,528,529,558,578,640,658,754,769,773,875,948,979,995,1268,1269,1270,1273,1277,1278,1279,1287,1288,1293,1294,1322,1476,1478,1484,1567,1587,1591,1592,1783,1785,1787,1795,2174,2175,2232,2273,2413,2419,2485,2512,2815,2941,2968,3384,3605,3704,3788,3879,4093,4324,4325,4326,4327,4328,4472,6145,6360,8290,
56;1;2034;2143;0;24,26,27,54,60,61,79,137,144,170,175,225,247,262,321,398,412,528,529,558,577,578,600,754,875,979,995,1221,1268,1269,1270,1273,1277,1278,1279,1287,1288,1290,1293,1294,1322,1478,1484,1567,1587,1592,1651,1700,1783,1785,1787,1795,2064,2174,2175,2232,2273,2413,2419,2485,2512,2815,2941,2968,3029,3050,3384,3605,3829,4440,4452,4813,5091,5092,5093,5094,5095,5096,6145,6360,
16;1;2143;2147;1;24,26,27,54,60,61,79,135,137,144,170,175,225,247,262,301,321,398,412,528,529,558,577,578,600,754,830,875,979,995,1221,1268,1269,1270,1273,1277,1278,1279,1287,1288,1290,1293,1294,1322,1360,1478,1484,1485,1567,1587,1592,1651,1700,1783,1785,1787,1795,2064,2174,2175,2232,2273,2321,2371,2413,2419,2485,2512,2584,2815,2941,2968,3029,3384,3605,4033,5091,6145,6342,6360,
43;1;2147;2316;1;24,26,27,54,60,61,79,137,144,170,175,198,225,247,249,262,321,398,412,528,557,578,598,754,875,979,995,1268,1269,1270,1273,1277,1278,1279,1287,1288,1290,1293,1294,1322,1478,1567,1587,1592,1783,1785,1786,1787,1795,2091,2174,2175,2232,2264,2273,2413,2419,2485,2512,2577,2815,2941,2968,3384,3410,3605,3765,4112,5091,5944,6145,6342,6360,7009,7029,7879,7906,8734,8735,8736,
184;0;2880;2924;1;24,26,27,54,60,61,79,137,144,170,175,198,225,247,249,262,321,398,412,528,557,578,581,598,754,875,979,995,1268,1269,1270,1273,1277,1278,1279,1287,1288,1290,1293,1294,1322,1478,1567,1587,1592,1779,1783,1785,1786,1787,1795,2091,2174,2175,2232,2264,2273,2286,2413,2419,2485,2512,2577,2815,2941,2968,3060,3384,3410,3605,3765,4112,4993,5091,5672,5944,6145,6342,6360,7009,
3;1;2924;3074;0;24,26,27,54,60,61,79,137,144,170,175,197,198,225,247,249,262,321,398,412,466,528,578,598,754,826,875,979,995,1267,1268,1269,1270,1273,1277,1278,1279,1287,1288,1290,1293,1294,1322,1341,1478,1567,1587,1592,1781,1783,1787,2091,2174,2197,2232,2264,2286,2413,2419,2485,2512,2815,2941,2968,3060,3410,3605,3774,4112,4487,4488,5471,5682,5944,6145,6342,6360,7671,8836,8838,
49;1;3074;3231;0;24,26,27,54,60,61,79,137,144,170,175,197,198,225,247,249,262,321,398,412,466,528,578,598,754,826,875,979,995,1267,1268,1269,1270,1273,1277,1278,1279,1287,1288,1290,1293,1294,1322,1341,1478,1567,1587,1592,1781,1783,1787,2091,2174,2197,2232,2264,2286,2413,2419,2485,2512,2815,2941,2968,3060,3410,3605,3774,3814,3819,3820,3821,3822,4112,4487,4488,5944,6145,6342,6360,
4;0;3231;3368;0;24,26,27,54,60,61,79,137,144,170,175,197,198,225,247,249,262,321,398,412,466,528,578,598,754,826,875,979,995,1267,1268,1269,1270,1273,1277,1278,1279,1287,1288,1290,1293,1294,1322,1341,1478,1567,1587,1592,1657,1781,1783,1787,2091,2174,2197,2232,2264,2286,2413,2419,2485,2512,2518,2555,2815,2941,2968,3060,3361,3410,3605,3774,3877,4112,4487,4488,5944,6145,6342,6360,
70;0;3368;3409;0;24,26,27,54,60,61,79,137,144,170,175,197,198,225,247,249,262,321,398,412,466,528,578,598,754,826,875,979,995,1267,1268,1269,1270,1273,1277,1278,1279,1287,1288,1290,1291,1293,1294,1295,1322,1478,1567,1587,1592,1781,1783,1787,2091,2174,2197,2232,2240,2264,2286,2419,2485,2512,2794,2815,2941,2968,3060,3361,3605,3606,3703,3774,4112,4343,4487,4488,5944,6145,6342,6360,
209;0;3409;3445;1;24,26,27,54,60,61,79,137,144,198,225,247,262,398,412,528,578,754,787,790,875,979,995,1267,1268,1269,1270,1273,1277,1278,1279,1287,1288,1290,1291,1293,1294,1295,1322,1478,1567,1587,1589,1592,1781,1783,1787,1980,2036,2091,2174,2197,2232,2264,2419,2485,2512,2567,2815,2941,2968,3060,3361,3605,3606,3703,3774,4003,4103,4112,4114,4167,4168,4169,4170,4171,4172,5944,6145,6360,
61;0;3445;3551;1;24,26,27,54,60,61,79,137,144,198,225,247,262,398,412,528,578,634,754,787,790,875,979,995,1267,1268,1269,1270,1273,1277,1278,1279,1287,1288,1290,1291,1293,1294,1295,1322,1478,1567,1587,1589,1592,1778,1781,1783,1784,1787,1980,2036,2091,2174,2197,2232,2241,2264,2419,2485,2512,2567,2815,2941,2968,3060,3361,3605,3606,3700,3703,3774,4112,4620,5105,5122,5123,5944,6145,6360,
59;0;3551;3703;1;24,26,27,54,60,61,79,137,144,198,225,247,262,398,412,528,578,634,754,787,790,875,979,995,1267,1268,1269,1270,1273,1277,1278,1279,1282,1287,1288,1290,1291,1292,1293,1294,1295,1322,1478,1567,1587,1589,1592,1778,1781,1783,1784,1787,1980,2036,2091,2101,2174,2197,2232,2241,2264,2419,2485,2512,2567,2815,2941,2968,3060,3361,3605,3606,3700,3703,3774,4112,4620,5944,6145,6360,
23;0;4320;4484;1;24,26,27,54,60,61,79,137,152,198,208,247,363,398,412,499,503,528,578,754,787,875,979,987,1244,1268,1269,1270,1273,1277,1278,1279,1287,1288,1290,1291,1292,1293,1294,1295,1322,1567,1587,1592,1781,1787,1940,1999,2091,2174,2197,2232,2419,2512,2941,2968,3060,3345,3361,3605,3606,3703,3774,3899,3900,3901,3902,3903,3904,3905,3906,3907,3908,3909,3910,3911,4112,5944,6145,6360,
35;1;4484;4596;1;24,26,27,54,60,61,79,137,152,198,208,247,363,398,412,499,503,528,578,754,787,875,979,987,1244,1268,1269,1270,1273,1277,1278,1279,1287,1288,1290,1291,1292,1293,1294,1295,1322,1567,1587,1592,1781,1787,1940,1999,2091,2174,2197,2232,2419,2512,2941,2968,3060,3345,3361,3605,3606,3703,3774,3899,3900,3901,3902,3903,3904,3905,3906,3907,3908,4112,4952,5606,5607,5944,6145,6360,
19;0;4596;4669;1;24,26,27,54,60,61,79,137,152,198,208,247,363,398,412,499,503,528,578,619,754,778,787,875,979,987,1244,1268,1269,1270,1273,1277,1278,1279,1280,1287,1288,1290,1291,1292,1293,1294,1295,1322,1567,1587,1592,1781,1782,1787,1940,2091,2174,2197,2232,2263,2409,2419,2512,2941,2968,3026,3060,3606,3907,4112,4122,4123,4124,4125,4126,4127,4128,4129,4130,4131,4132,5944,6145,6360,
32;0;4669;4686;1;24,26,27,54,60,61,79,137,152,198,208,247,363,398,412,499,503,528,578,619,754,778,787,875,979,987,1244,1268,1269,1270,1273,1277,1278,1279,1280,1287,1288,1290,1291,1292,1293,1294,1295,1322,1567,1587,1592,1781,1782,1787,1940,2091,2174,2197,2232,2263,2409,2419,2512,2941,2968,3026,3060,3606,3907,4112,4122,4123,4124,4125,5944,6145,6360,7953,7954,8229,8277,8285,8589,8592,
60;1;4686;4763;1;24,26,27,54,60,61,79,137,152,198,208,247,363,366,398,412,457,499,503,528,578,619,728,754,778,787,875,979,987,1244,1268,1269,1270,1273,1275,1277,1278,1279,1280,1287,1288,1290,1291,1292,1293,1294,1295,1322,1567,1587,1592,1781,1782,1787,2091,2174,2190,2197,2220,2232,2409,2419,2512,2941,2968,3060,3421,3422,3606,3609,3831,3842,3907,4112,4122,5944,6360,7953,7954,8285,
12;1;4763;4920;0;24,26,27,54,60,61,79,137,152,198,208,247,363,366,398,412,457,499,503,528,578,619,728,754,778,787,875,979,987,1244,1268,1269,1270,1273,1275,1277,1278,1279,1280,1287,1288,1290,1291,1292,1293,1294,1295,1322,1567,1587,1592,1781,1782,1787,2091,2174,2190,2197,2220,2232,2409,2419,2512,2916,2941,2968,3060,3421,3422,3606,3609,3831,3907,4112,4122,5944,6360,7953,7954,8285,
152;0;4920;5057;1;24,26,27,54,60,61,79,137,152,198,208,247,363,366,398,412,457,499,503,528,578,619,728,754,778,787,875,979,987,1244,1268,1269,1270,1273,1275,1277,1278,1279,1280,1287,1288,1290,1291,1292,1293,1294,1295,1322,1567,1587,1592,1781,1782,1787,2091,2157,2174,2178,2190,2197,2220,2232,2409,2419,2512,2847,2941,2968,3421,3606,3907,4112,4122,5944,5945,5946,6360,7953,7954,8285,
7;1;5760;5804;0;24,26,27,54,60,61,79,137,152,198,208,247,363,366,398,412,457,499,503,528,578,619,728,754,778,787,875,979,987,1244,1268,1269,1270,1272,1273,1275,1277,1278,1279,1280,1287,1288,1290,1291,1292,1293,1294,1295,1322,1567,1587,1592,1781,1782,1787,2091,2157,2174,2178,2197,2220,2409,2419,2512,2796,2847,2888,2941,2968,3421,3606,3907,4112,4122,6360,7018,7059,7953,7954,8285,
60;0;5804;5860;1;24,26,27,54,60,61,79,137,152,198,208,247,363,366,398,412,457,499,503,528,578,619,728,754,778,787,875,979,987,1244,1268,1269,1270,1272,1273,1275,1277,1278,1279,1280,1287,1288,1290,1291,1292,1293,1294,1295,1322,1567,1587,1592,1781,1782,1787,2091,2157,2174,2178,2197,2220,2409,2419,2512,2796,2847,2888,2941,2968,3421,3606,3907,4112,4122,6360,7018,7953,7954,8285,8286,
183;0;5860;5994;1;24,26,27,54,60,61,79,137,152,198,208,247,363,366,398,412,457,499,503,528,578,619,728,754,778,787,875,979,987,1244,1268,1269,1270,1272,1273,1275,1277,1278,1279,1280,1287,1288,1290,1291,1292,1293,1294,1295,1322,1567,1587,1592,1781,1782,1787,2091,2157,2174,2178,2197,2220,2409,2419,2512,2796,2847,2888,2941,2968,3421,3606,3907,4112,4122,6360,7018,7953,7954,8275,8285,
38;1;5994;6137;1;24,26,27,54,60,61,79,137,152,198,208,247,363,366,398,412,457,499,503,528,578,619,728,754,778,787,875,979,987,1244,1268,1269,1270,1272,1273,1275,1277,1278,1279,1280,1287,1288,1290,1291,1292,1293,1294,1295,1322,1567,1587,1592,1781,1782,1787,2091,2157,2174,2178,2197,2220,2409,2419,2512,2796,2847,2888,2941,2968,3421,3606,3907,4112,4122,6360,7018,7899,7953,7954,8285,
29;1;6137;6213;0;24,26,27,40,54,60,61,79,137,152,189,193,198,208,247,255,362,363,366,398,412,457,499,503,528,561,578,732,754,778,787,875,978,979,1268,1269,1270,1272,1273,1275,1277,1278,1280,1287,1288,1291,1292,1293,1294,1295,1322,1567,1587,1781,1782,2080,2089,2091,2197,2220,2409,2419,2512,2847,2941,2968,3606,3707,3907,4112,4122,5101,6360,6790,6791,6792,6793,6794,6795,8285,
22;0;6213;6277;0;24,26,27,30,40,54,60,61,79,137,152,169,189,190,193,198,208,247,255,362,363,366,398,412,457,504,528,578,754,778,787,872,875,972,979,1268,1269,1270,1272,1273,1275,1277,1278,1280,1287,1288,1291,1292,1293,1294,1295,1322,1561,1562,1567,1587,1781,1782,1887,2091,2197,2220,2409,2419,2512,2563,2572,2765,2847,2941,2968,3022,3346,4112,4122,6360,6791,7649,7650,8285,
218;0;6277;6366;1;24,26,27,30,40,54,60,61,79,137,152,169,189,190,193,198,208,247,248,255,362,363,366,398,412,457,504,528,578,754,778,787,872,875,972,979,1264,1268,1269,1270,1272,1273,1275,1277,1278,1280,1287,1288,1291,1292,1293,1294,1295,1322,1512,1561,1562,1567,1587,1710,1781,1782,1887,2091,2197,2220,2409,2419,2512,2611,2847,2941,2968,4112,4122,5316,5334,6360,6791,8285,
1;1;6366;6386;0;24,26,27,30,40,46,52,54,60,61,79,137,152,169,189,190,198,204,208,247,248,255,359,398,412,528,578,722,754,778,787,872,875,972,979,1256,1268,1269,1270,1271,1272,1273,1275,1276,1277,1278,1280,1287,1288,1291,1292,1293,1294,1295,1322,1562,1567,1587,1781,1782,1994,2091,2197,2220,2409,2419,2512,2847,2941,2968,3003,4109,4110,4111,4112,4122,5316,6360,6791,8285,
68;0;6386;6497;1;24,26,27,30,40,46,52,54,60,61,79,137,152,169,189,190,198,204,208,247,248,255,359,398,412,528,578,722,754,778,787,872,875,972,979,1256,1268,1269,1270,1271,1272,1273,1275,1276,1277,1278,1280,1286,1287,1288,1291,1292,1293,1294,1295,1322,1562,1567,1587,1781,1782,1994,2091,2197,2220,2409,2419,2512,2847,2941,2968,3003,4109,4110,4122,5316,6360,6791,7035,8285,
9;1;7200;7347;0;24,26,27,30,40,46,52,54,60,61,79,137,152,169,189,190,198,204,208,247,248,255,359,398,412,528,578,722,754,778,787,872,875,972,979,1256,1268,1269,1270,1271,1272,1273,1275,1276,1277,1278,1280,1286,1287,1288,1291,1292,1293,1294,1295,1322,1374,1562,1566,1567,1568,1569,1587,1781,1782,1994,2091,2197,2220,2409,2419,2512,2847,2941,2968,4122,6360,6791,7035,8285,
19;1;7347;7519;1;24,26,27,30,40,46,48,52,54,60,61,79,137,152,169,189,190,198,204,208,247,248,255,359,398,412,528,578,722,754,778,787,872,875,972,973,979,1013,1047,1256,1261,1268,1269,1270,1271,1272,1273,1275,1277,1278,1280,1287,1288,1292,1293,1294,1295,1322,1562,1567,1587,1650,1781,2091,2197,2220,2270,2409,2419,2847,2941,2968,4122,5278,5279,5280,6360,6791,7035,8285,
27;0;7519;7560;0;24,26,27,30,38,40,46,48,52,54,60,61,70,79,137,152,169,189,190,198,204,208,247,248,255,359,398,412,528,578,722,754,778,787,871,872,874,875,876,877,880,972,973,979,1013,1047,1256,1268,1269,1270,1272,1273,1277,1278,1280,1287,1288,1292,1293,1294,1295,1322,1562,1567,1587,1781,2091,2197,2220,2409,2419,2847,2941,2968,3448,4122,6360,6791,7035,8285,
61;1;7560;7604;1;24,26,27,30,38,40,46,48,52,54,60,61,70,79,137,152,169,189,190,198,204,208,247,248,255,359,398,412,528,578,722,754,778,787,871,872,874,875,876,877,880,972,979,1268,1269,1270,1272,1273,1277,1278,1280,1287,1288,1292,1293,1294,1295,1322,1562,1567,1587,1777,1781,2091,2197,2220,2408,2409,2419,2847,2941,2968,4122,6360,6791,6957,7035,7060,7061,8285,
34;1;7604;7649;0;24,25,26,27,30,34,38,40,46,48,52,54,60,61,79,126,127,128,137,189,198,208,247,255,359,398,412,413,528,551,578,722,759,778,871,872,874,962,972,979,1268,1269,1270,1272,1273,1278,1280,1287,1288,1293,1294,1295,1322,1562,1567,1587,1781,1853,1858,2034,2035,2091,2197,2220,2315,2842,2847,2941,2968,3304,3999,4122,5290,5314,5477,5478,6360,6791,7060,8285,
151;0;7649;7653;1;24,25,26,27,30,34,38,40,46,48,52,54,60,61,79,126,127,128,137,185,189,198,208,247,255,359,398,412,413,491,528,551,578,722,759,778,871,872,873,874,962,972,979,1268,1269,1270,1272,1273,1278,1280,1287,1288,1293,1294,1295,1322,1456,1562,1567,1587,1781,1853,1858,2034,2035,2091,2197,2220,2315,2842,2847,2941,2968,3304,4122,5290,6360,6791,7060,8285,
57;0;7653;7827;0;19,20,24,25,26,27,30,34,38,40,46,48,52,54,60,61,76,79,126,127,128,137,185,189,198,208,247,255,359,364,398,412,476,528,546,578,722,778,871,872,873,874,972,979,1268,1269,1270,1272,1273,1278,1280,1287,1288,1293,1294,1295,1322,1390,1456,1562,1567,1587,1781,2066,2091,2197,2220,2847,2941,2968,3766,4122,4645,5290,5825,6244,6360,6791,7060,8285,
22;1;7827;7895;0;19,20,24,25,26,27,30,34,38,40,46,48,52,54,60,61,76,79,127,128,137,185,189,208,247,255,359,364,398,412,476,528,546,578,722,778,871,872,873,874,972,979,1268,1269,1270,1272,1273,1278,1280,1287,1288,1293,1294,1295,1322,1390,1456,1562,1567,1587,1781,2091,2197,2220,2847,2941,2968,3766,3835,4122,4138,4645,5290,5825,6244,6360,6791,7060,7402,8285,
15;0;7895;7972;1;19,24,26,30,34,38,40,46,54,60,61,79,127,128,137,185,189,208,247,255,359,364,398,412,476,528,546,578,722,778,871,872,873,874,972,979,1268,1269,1270,1272,1273,1278,1280,1287,1288,1293,1294,1295,1322,1390,1400,1401,1456,1505,1562,1567,1587,1762,1781,1813,1821,2091,2197,2220,2454,2455,2456,2457,2458,2847,2941,2968,3766,4122,4645,5290,5825,6244,6360,8285,
13;1;8640;8696;1;19,24,26,30,34,38,40,46,54,60,61,79,127,128,137,185,189,208,247,255,359,364,398,412,476,528,546,578,722,778,871,872,873,874,972,979,1268,1269,1270,1272,1273,1278,1280,1287,1288,1293,1294,1295,1322,1390,1401,1456,1562,1567,1587,1762,1781,2091,2197,2220,2847,2968,3766,4122,4645,5290,5825,6244,6360,6926,7284,7644,7648,8216,8219,8221,8225,8227,8228,8285,
53;1;8696;8716;1;19,24,26,30,34,38,40,46,54,60,61,79,127,128,137,185,189,208,247,255,359,364,398,412,476,528,546,578,722,778,871,872,873,874,972,979,1138,1268,1269,1270,1272,1273,1278,1280,1287,1288,1293,1294,1295,1322,1390,1401,1456,1562,1567,1587,1762,1781,2091,2197,2220,2261,2262,2847,2868,2968,3766,3837,4122,4260,4645,5290,5825,6244,6360,6926,7284,7644,7648,8285,
51;1;8716;8777;0;19,24,26,30,34,37,38,40,46,54,55,60,61,79,127,128,137,185,189,208,247,255,359,364,398,412,476,528,546,578,655,722,778,815,871,872,873,874,972,979,1114,1140,1268,1269,1270,1273,1278,1280,1287,1293,1295,1304,1311,1322,1336,1390,1401,1456,1562,1567,1587,1718,1762,1781,2091,2197,2220,2847,2968,3766,4122,4645,5290,5825,6244,6784,8285,8957,8958,8959,
149;0;8777;8811;0;19,24,26,30,34,37,38,40,46,54,55,60,61,79,127,128,137,185,189,208,247,255,359,364,398,412,476,528,546,578,655,722,778,815,871,872,873,874,972,979,1114,1140,1268,1269,1270,1273,1278,1280,1287,1293,1295,1322,1390,1401,1456,1549,1562,1567,1587,1718,1762,1781,2018,2091,2197,2198,2199,2220,2847,2848,2968,3766,3978,3979,4645,5290,5825,6244,6784,8285,
166;0;8811;8825;1;19,24,26,30,34,37,38,40,46,54,55,60,61,79,127,128,137,185,189,206,208,224,247,255,359,364,398,412,476,528,546,564,578,655,722,778,815,871,872,873,874,972,979,1114,1140,1268,1269,1270,1273,1278,1280,1287,1293,1295,1322,1390,1401,1456,1549,1562,1567,1718,1762,1781,1898,2091,2197,2198,2220,2849,2968,3766,4645,5290,5668,5825,6244,6389,6784,8285,
8;1;8825;8866;0;19,24,26,30,34,37,38,40,46,54,55,60,61,79,127,128,137,185,189,206,208,224,247,255,359,364,398,412,476,528,546,564,578,655,722,778,815,871,872,873,874,972,979,1114,1140,1268,1269,1270,1273,1278,1280,1287,1293,1295,1322,1390,1401,1456,1549,1562,1567,1718,1762,1781,1898,2091,2197,2198,2220,2849,2968,3766,4645,5290,5668,5825,6244,6389,6784,8285,
155;0;8866;9034;0;19,24,26,30,34,37,38,40,46,54,55,60,61,79,127,128,137,185,189,206,208,224,247,255,359,364,398,412,476,528,546,564,578,655,722,778,815,871,872,873,874,972,979,1114,1140,1268,1269,1270,1273,1278,1280,1287,1293,1295,1322,1390,1401,1456,1549,1560,1562,1567,1718,1762,1781,1898,2091,2197,2198,2220,2849,2968,3766,4645,5290,5825,6244,6784,7658,8285,
26;0;9034;9078;0;19,24,26,30,34,37,38,40,46,54,55,60,61,79,127,128,137,185,189,206,208,224,247,255,359,364,398,412,476,528,546,564,578,655,722,778,815,871,872,873,874,972,979,1114,1140,1268,1269,1270,1273,1278,1280,1287,1293,1295,1322,1390,1401,1456,1549,1560,1562,1567,1718,1762,1781,1898,2091,2197,2198,2220,2849,2968,3347,3766,4645,5290,5825,6784,8285,8546,
186;0;9078;9252;1;19,24,38,60,61,74,117,137,150,185,186,189,202,247,398,454,460,528,578,655,867,872,972,979,1068,1152,1226,1268,1269,1270,1273,1278,1280,1287,1293,1295,1322,1390,1401,1511,1562,1567,1718,1762,1781,1875,2198,2220,2276,2337,2845,2921,2936,2968,3004,3082,3347,3612,4074,5175,5266,5290,5708,5927,6510,6568,6678,6776,6784,7826,7975,8060,8061,8062,8063,8064,8065,8066,8256,8285,
63;0;9252;9409;0;19,24,38,41,60,61,74,117,137,150,185,186,189,202,247,398,454,460,528,578,655,867,872,972,979,1068,1142,1152,1226,1268,1269,1270,1273,1278,1280,1287,1293,1295,1322,1390,1401,1457,1464,1465,1511,1562,1567,1718,1762,1781,1875,2198,2220,2276,2337,2845,2921,2936,2968,3004,3082,3347,3612,4074,5175,5266,5290,5708,5927,6510,6568,6678,6776,6784,7826,7975,8060,8061,8062,8285,
Machine: 3
11;1;0;134;1;3,60,137,140,144,225,231,262,270,290,291,292,351,377,386,398,404,647,678,694,920,926,1093,1117,1118,1170,1278,1280,1293,1295,1378,1380,1390,1401,1475,1476,1477,1501,1521,1762,2120,2127,2220,2657,2815,2904,3347,3712,4034,4093,4390,4470,4472,4545,4572,4573,4574,4575,4576,4577,4578,4579,4580,4581,4582,4583,4584,4585,4586,4587,4588,4589,4590,4591,4592,4593,4594,4595,4596,4597,
55;0;134;232;1;3,60,137,140,144,225,231,254,262,270,290,291,292,351,377,386,398,404,647,678,694,920,926,1093,1117,1118,1170,1278,1280,1293,1295,1378,1380,1390,1401,1426,1475,1476,1477,1501,1521,1762,1930,2120,2127,2220,2657,2815,2904,3126,3347,3712,4034,4093,4225,4390,4470,4472,4545,4572,4573,4574,4575,4576,4577,4578,4579,4580,4581,4582,4583,4584,4585,4586,4587,4588,4589,4597,6757,7891,
4;1;232;383;0;3,60,95,137,140,144,149,225,231,254,262,270,290,291,292,308,351,377,386,391,398,404,647,678,694,838,891,920,926,938,1056,1093,1117,1118,1148,1164,1165,1166,1167,1169,1170,1171,1172,1176,1278,1280,1293,1295,1359,1378,1380,1390,1401,1426,1467,1475,1476,1477,1501,1521,1762,1930,2120,2127,2220,2657,2815,2904,3126,3347,3712,4034,4093,4225,4390,4470,4472,4545,4572,4597,
52;0;383;559;0;3,60,95,137,140,144,149,177,178,179,180,181,182,183,184,225,231,254,262,270,290,291,292,308,351,377,386,391,398,404,647,678,694,838,891,920,926,938,1056,1093,1117,1118,1148,1164,1165,1166,1167,1169,1170,1171,1172,1176,1278,1280,1293,1295,1359,1378,1380,1390,1401,1426,1467,1475,1476,1477,1501,1521,1676,1762,1930,2120,2127,2220,2657,2815,3347,4093,4472,4597,
64;0;559;724;1;3,60,93,95,137,140,144,149,177,178,179,180,181,182,183,184,225,231,254,262,270,276,290,291,292,308,343,351,377,386,391,398,404,647,691,694,766,769,838,843,858,891,1093,1117,1118,1148,1170,1278,1280,1293,1295,1390,1401,1476,1521,1676,2220,2594,2637,2692,3152,3347,3618,4093,4408,4472,4597,7222,7223,7224,7225,7226,7227,7228,7229,7230,7231,7232,7233,7234,
208;0;1440;1491;1;3,60,93,95,137,139,140,144,149,177,178,179,180,181,182,183,184,225,231,254,262,270,276,290,291,292,308,333,343,351,377,386,391,398,404,647,691,694,766,769,838,843,858,891,948,1093,1117,1118,1148,1170,1233,1236,1278,1280,1293,1295,1390,1401,1476,1478,1521,1676,1749,2220,2594,2637,2692,3152,3347,3618,4093,4408,4472,4553,4597,6850,7222,7223,7224,7225,
66;1;1491;1638;0;3,60,93,95,137,139,140,144,149,177,178,179,180,181,182,183,184,225,231,254,262,270,276,290,291,292,293,308,333,343,351,377,386,391,398,404,647,691,694,766,769,835,838,843,855,858,891,898,948,1093,1117,1118,1148,1170,1233,1236,1278,1280,1293,1295,1390,1401,1476,1478,1521,1676,2220,2354,2594,2637,3152,3291,3347,3618,4093,4371,4472,4553,4597,5627,
24;1;1638;1700;0;3,60,88,93,95,97,137,139,140,144,149,177,178,179,180,181,182,225,231,262,276,277,291,308,343,377,391,404,647,691,694,767,769,773,838,855,858,891,898,948,1093,1117,1118,1148,1170,1233,1236,1278,1280,1293,1295,1390,1401,1476,1478,1521,1530,1676,1914,1915,2220,2668,2714,2806,2898,2988,3291,3347,3618,4093,4472,4553,4597,6098,6099,7217,7423,8238,8567,8568,
21;1;1700;1864;0;3,60,88,93,95,97,137,139,140,144,149,177,178,179,180,181,182,225,231,262,276,277,291,308,343,377,391,404,647,691,694,767,769,773,838,855,858,891,898,948,1093,1117,1118,1148,1170,1233,1236,1278,1280,1293,1295,1390,1401,1476,1478,1521,1530,1676,1914,1915,2220,2668,2714,2806,2898,2988,3204,3291,3347,3618,4093,4472,4553,4597,6098,6099,7217,7423,8111,8238,
2;1;1864;1891;1;3,60,88,93,95,97,137,139,140,144,149,177,178,179,180,181,182,225,231,262,276,277,291,308,343,377,391,404,647,691,694,767,769,773,838,855,858,891,898,948,1093,1117,1118,1148,1170,1233,1236,1278,1280,1293,1295,1390,1401,1476,1478,1521,1530,1676,1914,1915,2220,2668,2714,2806,2898,2988,3204,3291,3347,3618,4093,4472,4553,4597,6098,6099,7217,7368,7423,8111,
8;0;1891;2043;0;3,60,88,93,95,97,100,137,139,140,144,145,149,177,178,179,180,181,182,225,231,262,276,277,288,291,308,329,343,377,391,404,647,691,694,767,769,773,838,855,858,891,898,948,1093,1117,1118,1148,1170,1233,1236,1278,1280,1293,1295,1390,1401,1476,1478,1521,1530,1676,1818,1914,1915,2220,2668,2714,2806,2898,2988,3204,3291,3347,3618,4093,4472,4553,4597,6407,
55;1;2043;2088;1;3,60,100,137,139,144,145,177,225,231,262,276,277,288,291,308,329,343,377,391,404,647,691,694,767,769,838,855,858,891,898,948,1093,1117,1118,1147,1148,1170,1233,1236,1278,1280,1293,1295,1348,1390,1476,1478,1521,1528,1676,1915,2220,2589,2627,2779,2808,2898,3291,3347,3618,3745,4472,4553,5531,5532,7318,7460,7816,7886,8391,8583,8978,8979,8980,8981,8982,8983,8984,8985,
30;1;2088;2160;0;3,60,100,137,139,144,145,177,225,231,262,276,277,288,291,308,321,329,343,377,391,396,404,640,647,691,694,767,769,838,855,858,891,898,948,949,1093,1117,1118,1147,1148,1170,1233,1236,1278,1280,1293,1295,1348,1390,1398,1476,1478,1521,1528,1676,1763,1915,2220,2589,2627,2779,2808,2898,3291,3347,3618,3745,4472,4553,5531,5532,7318,7460,7816,7886,8391,8583,8978,8979,
213;0;2880;3027;1;2,3,60,100,137,139,144,145,177,225,231,262,276,277,288,291,308,321,329,343,377,391,396,404,640,647,691,694,767,769,838,855,858,891,898,948,949,1093,1117,1118,1147,1148,1170,1233,1236,1278,1280,1293,1295,1348,1390,1398,1476,1478,1481,1521,1528,1676,1763,1915,2220,2224,2589,2627,2779,2808,2898,3291,3347,3618,3745,4472,4553,5182,5206,5531,5532,7318,7460,7816,
23;1;3027;3096;1;2,3,60,100,137,139,144,145,177,225,231,241,262,276,277,288,291,308,321,329,343,377,391,396,400,404,640,647,648,691,694,767,769,838,855,858,891,898,948,949,1093,1117,1118,1147,1148,1170,1233,1236,1278,1280,1293,1295,1348,1390,1398,1476,1478,1481,1521,1528,1676,1763,1803,1915,2220,2224,2589,2627,2779,2808,2898,3278,3291,3347,3618,3745,4472,4553,5206,6342,
12;0;3096;3120;0;2,3,60,100,137,139,144,145,177,225,231,241,262,276,277,288,291,308,321,329,343,377,391,396,400,404,640,647,648,691,694,767,769,838,855,858,891,898,948,949,1093,1117,1118,1147,1148,1170,1233,1236,1278,1280,1293,1295,1390,1476,1478,1481,1676,1763,1915,2220,2224,2627,2898,3232,3291,3347,3469,3472,3475,3486,3487,3498,3618,3687,3688,3689,3690,4472,4553,5206,
144;0;3120;3280;0;2,3,60,100,137,139,144,145,177,225,231,241,262,276,277,288,291,308,321,329,343,377,391,396,400,404,640,647,648,691,694,767,769,838,855,858,891,898,948,949,1093,1117,1118,1147,1148,1170,1233,1236,1278,1280,1293,1295,1390,1476,1478,1481,1676,1763,1915,2220,2224,2627,2898,3232,3291,3347,3469,3472,3475,3486,3487,3498,3618,3687,3688,3689,3690,4472,4553,5206,
178;0;3280;3458;1;2,3,60,100,137,139,144,145,177,225,228,229,231,234,240,241,243,245,262,268,273,276,277,286,288,291,308,321,329,343,377,391,429,647,691,694,767,769,827,838,855,858,891,898,949,1093,1094,1096,1097,1099,1117,1118,1148,1170,1236,1278,1280,1293,1295,1390,1472,1476,1478,1481,1676,1763,1915,2103,2220,2224,2627,2898,3291,3347,3618,4472,4553,4881,4882,5206,
198;0;3458;3510;1;2,3,60,91,98,100,137,139,144,145,177,225,228,229,231,234,240,241,262,268,273,276,277,286,288,291,308,321,329,337,340,343,377,391,429,583,647,691,694,765,767,769,838,855,858,891,898,949,1078,1093,1117,1118,1148,1170,1236,1278,1280,1293,1295,1476,1478,1481,1676,1763,1844,1883,1884,1885,1886,1915,2220,2224,2627,2898,3291,3347,3618,4472,4553,5206,
142;0;3510;3588;0;2,3,59,60,91,98,100,137,139,144,145,170,177,196,221,225,228,229,231,234,240,262,268,273,276,277,286,288,291,308,321,329,343,377,391,429,547,647,691,694,765,767,769,838,855,891,898,949,1093,1117,1118,1148,1170,1236,1278,1280,1293,1295,1476,1478,1481,1541,1676,1763,1844,1884,1915,1936,2031,2220,2224,2414,2627,2898,3291,3347,3618,4472,4553,5206,
153;0;3588;3657;0;2,3,59,60,91,100,136,137,139,142,144,145,177,225,231,262,268,273,276,277,286,288,291,308,314,321,329,343,377,391,429,647,691,694,765,767,769,838,855,891,898,949,1058,1093,1117,1118,1148,1170,1236,1278,1293,1295,1476,1478,1479,1481,1676,1763,1802,1844,1884,1915,1947,2109,2220,2224,2627,2716,2898,3291,3618,4472,4553,5206,6185,7010,7321,7855,7856,7857,
59;1;4320;4472;1;2,3,59,60,91,100,136,137,139,142,144,145,177,225,231,262,268,273,276,277,286,288,291,308,314,321,329,343,377,391,429,647,691,694,765,767,769,838,855,891,898,949,1058,1093,1117,1118,1148,1170,1236,1278,1293,1295,1476,1478,1479,1481,1676,1763,1802,1844,1884,1915,1947,2109,2220,2224,2627,2716,2898,3291,3618,4472,4553,5206,6185,7010,7321,7855,7856,8159,
31;1;4472;4587;0;2,3,59,60,91,100,136,137,139,142,144,145,177,225,231,262,268,273,276,277,286,288,291,308,314,321,329,343,377,391,429,598,634,647,691,694,765,767,769,838,855,891,898,949,1058,1087,1093,1117,1118,1148,1170,1236,1262,1278,1293,1295,1476,1478,1479,1481,1676,1763,1781,1802,1844,1884,1915,2173,2220,2224,2627,2898,3291,3618,4217,4456,4472,4553,5206,5949,
9;0;4587;4621;0;2,3,59,60,87,91,100,136,137,139,142,144,145,177,225,231,262,268,273,276,277,286,288,291,308,314,321,329,343,377,391,429,598,634,647,691,694,765,767,769,838,849,855,891,898,949,1058,1087,1093,1117,1118,1136,1148,1170,1236,1262,1278,1293,1295,1476,1478,1481,1676,1680,1763,1781,1844,1884,1915,2224,2627,2898,2986,3291,3618,4472,4553,4744,4791,5206,
41;1;4621;4690;1;2,3,59,60,87,91,100,136,137,139,142,144,145,177,225,231,262,268,273,276,277,286,288,291,302,305,308,310,314,321,329,343,377,380,391,429,595,598,634,647,691,694,765,767,769,838,849,855,891,892,894,898,949,1058,1087,1093,1117,1118,1131,1136,1148,1170,1236,1262,1278,1293,1430,1478,1481,1676,1763,1781,1844,1884,1915,2224,2898,4472,4553,5206,
216;0;4690;4758;0;2,3,59,60,87,91,100,136,137,139,142,144,145,177,225,231,262,268,273,276,277,286,288,291,302,305,308,310,314,321,322,329,343,377,379,380,391,429,595,598,634,647,691,694,765,767,769,838,849,855,891,892,894,898,949,1058,1087,1093,1117,1118,1131,1148,1170,1236,1293,1478,1481,1676,1763,1781,1884,1915,2224,2394,2898,3284,3292,4472,4553,5206,
191;0;4758;4928;1;2,3,59,60,61,87,91,100,136,137,139,142,144,145,165,177,225,231,247,251,262,268,273,276,277,286,288,291,302,305,308,310,314,321,322,329,343,377,379,380,391,429,528,533,595,598,634,647,694,734,765,769,838,849,855,891,949,1093,1117,1118,1148,1170,1236,1268,1269,1273,1293,1481,1676,1763,1781,1884,1915,2221,2224,2898,4308,4309,4553,5206,
63;1;4928;4977;0;2,3,59,60,61,87,91,100,136,137,139,142,144,145,165,177,225,231,247,251,262,273,276,288,291,295,302,305,310,314,321,329,343,377,429,647,694,734,765,769,838,849,855,891,949,1093,1117,1118,1133,1134,1148,1170,1236,1293,1481,1540,1604,1676,1763,1781,1815,1884,1915,2053,2133,2224,2544,2696,2898,3630,4227,4428,4553,4996,5011,5206,5217,5218,5322,5338,
64;1;4977;4999;1;2,3,59,60,61,87,91,100,136,137,139,142,144,145,146,165,177,225,231,247,251,262,273,276,288,291,295,302,305,310,314,321,329,343,377,429,591,647,694,734,765,769,838,849,855,891,949,1054,1093,1117,1118,1120,1124,1133,1134,1148,1170,1236,1293,1481,1540,1604,1676,1735,1736,1763,1781,1815,1884,1915,2053,2133,2224,2544,2696,2898,4834,5257,5511,5512,
43;0;4999;5149;1;2,3,59,60,61,87,91,100,136,137,139,142,144,145,146,165,177,225,231,247,251,262,273,276,288,291,295,302,305,310,314,321,329,343,377,429,591,647,694,715,734,765,769,838,849,855,891,949,1054,1093,1117,1118,1120,1124,1133,1134,1170,1236,1293,1481,1599,1676,1781,1884,1915,2678,2683,5392,5530,5637,5795,5868,6225,7295,7296,7297,7299,7943,8777,8778,
180;0;5760;5824;0;2,3,59,60,61,87,91,100,136,137,139,142,144,145,146,165,177,225,231,247,251,262,273,276,288,291,295,302,305,310,314,321,329,343,377,429,591,644,647,694,734,765,769,838,855,949,1093,1118,1170,1201,1236,1293,1481,1539,1599,1676,1781,1837,1884,1915,2628,2778,3263,4603,4604,4612,4613,4617,4761,5229,5270,5406,5873,6749,6750,6751,6752,6753,6754,7943,
20;1;5824;5920;1;2,3,59,60,61,87,91,100,136,137,139,142,144,145,146,177,225,231,247,262,273,276,288,291,302,305,310,314,321,329,377,397,429,647,734,769,838,839,855,901,949,1093,1118,1170,1236,1293,1481,1599,1676,1781,1809,1884,1915,2504,2645,2774,2778,3263,3435,4604,4605,4606,4612,4759,4800,5043,5890,5891,5892,5894,5895,5898,5899,5901,6126,6127,6128,6129,6130,7943,
40;1;5920;5982;1;2,3,59,60,61,87,91,100,136,137,139,142,144,145,146,177,225,231,247,262,273,276,288,291,302,305,310,314,317,321,329,377,397,429,442,647,734,769,838,839,855,901,949,1093,1118,1121,1132,1170,1236,1293,1474,1481,1599,1676,1781,1809,1884,1915,1932,2504,2645,2774,2778,3263,3389,3435,4604,4605,4606,4612,4759,4800,5043,5890,5891,5892,5894,5895,5898,7943,
24;0;5982;6007;0;2,3,59,60,61,87,91,100,136,137,139,142,144,145,146,177,225,231,247,262,273,276,288,291,302,305,310,314,317,321,329,377,397,429,442,647,734,769,838,839,855,901,949,1093,1118,1121,1132,1170,1236,1293,1474,1481,1599,1676,1781,1809,1884,1915,1932,2504,2645,2774,2778,3263,3389,3435,4604,4605,4606,4612,6138,7943,8123,8283,8285,8315,8316,8317,8318,8319,
50;0;6007;6075;0;2,3,59,60,61,87,91,100,136,137,139,142,144,145,146,177,225,231,247,262,273,276,288,291,302,305,310,314,317,321,329,377,397,429,442,647,734,769,814,838,839,855,901,949,1046,1093,1118,1121,1132,1170,1236,1293,1442,1474,1481,1567,1599,1676,1781,1809,1884,1915,1932,2504,2645,2774,2778,3263,3389,3435,4604,4605,4606,4612,6138,6418,6419,6578,7943,8543,
1;0;6075;6152;0;2,3,59,60,61,87,91,100,136,137,139,142,144,145,146,177,225,231,247,262,273,276,288,291,302,305,310,314,317,321,329,377,397,429,442,647,734,769,814,838,839,855,901,949,1046,1093,1118,1121,1132,1170,1236,1293,1442,1474,1481,1567,1599,1676,1781,1809,1884,1915,1932,2504,2645,2774,2778,3263,3389,3435,4604,5529,7943,8134,8137,8190,8195,8196,8197,8198,
18;0;6152;6249;0;2,3,23,27,59,60,61,87,91,100,117,136,137,139,142,144,145,146,177,225,231,247,262,273,276,288,291,321,647,734,769,855,1093,1118,1236,1285,1287,1289,1293,1313,1481,1577,1599,1781,1809,1915,2187,2856,2941,2968,3702,4487,4488,4754,4986,5175,6312,6313,6784,6791,7026,7038,7060,7875,7943,8332,8401,8863,8875,8902,8934,8935,8936,8937,8938,8939,8940,8941,8942,8943,
25;1;6249;6396;1;2,3,23,27,59,60,61,87,91,100,117,136,137,139,142,144,145,146,177,225,231,247,262,273,276,288,291,321,647,734,769,854,855,911,912,1093,1118,1236,1285,1287,1289,1293,1313,1481,1488,1577,1599,1781,1809,1915,2187,2492,2532,2695,2783,2856,2941,4552,4632,4650,5259,5698,5700,7711,7712,7713,7714,7715,7716,7717,7718,7719,7720,7721,7722,7723,7724,7725,7726,7727,
212;0;6396;6553;0;2,3,23,27,59,60,61,87,91,100,117,136,137,139,142,144,145,146,177,189,225,231,247,262,273,276,288,291,321,647,734,769,854,855,911,912,1093,1118,1236,1270,1285,1287,1289,1293,1313,1322,1481,1488,1577,1599,1781,1809,1915,2154,2187,2492,2532,2695,2783,2856,2941,4552,4632,4650,5259,5698,5700,7711,7712,7713,7714,7715,7716,7717,7718,7719,7720,7721,7722,7723,
END;228;2468;205;0;2322
TIME;1820793
