./input/MyInstancesDiferentToolSets/n=499,p=0.25,r=0.5,t=748,v0.csv;./input/Processed/ToolSetInt.csv
4;720;1440
Machine: 0
460;0;0;152;0;24,38,60,61,137,139,149,189,208,225,262,295,429,521,522,523,524,640,647,659,831,855,863,871,872,873,874,891,1118,1142,1287,1296,1360,1405,1456,1460,1461,1478,1481,1541,1670,1682,1723,2240,2536,2738,2836,3037,3051,3126,3345,3347,3712,4313,4317,4816,5139,5976,5998,6095,6096,6097,6340,6517,6617,6644,7362,7368,7376,7377,7431,7513,8159,8463,8465,8466,8467,8487,8546,9158,
109;1;152;212;0;24,38,60,61,137,139,149,189,208,225,262,295,429,521,522,523,524,640,647,659,831,855,863,871,872,873,874,891,1118,1142,1287,1296,1360,1405,1456,1460,1461,1478,1481,1541,1670,1682,1723,2240,2536,2738,2836,3037,3051,3126,3345,3347,3712,4313,4317,4816,5139,5976,5998,6095,6096,6097,6340,6517,6617,6644,7362,7368,7376,7377,7431,7513,8159,8463,8465,8466,8467,8487,8546,9158,
420;0;212;390;0;24,38,60,61,137,139,149,189,208,225,262,295,429,521,522,523,524,640,647,659,831,855,863,871,872,873,874,891,1118,1142,1287,1296,1360,1405,1456,1460,1461,1478,1481,1541,1670,1682,1723,2240,2536,2738,2836,3037,3051,3126,3345,3347,3712,4313,4317,4816,5139,5976,5998,6095,6096,6097,6340,6517,6617,6644,7362,7368,7376,7377,7431,7513,8159,8463,8465,8466,8467,8487,8546,9158,
426;0;390;471;0;24,38,60,61,137,139,149,189,208,225,262,295,429,521,522,523,524,640,647,659,831,855,863,871,872,873,874,891,1118,1142,1287,1296,1360,1405,1456,1460,1461,1478,1481,1541,1670,1682,1723,2240,2536,2738,2836,3037,3051,3126,3345,3347,3712,4313,4317,4816,5139,5976,5998,6095,6096,6097,6340,6517,6617,6644,7362,7368,7376,7377,7431,7513,8159,8463,8465,8466,8467,8487,8546,9158,
107;1;471;521;0;24,38,60,61,137,139,149,189,208,225,262,295,429,521,522,523,524,640,647,659,831,855,863,871,872,873,874,891,1118,1142,1287,1296,1360,1405,1456,1460,1461,1478,1481,1541,1670,1682,1723,2240,2536,2738,2836,3037,3051,3126,3345,3347,3712,4313,4317,4816,5139,5976,5998,6095,6096,6097,6340,6517,6617,6644,7362,7368,7376,7377,7431,7513,8159,8463,8465,8466,8467,8487,8546,9158,
38;1;521;671;1;24,38,60,61,137,139,149,189,208,225,262,295,429,521,522,523,524,640,647,659,831,855,863,871,872,873,874,891,1118,1142,1287,1296,1360,1405,1456,1460,1461,1478,1481,1541,1670,1682,1723,2240,2536,2738,2836,3037,3051,3126,3345,3347,3712,4313,4317,4816,5139,5976,5998,6095,6096,6097,6340,6517,6617,6644,7362,7368,7376,7377,7431,7513,8159,8463,8465,8466,8467,8487,8546,9158,
92;1;671;835;0;24,38,60,61,137,139,149,189,208,225,262,295,429,521,522,523,524,640,647,659,831,855,863,871,872,873,874,891,1118,1142,1287,1296,1360,1405,1456,1460,1461,1478,1481,1541,1670,1682,1723,2240,2536,2738,2836,3037,3051,3126,3345,3347,3712,4313,4317,4816,5139,5976,5998,6095,6096,6097,6340,6517,6617,6644,7362,7368,7376,7377,7431,7513,8159,8463,8465,8466,8467,8487,8546,9158,
35;1;835;999;0;24,38,60,61,137,139,149,189,208,225,262,295,429,521,522,523,524,640,647,659,831,855,863,871,872,873,874,891,1118,1142,1287,1296,1360,1405,1456,1460,1461,1478,1481,1541,1670,1682,1723,2240,2536,2738,2836,3037,3051,3126,3345,3347,3712,4313,4317,4816,5139,5976,5998,6095,6096,6097,6340,6517,6617,6644,7362,7368,7376,7377,7431,7513,8159,8463,8465,8466,8467,8487,8546,9158,
13;0;999;1136;0;24,38,60,61,137,139,149,189,208,225,262,295,429,521,522,523,524,640,647,659,831,855,863,871,872,873,874,891,1118,1142,1287,1296,1360,1405,1456,1460,1461,1478,1481,1541,1670,1682,1723,2240,2536,2738,2836,3037,3051,3126,3345,3347,3712,4313,4317,4816,5139,5976,5998,6095,6096,6097,6340,6517,6617,6644,7362,7368,7376,7377,7431,7513,8159,8463,8465,8466,8467,8487,8546,9158,
5;0;1136;1216;0;24,38,60,61,137,139,149,189,208,225,262,295,429,521,522,523,524,640,647,659,831,855,863,871,872,873,874,891,1118,1142,1287,1296,1360,1405,1456,1460,1461,1478,1481,1541,1670,1682,1723,2240,2536,2738,2836,3037,3051,3126,3345,3347,3712,4313,4317,4816,5139,5976,5998,6095,6096,6097,6340,6517,6617,6644,7362,7368,7376,7377,7431,7513,8159,8463,8465,8466,8467,8487,8546,9158,
62;0;1216;1300;0;24,38,60,61,137,139,149,189,208,225,262,295,429,521,522,523,524,640,647,659,831,855,863,871,872,873,874,891,1118,1142,1287,1296,1360,1405,1456,1460,1461,1478,1481,1541,1670,1682,1723,2240,2536,2738,2836,3037,3051,3126,3345,3347,3712,4313,4317,4816,5139,5976,5998,6095,6096,6097,6340,6517,6617,6644,7362,7368,7376,7377,7431,7513,8159,8463,8465,8466,8467,8487,8546,9158,
92;0;1300;1429;0;24,38,60,61,137,139,149,189,208,225,262,295,429,521,522,523,524,640,647,659,831,855,863,871,872,873,874,891,1118,1142,1287,1296,1360,1405,1456,1460,1461,1478,1481,1541,1670,1682,1723,2240,2536,2738,2836,3037,3051,3126,3345,3347,3712,4313,4317,4816,5139,5976,5998,6095,6096,6097,6340,6517,6617,6644,7362,7368,7376,7377,7431,7513,8159,8463,8465,8466,8467,8487,8546,9158,
53;0;1429;1515;0;24,38,60,61,137,139,149,189,208,225,262,295,429,521,522,523,524,640,647,659,831,855,863,871,872,873,874,891,1118,1142,1287,1296,1360,1405,1456,1460,1461,1478,1481,1541,1670,1682,1723,2240,2536,2738,2836,3037,3051,3126,3345,3347,3712,4313,4317,4816,5139,5976,5998,6095,6096,6097,6340,6517,6617,6644,7362,7368,7376,7377,7431,7513,8159,8463,8465,8466,8467,8487,8546,9158,
70;1;1515;1605;0;24,38,60,61,137,139,149,189,208,225,262,295,429,521,522,523,524,640,647,659,831,855,863,871,872,873,874,891,1118,1142,1287,1296,1360,1405,1456,1460,1461,1478,1481,1541,1670,1682,1723,2240,2536,2738,2836,3037,3051,3126,3345,3347,3712,4313,4317,4816,5139,5976,5998,6095,6096,6097,6340,6517,6617,6644,7362,7368,7376,7377,7431,7513,8159,8463,8465,8466,8467,8487,8546,9158,
28;1;1605;1686;0;24,38,60,61,137,139,149,189,208,225,262,295,429,521,522,523,524,640,647,659,831,855,863,871,872,873,874,891,1118,1142,1287,1296,1360,1405,1456,1460,1461,1478,1481,1541,1670,1682,1723,2240,2536,2738,2836,3037,3051,3126,3345,3347,3712,4313,4317,4816,5139,5976,5998,6095,6096,6097,6340,6517,6617,6644,7362,7368,7376,7377,7431,7513,8159,8463,8465,8466,8467,8487,8546,9158,
145;0;1686;1763;0;24,38,60,61,137,139,149,189,208,225,262,295,429,521,522,523,524,640,647,659,831,855,863,871,872,873,874,891,1118,1142,1287,1296,1360,1405,1456,1460,1461,1478,1481,1541,1670,1682,1723,2240,2536,2738,2836,3037,3051,3126,3345,3347,3712,4313,4317,4816,5139,5976,5998,6095,6096,6097,6340,6517,6617,6644,7362,7368,7376,7377,7431,7513,8159,8463,8465,8466,8467,8487,8546,9158,
374;0;1763;1864;1;24,38,60,61,137,139,149,189,208,225,262,295,429,521,522,523,524,640,647,659,831,855,863,871,872,873,874,891,1118,1142,1287,1296,1360,1405,1456,1460,1461,1478,1481,1541,1670,1682,1723,2240,2536,2738,2836,3037,3051,3126,3345,3347,3712,4313,4317,4816,5139,5976,5998,6095,6096,6097,6340,6517,6617,6644,7362,7368,7376,7377,7431,7513,8159,8463,8465,8466,8467,8487,8546,9158,
6;0;1864;2024;1;24,38,60,61,137,139,149,189,208,225,262,295,429,521,522,523,524,640,647,659,831,855,863,871,872,873,874,891,1118,1142,1287,1296,1360,1405,1456,1460,1461,1478,1481,1541,1670,1682,1723,2240,2536,2738,2836,3037,3051,3126,3345,3347,3712,4313,4317,4816,5139,5976,5998,6095,6096,6097,6340,6517,6617,6644,7362,7368,7376,7377,7431,7513,8159,8463,8465,8466,8467,8487,8546,9158,
118;0;2024;2092;0;24,38,60,61,137,139,149,189,208,225,262,295,429,521,522,523,524,640,647,659,831,855,863,871,872,873,874,891,1118,1142,1287,1296,1360,1405,1456,1460,1461,1478,1481,1541,1670,1682,1723,2240,2536,2738,2836,3037,3051,3126,3345,3347,3712,4313,4317,4816,5139,5976,5998,6095,6096,6097,6340,6517,6617,6644,7362,7368,7376,7377,7431,7513,8159,8463,8465,8466,8467,8487,8546,9158,
131;1;2092;2256;0;24,38,60,61,137,139,149,189,208,225,262,295,429,521,522,523,524,640,647,659,831,855,863,871,872,873,874,891,1118,1142,1287,1296,1360,1405,1456,1460,1461,1478,1481,1541,1670,1682,1723,2240,2536,2738,2836,3037,3051,3126,3345,3347,3712,4313,4317,4816,5139,5976,5998,6095,6096,6097,6340,6517,6617,6644,7362,7368,7376,7377,7431,7513,8159,8463,8465,8466,8467,8487,8546,9158,
433;0;2256;2354;0;24,38,60,61,137,139,149,189,208,225,262,295,429,521,522,523,524,640,647,659,831,855,863,871,872,873,874,891,1118,1142,1287,1296,1360,1405,1456,1460,1461,1478,1481,1541,1670,1682,1723,2240,2536,2738,2836,3037,3051,3126,3345,3347,3712,4313,4317,4816,5139,5976,5998,6095,6096,6097,6340,6517,6617,6644,7362,7368,7376,7377,7431,7513,8159,8463,8465,8466,8467,8487,8546,9158,
91;1;2354;2529;0;24,38,60,61,137,139,149,189,208,225,262,295,429,521,522,523,524,640,647,659,831,855,863,871,872,873,874,891,1118,1142,1287,1296,1360,1405,1456,1460,1461,1478,1481,1541,1670,1682,1723,2240,2536,2738,2836,3037,3051,3126,3345,3347,3712,4313,4317,4816,5139,5976,5998,6095,6096,6097,6340,6517,6617,6644,7362,7368,7376,7377,7431,7513,8159,8463,8465,8466,8467,8487,8546,9158,
450;0;2529;2704;0;24,38,60,61,137,139,149,189,208,225,262,295,429,521,522,523,524,640,647,659,831,855,863,871,872,873,874,891,1118,1142,1287,1296,1360,1405,1456,1460,1461,1478,1481,1541,1670,1682,1723,2240,2536,2738,2836,3037,3051,3126,3345,3347,3712,4313,4317,4816,5139,5976,5998,6095,6096,6097,6340,6517,6617,6644,7362,7368,7376,7377,7431,7513,8159,8463,8465,8466,8467,8487,8546,9158,
130;1;2704;2850;0;24,38,60,61,137,139,149,189,208,225,262,295,429,521,522,523,524,640,647,659,831,855,863,871,872,873,874,891,1118,1142,1287,1296,1360,1405,1456,1460,1461,1478,1481,1541,1670,1682,1723,2240,2536,2738,2836,3037,3051,3126,3345,3347,3712,4313,4317,4816,5139,5976,5998,6095,6096,6097,6340,6517,6617,6644,7362,7368,7376,7377,7431,7513,8159,8463,8465,8466,8467,8487,8546,9158,
70;0;2850;3018;0;24,38,60,61,137,139,149,189,208,225,262,295,429,521,522,523,524,640,647,659,831,855,863,871,872,873,874,891,1118,1142,1287,1296,1360,1405,1456,1460,1461,1478,1481,1541,1670,1682,1723,2240,2536,2738,2836,3037,3051,3126,3345,3347,3712,4313,4317,4816,5139,5976,5998,6095,6096,6097,6340,6517,6617,6644,7362,7368,7376,7377,7431,7513,8159,8463,8465,8466,8467,8487,8546,9158,
25;1;3018;3191;1;24,38,60,61,137,139,144,145,149,189,208,225,231,262,277,295,404,429,521,522,523,524,640,647,659,831,855,863,871,872,873,874,891,1117,1118,1142,1287,1296,1360,1405,1456,1460,1461,1478,1479,1481,1541,1670,1682,1723,1920,1922,2240,2536,2738,2836,3037,3051,3126,3345,3347,3712,4220,4313,4317,4816,5139,5976,5998,6095,6096,6097,6340,6517,6617,6644,7362,7368,7376,8467,
156;1;3191;3366;1;24,26,38,60,61,137,139,144,145,149,189,208,225,231,262,277,295,404,429,521,522,528,598,640,647,659,831,855,863,871,872,873,874,891,1117,1118,1142,1268,1287,1288,1292,1293,1294,1322,1360,1456,1460,1461,1478,1479,1481,1541,1670,1682,1723,1782,1920,1922,2239,2240,2241,2242,2263,2407,2536,2836,3026,3027,3037,3051,3126,3345,3347,4220,4313,4317,5139,5976,6517,8467,
142;1;3366;3530;0;24,26,38,60,61,137,139,144,145,149,189,208,225,231,262,277,295,404,429,521,522,528,598,640,647,659,831,855,863,871,872,873,874,891,1117,1118,1142,1268,1287,1288,1293,1294,1322,1360,1456,1460,1461,1478,1479,1481,1541,1670,1682,1723,1782,1920,1922,2239,2240,2241,2242,2263,2407,2536,2836,3037,3051,3126,3345,3347,4220,4313,4317,5139,5976,6517,8467,8511,8512,8513,
15;0;3530;3616;1;24,26,38,60,61,137,139,144,145,149,189,208,225,231,262,277,295,404,429,521,522,528,598,640,647,659,831,855,863,871,872,873,874,891,1117,1118,1142,1268,1287,1288,1293,1294,1322,1360,1456,1460,1461,1478,1479,1481,1541,1670,1682,1723,1782,1920,1922,2239,2240,2241,2242,2263,2407,2536,2836,3037,3051,3126,3345,3347,4220,4313,4317,5139,5976,6517,8467,8511,8512,8513,
51;0;4320;4486;1;24,26,38,60,61,79,110,137,139,144,145,149,189,208,225,231,262,277,404,429,522,528,640,647,831,855,863,871,872,873,874,891,1031,1117,1118,1142,1217,1225,1240,1268,1281,1287,1288,1293,1294,1322,1360,1456,1478,1479,1481,1507,1508,1509,1510,1511,1541,1670,1682,1782,1920,1922,2156,2240,2241,2263,2407,2536,2836,3037,3051,3126,3345,3347,4220,4313,4317,5139,5976,6517,
431;0;4486;4580;0;24,26,38,60,61,79,110,137,139,144,145,149,189,208,225,231,262,277,404,429,522,528,640,647,831,855,863,871,872,873,874,891,995,1031,1117,1118,1142,1217,1225,1240,1268,1281,1287,1288,1293,1294,1322,1360,1432,1456,1478,1479,1481,1507,1508,1509,1510,1541,1670,1682,1782,1920,1922,2240,2241,2263,2407,2536,2836,3037,3051,3126,3345,3347,4220,4313,4317,5139,5976,6517,
148;0;4580;4624;0;24,26,38,60,61,79,110,137,139,144,145,149,189,208,225,231,262,277,404,429,522,528,640,647,831,855,863,871,872,873,874,891,995,1031,1117,1118,1142,1217,1225,1240,1268,1281,1287,1288,1293,1294,1322,1360,1432,1456,1478,1479,1481,1507,1508,1509,1510,1541,1670,1682,1782,1920,1922,2240,2241,2263,2407,2536,2836,3037,3051,3126,3345,3347,4220,4313,4317,5139,5976,6517,
338;0;4624;4793;1;24,26,27,38,60,61,79,137,139,144,145,149,157,189,208,225,231,262,277,404,412,429,522,528,540,640,647,831,855,863,871,872,873,874,891,995,1117,1118,1142,1225,1268,1281,1287,1288,1293,1294,1322,1360,1456,1478,1479,1481,1509,1541,1670,1682,1782,1920,1922,2240,2241,2263,2407,2536,2836,2941,3037,3051,3126,3334,3345,3347,3449,4181,4220,4313,4317,5139,5976,6517,
459;0;4793;4912;1;24,26,27,38,60,61,79,137,139,144,145,149,189,208,225,231,262,277,404,412,429,522,528,540,640,647,831,855,863,871,872,873,874,891,995,1117,1118,1142,1225,1268,1281,1287,1288,1293,1294,1322,1360,1456,1478,1479,1481,1509,1541,1670,1682,1782,1920,1922,2240,2241,2263,2407,2536,2836,2941,3037,3051,3126,3345,3347,4220,4313,4317,5139,5976,6136,6145,6517,8282,8356,
49;1;4912;5015;1;24,26,27,38,60,61,79,137,139,144,145,149,189,208,225,231,262,277,404,412,429,522,528,640,647,831,855,863,871,872,873,874,891,1117,1118,1142,1225,1268,1271,1276,1281,1287,1288,1293,1294,1295,1322,1360,1456,1478,1479,1481,1509,1541,1670,1682,1782,1920,1922,2148,2240,2241,2263,2407,2410,2418,2472,2536,2836,2941,3037,3048,3049,3050,3051,3345,3347,4220,5976,6517,
136;0;5015;5179;1;24,26,27,38,60,61,79,137,139,144,145,149,189,208,225,231,262,277,404,412,429,522,528,640,647,831,855,863,871,872,873,874,891,1117,1118,1142,1225,1268,1271,1277,1279,1281,1287,1288,1293,1294,1295,1322,1360,1456,1478,1479,1481,1509,1670,1682,1782,1920,1922,2080,2240,2263,2315,2407,2536,2796,2836,2941,3037,3345,3347,3609,4220,5976,6517,6957,7029,7071,7072,7073,
Machine: 1
127;0;0;118;1;24,26,27,28,30,38,139,144,145,149,155,169,189,208,225,231,251,262,277,404,407,408,415,427,429,504,510,522,528,640,647,748,855,871,872,873,874,1117,1142,1162,1196,1271,1277,1279,1281,1287,1293,1295,1322,1360,1456,1478,1479,1481,1580,1670,1849,2036,2074,2179,2263,2285,2315,2407,2536,2836,2941,3003,3004,3005,3006,3007,3008,3009,3010,3345,3347,4220,6517,6957,
117;0;118;290;1;24,26,27,28,38,139,144,145,149,155,169,189,208,225,231,251,262,277,404,408,415,427,429,480,510,518,522,528,640,647,748,855,871,872,873,874,987,1117,1142,1157,1162,1196,1271,1277,1279,1281,1287,1293,1295,1322,1360,1456,1478,1479,1481,1580,1670,1849,1895,1935,2018,2036,2074,2179,2263,2315,2407,2412,2536,2538,2765,2836,2941,3345,3347,4220,5493,5674,6517,6957,
135;1;290;390;1;24,26,27,28,38,95,138,139,144,145,149,189,208,225,231,251,262,277,314,321,390,397,404,429,480,518,522,528,640,645,647,748,855,871,872,873,874,987,1117,1142,1157,1196,1271,1277,1279,1281,1287,1293,1295,1322,1360,1456,1474,1478,1479,1481,1580,1670,1814,1849,1895,1935,2018,2036,2074,2179,2222,2223,2263,2315,2407,2412,2536,2836,2941,3345,3347,4220,6517,6957,
125;1;390;398;0;24,26,27,28,38,95,138,139,144,145,149,189,208,225,231,251,262,277,314,321,390,397,404,429,480,518,522,528,640,645,647,748,855,871,872,873,874,987,1117,1142,1157,1196,1271,1277,1279,1281,1287,1293,1295,1322,1360,1456,1474,1478,1479,1481,1580,1670,1814,1849,1895,1935,2018,2036,2074,2179,2222,2223,2263,2315,2407,2412,2536,2836,2941,3345,3347,4220,6517,6957,
378;0;398;478;1;24,26,27,28,38,95,138,139,144,145,149,189,208,225,231,251,262,277,314,321,390,397,404,429,518,522,528,581,640,645,647,855,871,872,873,874,987,1117,1142,1157,1196,1271,1277,1279,1281,1286,1287,1293,1295,1322,1360,1456,1474,1478,1479,1481,1580,1670,1814,1849,1895,2018,2036,2179,2222,2223,2263,2315,2407,2412,2536,2836,2941,3336,3345,3347,3708,4220,6517,6957,
80;1;478;573;1;24,26,27,38,95,138,139,144,145,149,189,208,225,231,251,262,277,314,321,340,390,397,404,429,518,522,528,581,640,645,647,851,855,871,872,873,874,1117,1142,1196,1271,1277,1279,1281,1287,1293,1295,1322,1360,1456,1474,1478,1479,1481,1580,1670,1814,1895,2018,2036,2223,2263,2315,2407,2536,2836,2941,3345,3347,4220,6517,6957,8190,8196,8198,8199,8200,8201,8202,8203,
441;0;573;663;0;24,26,27,38,95,138,139,144,145,149,189,208,225,231,251,262,277,314,321,340,390,397,404,429,503,518,522,528,581,640,645,647,851,855,871,872,873,874,1117,1142,1196,1271,1275,1277,1279,1281,1287,1293,1295,1322,1360,1456,1474,1478,1479,1481,1580,1670,1814,1895,2018,2036,2223,2263,2315,2407,2536,2836,2941,3306,3345,3347,4220,6517,6957,8190,8196,8198,8199,8200,
7;1;663;700;1;24,26,27,38,95,138,139,144,145,149,189,208,225,231,251,262,277,314,321,390,397,404,429,503,518,522,528,581,640,645,647,851,855,871,872,873,874,875,876,877,878,879,1117,1142,1196,1271,1275,1277,1279,1281,1287,1293,1295,1322,1360,1456,1474,1478,1479,1481,1580,1670,1814,1895,2018,2036,2223,2263,2315,2407,2536,2836,2941,3345,3347,4220,6957,8190,8196,8198,
88;0;700;878;1;24,26,27,38,95,139,144,145,149,189,208,225,231,251,262,277,314,321,390,404,429,503,518,522,528,581,640,645,647,855,871,872,873,874,875,876,1117,1142,1196,1271,1275,1277,1279,1281,1287,1293,1295,1322,1360,1456,1474,1478,1479,1481,1580,1670,1814,2018,2223,2263,2315,2407,2536,2836,2941,2943,3345,3347,4220,6957,8014,8551,8555,9032,9075,9101,9102,9103,9104,9105,
402;0;1440;1611;0;24,26,27,38,95,139,144,145,149,189,208,225,231,251,262,277,314,321,390,404,429,503,518,522,528,581,640,645,647,855,871,872,873,874,875,876,1117,1142,1196,1270,1271,1275,1277,1279,1281,1287,1293,1295,1322,1360,1456,1474,1478,1479,1481,1580,1670,1814,2018,2221,2223,2263,2315,2407,2536,2836,2846,2941,2943,3345,3347,4220,6957,8014,8551,8555,9032,9075,9101,9102,
51;1;1611;1758;1;24,26,27,38,95,139,144,145,149,189,225,231,262,277,314,321,390,404,429,503,518,522,528,581,640,645,647,855,871,872,873,874,876,1117,1142,1196,1270,1271,1275,1277,1279,1281,1287,1293,1295,1322,1360,1456,1474,1478,1479,1481,1580,1670,2018,2223,2315,2407,2536,2836,2941,3345,3347,4220,4406,6957,8134,8135,8136,8137,8138,8139,8140,8141,8142,8143,8144,8145,8146,9032,
128;0;1758;1790;1;24,26,27,38,95,139,144,145,149,189,225,231,262,277,314,321,390,404,429,503,518,522,528,581,640,645,647,855,871,872,873,874,876,1117,1142,1196,1242,1270,1271,1275,1277,1279,1281,1287,1293,1295,1322,1360,1456,1474,1478,1479,1481,1580,1590,1670,1779,2018,2207,2223,2315,2407,2518,2536,2836,2941,3345,3347,3409,4220,4406,6957,8134,8135,8136,8137,8138,8139,8143,9032,
434;0;1790;1934;1;24,26,27,38,95,139,144,145,149,189,225,231,244,262,277,288,314,321,377,390,404,429,503,522,528,581,640,647,855,871,872,873,874,876,949,1117,1142,1196,1242,1270,1271,1275,1277,1279,1287,1293,1295,1322,1360,1456,1474,1478,1479,1480,1481,1580,2018,2091,2223,2315,2407,2536,2836,2941,3161,3345,4220,4365,4391,5417,5733,5750,6159,6160,6161,6162,6163,6164,6165,6957,
465;0;1934;2060;1;24,26,27,38,95,139,144,145,149,189,225,231,262,274,275,277,288,314,321,390,404,429,503,522,528,581,640,647,769,843,855,871,872,873,874,876,948,949,951,1072,1117,1142,1196,1242,1270,1271,1275,1277,1279,1287,1293,1295,1322,1360,1456,1474,1478,1479,1480,1481,1518,1580,1610,2018,2091,2223,2315,2398,2407,2588,2680,2836,2941,3345,4220,4365,4747,5531,5757,6957,
82;1;2060;2134;0;24,26,27,38,95,139,144,145,149,189,225,231,241,262,274,275,277,288,290,314,321,390,400,402,404,429,503,522,528,581,640,644,647,769,843,855,871,872,873,874,876,948,949,1117,1142,1196,1242,1270,1271,1275,1277,1279,1287,1293,1295,1322,1360,1456,1474,1478,1479,1480,1481,1580,2018,2091,2103,2223,2315,2407,2680,2836,2941,3345,4220,4365,4747,5594,5757,6957,
45;1;2134;2189;0;24,26,27,38,95,139,144,145,149,189,225,231,241,262,274,275,277,288,290,314,321,390,400,402,404,429,503,522,528,581,640,644,647,769,843,855,871,872,873,874,876,948,949,1117,1142,1196,1242,1270,1271,1275,1277,1279,1287,1293,1295,1322,1360,1456,1474,1478,1479,1480,1481,1580,2018,2091,2103,2223,2315,2407,2680,2836,2941,3345,4220,4365,4747,5594,5757,6957,
101;0;2880;2930;1;24,26,27,38,95,139,144,145,149,189,225,231,241,247,262,274,275,277,288,290,314,321,390,400,404,429,503,522,528,581,640,644,647,734,769,843,855,871,872,873,874,876,948,949,1117,1142,1196,1242,1270,1271,1275,1277,1279,1287,1293,1295,1322,1360,1456,1474,1478,1479,1481,1580,2018,2091,2103,2154,2223,2315,2407,2680,2836,2941,3345,4220,4365,4747,5594,6957,
381;0;2930;2955;0;24,26,27,38,95,139,144,145,149,189,225,231,241,247,262,274,275,277,288,290,314,321,390,400,404,429,503,522,528,581,640,644,647,734,769,843,855,871,872,873,874,876,948,949,1117,1142,1196,1242,1270,1271,1275,1277,1279,1287,1293,1295,1322,1360,1456,1474,1478,1479,1481,1580,2018,2091,2103,2154,2223,2315,2407,2680,2836,2941,3345,4220,4365,4747,5594,6957,
476;0;2955;3114;0;24,26,27,38,95,139,144,145,149,189,225,231,241,247,262,274,275,277,288,290,314,321,390,400,404,429,503,522,528,581,640,644,647,734,769,843,855,871,872,873,874,876,948,949,1117,1142,1196,1242,1270,1271,1275,1277,1279,1287,1293,1295,1322,1360,1456,1474,1478,1479,1481,1580,2018,2091,2103,2154,2223,2315,2407,2680,2836,2941,3345,4220,4365,4747,5594,6957,
46;0;3114;3183;1;24,26,27,38,95,139,144,145,149,189,225,231,241,247,262,274,277,288,290,314,321,390,400,404,429,503,522,528,581,632,640,644,647,769,843,855,872,876,948,949,1117,1142,1196,1242,1270,1271,1275,1277,1279,1287,1293,1295,1322,1360,1474,1478,1479,1481,1549,1580,1936,2018,2091,2103,2198,2199,2223,2315,2407,2680,2836,2847,2848,2941,3345,3978,3980,4365,5594,6957,
11;1;3183;3359;1;24,26,27,38,95,139,144,145,149,189,225,231,241,247,262,274,277,288,290,314,321,390,400,404,429,503,522,528,581,632,640,644,647,769,843,855,872,876,948,949,1117,1142,1196,1242,1270,1271,1275,1277,1279,1287,1293,1295,1322,1360,1474,1478,1479,1481,1549,1580,1587,1936,2091,2103,2198,2223,2315,2407,2680,2836,2847,2848,2941,3345,4112,4365,4735,4736,5594,6957,
0;1;3359;3419;1;24,26,38,95,139,144,145,149,189,205,210,225,231,241,247,248,262,277,288,290,314,321,390,404,429,503,522,528,581,632,640,644,647,769,803,843,855,872,948,949,1117,1142,1196,1242,1270,1271,1275,1277,1279,1287,1293,1295,1322,1360,1425,1474,1478,1481,1560,1580,1587,1936,2091,2201,2223,2315,2407,2564,2680,2836,2941,3345,3883,3886,4225,4230,4365,5180,5594,6957,
65;1;3419;3532;1;24,26,38,95,139,144,145,149,189,205,210,225,231,241,247,262,277,288,290,314,321,390,404,429,503,522,528,581,632,640,644,647,769,843,855,872,948,949,1117,1142,1196,1242,1270,1271,1275,1277,1279,1287,1289,1293,1295,1322,1360,1474,1478,1481,1560,1580,1587,2091,2201,2223,2233,2315,2407,2680,2836,2941,3345,3700,3883,3886,3942,4230,4365,4431,5180,5320,5594,6957,
439;0;3532;3689;0;24,26,38,95,139,144,145,149,189,205,210,225,231,241,247,262,277,288,290,314,321,390,404,429,503,522,528,581,632,640,644,647,769,843,855,872,948,949,1117,1142,1196,1242,1270,1271,1275,1277,1279,1287,1289,1293,1295,1322,1360,1474,1478,1481,1560,1570,1580,1587,2091,2201,2223,2233,2315,2407,2680,2836,2941,3345,3700,3883,3886,3942,4230,4365,4431,5180,5594,6957,
119;0;4320;4439;1;15,24,26,38,95,139,144,145,149,186,189,205,225,231,241,247,262,277,288,290,314,321,390,404,429,503,528,581,632,640,644,647,662,769,843,855,872,948,949,979,1088,1117,1142,1196,1242,1270,1271,1275,1277,1279,1287,1289,1293,1295,1322,1360,1474,1478,1481,1550,1580,1587,2091,2157,2223,2315,2407,2555,2680,2836,2941,3022,3127,3627,3883,3886,4230,4365,5594,6957,
57;0;4439;4490;0;15,24,26,38,95,139,144,145,149,152,186,189,205,225,231,241,247,262,277,288,290,314,321,390,404,429,503,528,581,632,640,644,647,662,769,843,855,872,948,949,979,1088,1117,1142,1196,1242,1270,1271,1275,1277,1279,1287,1289,1293,1295,1322,1360,1474,1478,1481,1580,1587,2091,2157,2223,2315,2350,2407,2555,2680,2836,2941,3022,3627,3883,3886,4230,4365,5594,6957,
475;0;4490;4615;1;24,26,38,95,139,144,145,149,189,205,225,231,241,246,262,277,288,290,314,321,390,404,429,528,568,640,644,647,662,752,769,843,872,949,979,1089,1117,1142,1196,1242,1270,1271,1275,1277,1279,1287,1289,1293,1295,1322,1360,1474,1478,1481,1598,1999,2065,2086,2091,2223,2680,2941,3396,3404,3627,3855,3880,3881,3882,3883,3884,3885,3886,3887,3888,3889,3890,4365,5594,6957,
84;1;4615;4785;0;24,26,38,95,139,144,145,149,189,205,225,231,241,246,262,277,288,290,314,321,390,404,429,528,568,640,644,647,662,752,769,843,872,949,979,1089,1117,1142,1196,1242,1270,1271,1275,1277,1279,1287,1289,1293,1295,1322,1360,1474,1478,1481,1598,1999,2065,2086,2091,2223,2680,2941,3396,3404,3627,3855,3880,3881,3882,3883,3884,3885,3886,3887,3888,3889,3890,4365,5594,6957,
157;0;4785;4824;1;24,26,38,95,139,144,145,149,205,225,231,241,246,255,262,277,288,290,314,321,390,404,429,528,640,644,647,662,769,843,872,949,1117,1142,1269,1270,1271,1275,1277,1279,1280,1287,1289,1293,1295,1322,1360,1390,1474,1478,1481,1893,1999,2091,2223,2261,2577,2680,2795,2842,2941,3413,3627,3831,3869,3986,4007,4021,4365,5594,6957,6958,6959,6960,6961,6962,6963,6964,6965,6966,
480;0;4824;4989;0;24,26,38,95,139,144,145,149,205,225,231,241,246,255,262,277,288,290,314,321,390,404,429,470,528,640,644,647,662,769,843,872,949,1117,1142,1269,1270,1271,1275,1277,1279,1280,1287,1289,1293,1295,1322,1341,1360,1390,1474,1478,1481,1893,1999,2091,2223,2261,2577,2680,2795,2842,2941,3413,3627,3831,3869,3986,4007,4021,4365,5594,6957,6958,6959,6960,6961,6962,6963,6966,
3;1;4989;5134;1;24,26,38,95,139,144,145,149,205,225,231,241,246,255,262,277,288,290,314,321,390,404,429,470,528,559,640,644,647,662,769,843,872,949,1117,1142,1269,1270,1271,1275,1277,1279,1280,1284,1287,1289,1290,1293,1295,1322,1341,1360,1390,1474,1478,1481,1893,1999,2091,2223,2261,2577,2680,2795,2842,2941,3413,3627,3831,3869,3986,4007,4021,4365,5594,6957,6958,6959,6960,6966,
Machine: 2
498;0;0;171;1;24,89,90,95,100,117,144,145,149,225,231,241,262,277,291,314,321,390,429,607,662,677,694,715,765,843,862,890,949,1445,1474,1478,1481,1528,1915,2052,2223,2347,2467,2628,2646,2661,2678,2680,2721,2903,3638,4412,4937,5344,5345,5346,5347,5392,5525,5538,5637,5691,5722,5723,5775,6022,6026,6225,6226,6451,6454,6455,7188,7298,8095,8303,8349,8530,8727,8728,8729,8730,8731,8732,
25;0;171;244;1;24,89,90,95,100,117,144,145,149,225,231,241,262,277,291,314,321,390,429,607,662,677,694,715,765,843,862,890,949,1445,1474,1478,1481,1528,1915,2052,2223,2347,2467,2475,2628,2646,2661,2678,2680,2721,2903,3638,4412,4802,4937,5344,5345,5346,5347,5392,5525,5538,5637,5691,5722,5723,5775,5869,6022,6026,6225,6226,6352,6451,7254,7255,7256,7257,7258,7259,7260,8095,8303,8730,
483;0;244;281;0;24,89,90,95,100,117,144,145,149,193,225,231,241,262,277,291,314,321,390,410,429,569,607,662,677,694,715,765,843,862,890,949,1445,1474,1478,1481,1528,1915,2052,2223,2347,2467,2475,2628,2646,2661,2678,2680,2721,2903,3638,4412,4802,4937,5344,5345,5346,5347,5392,5525,5538,5637,5691,5722,5723,5775,5869,6022,6026,6225,6226,6352,6451,7254,7255,7256,7257,8095,8303,8730,
372;0;281;445;1;24,89,90,95,100,117,144,145,146,149,193,225,226,231,241,262,277,291,314,321,390,410,429,569,607,662,677,694,715,765,843,862,890,949,1445,1474,1478,1481,1488,1528,1915,2052,2223,2347,2467,2475,2628,2646,2661,2678,2680,2721,2903,3535,3638,4033,4412,4802,4937,5344,5345,5346,5347,5392,5525,5538,5637,5691,5722,5723,5775,5869,6022,6026,6225,6226,6352,8095,8303,8730,
454;0;445;566;1;24,89,90,95,100,117,144,145,146,149,193,225,226,231,241,262,277,291,314,321,390,410,429,569,607,662,677,694,715,765,843,862,890,949,1445,1474,1478,1481,1488,1528,1915,2052,2223,2347,2467,2475,2628,2646,2661,2678,2680,2721,2903,3535,3638,4033,4412,4802,4937,5344,5345,5346,5347,5392,5525,5538,5637,5691,5722,5723,5775,5869,6022,6026,6137,6225,6226,8095,8303,8730,
121;1;566;628;0;24,89,90,95,100,117,144,145,146,149,193,225,226,231,241,262,277,291,314,321,390,410,429,569,607,662,677,694,715,765,843,854,862,890,949,1118,1163,1445,1474,1478,1481,1488,1502,1528,1670,1915,2052,2223,2347,2475,2628,2646,2661,2678,2680,2721,2903,3638,4033,4412,4802,4937,5344,5345,5346,5347,5392,5525,5538,5637,5691,5722,5723,5869,6022,6026,6225,8095,8303,8730,
2;0;628;688;0;24,89,90,95,100,117,144,145,146,149,225,226,231,241,249,262,277,291,314,321,390,429,569,607,655,662,677,694,715,765,843,854,862,890,949,1118,1163,1445,1474,1478,1481,1488,1502,1528,1670,1915,2052,2223,2475,2512,2628,2661,2678,2680,2721,2903,3577,3638,4033,4412,4802,4937,5344,5345,5346,5347,5392,5525,5538,5637,5691,5722,5723,5869,6022,6026,6225,8095,8303,8730,
157;1;688;857;1;89,95,96,100,101,144,149,225,262,277,291,321,335,338,343,351,390,569,677,694,698,715,765,823,843,854,890,949,1096,1097,1118,1178,1395,1445,1474,1478,1481,1488,1502,1528,1529,1670,1915,1972,2225,2475,2627,2628,2660,2679,2680,2690,2721,2951,3638,4033,4412,4802,4937,4949,4989,5344,5345,5346,5347,5525,5542,5633,5634,5635,5636,5637,5638,5639,5640,5722,6022,6225,8095,8303,
481;0;857;1016;0;89,95,96,100,101,144,149,225,262,277,291,321,335,338,343,351,390,569,677,694,698,715,765,823,843,854,890,949,1096,1097,1118,1178,1395,1445,1474,1478,1481,1488,1502,1528,1529,1670,1915,1972,2225,2475,2627,2628,2660,2679,2680,2690,2721,2951,3638,4033,4412,4802,4937,4949,4989,5344,5345,5346,5347,5525,5542,5633,5634,5635,5636,5637,5638,5639,5640,5722,6022,6225,8095,8303,
122;1;1440;1530;0;89,95,96,100,101,144,149,225,262,277,291,321,335,338,343,351,390,518,549,569,677,694,698,715,765,823,843,854,890,949,1096,1097,1118,1178,1395,1445,1474,1478,1481,1488,1502,1528,1529,1670,1915,1972,2225,2475,2627,2628,2660,2679,2680,2690,2721,2951,3638,4033,4412,4802,4912,4937,4949,4989,5344,5345,5346,5347,5525,5542,5633,5634,5637,5640,5722,6022,6225,7831,8095,8303,
26;1;1530;1585;0;89,95,96,100,101,144,149,225,262,277,291,321,335,338,339,343,351,390,518,549,569,677,694,698,715,765,823,843,854,890,949,1096,1097,1118,1146,1178,1395,1445,1474,1478,1481,1488,1502,1528,1529,1670,1915,1972,2225,2475,2627,2628,2660,2679,2680,2690,2721,2951,3638,4033,4412,4802,4912,4937,4949,5344,5345,5346,5347,5525,5633,5634,5637,5640,5722,6022,6225,7831,8095,8303,
87;0;1585;1615;1;89,95,100,104,144,149,225,262,276,277,291,297,321,335,351,390,438,569,677,694,715,765,834,843,854,890,931,947,949,1118,1146,1151,1168,1445,1474,1478,1481,1488,1502,1519,1528,1529,1670,1674,1915,2225,2475,2491,2627,2667,2679,2721,2737,3531,3638,4033,4400,4412,4802,4937,4949,5344,5345,5346,5347,5456,5525,5656,5722,5774,5841,6022,6225,6441,7320,7463,8022,8095,8303,8578,
469;0;1615;1779;0;89,95,100,104,144,149,225,262,276,277,291,297,321,335,351,390,438,569,677,694,715,730,765,834,843,854,890,931,947,949,1118,1146,1151,1168,1445,1474,1478,1481,1488,1502,1519,1528,1529,1572,1670,1674,1915,2225,2475,2491,2627,2679,2721,3531,3609,3610,3638,4033,4412,4802,4937,4949,5344,5345,5346,5347,5456,5525,5656,5722,5774,5841,6022,6225,6441,7320,7463,8022,8095,8303,
332;0;1779;1882;0;89,95,100,104,144,149,225,262,276,277,291,297,321,335,351,390,438,569,677,694,715,730,765,834,843,854,890,931,947,949,1118,1146,1151,1168,1445,1474,1478,1481,1488,1502,1519,1528,1529,1572,1670,1674,1915,2225,2475,2491,2627,2679,2721,3531,3609,3610,3638,4033,4412,4802,4937,4949,5344,5345,5346,5347,5456,5525,5656,5722,5774,5841,6022,6225,6441,7463,8022,8095,8303,8412,
53;1;1882;1921;0;89,95,100,104,144,149,225,262,276,277,291,297,321,335,337,351,390,438,569,677,694,715,730,765,834,843,854,890,931,947,949,1118,1146,1151,1168,1445,1474,1478,1481,1488,1502,1519,1528,1529,1572,1670,1674,1915,2225,2475,2491,2548,2627,2679,2721,3531,3609,3610,3638,4033,4412,4802,4937,4949,5344,5345,5346,5347,5456,5525,5656,5722,5774,6022,6225,6441,7463,8022,8095,8303,
128;1;1921;2032;1;88,89,95,97,100,144,149,225,262,276,277,291,297,321,351,390,438,569,677,694,715,730,765,767,773,834,843,854,890,949,1118,1146,1151,1168,1445,1474,1478,1481,1488,1502,1519,1528,1529,1530,1572,1670,1674,1914,1915,2225,2475,2627,2668,2679,2714,2721,2806,2898,2988,3531,3638,4033,4093,4412,4802,4937,4949,5344,5345,5346,5347,5525,5722,6098,6099,6225,6441,7217,7423,8129,
497;0;2032;2062;1;88,89,95,97,100,144,149,225,262,276,277,291,297,321,351,390,438,569,677,694,715,730,765,767,773,833,834,843,854,890,949,1118,1146,1151,1168,1445,1474,1478,1481,1488,1502,1519,1528,1529,1530,1572,1670,1674,1915,2225,2475,2499,2627,2679,2714,2721,2806,2898,2900,2988,3263,3531,3638,4033,4412,4802,4937,4949,5116,5344,5345,5346,5347,5525,5722,6099,6225,6441,7423,8129,
400;0;2062;2222;1;89,95,97,100,144,149,225,262,276,277,291,297,321,351,390,569,677,694,715,765,773,833,834,854,890,949,1118,1146,1168,1445,1474,1478,1481,1488,1502,1519,1528,1529,1530,1670,1674,1915,2225,2338,2475,2627,2679,2721,2806,2898,2900,2988,3263,3638,4033,4359,4802,4937,4949,5344,5345,5346,5347,5525,5722,6225,7423,8129,8559,8644,9032,9033,9041,9134,9159,9160,9161,9162,9163,9164,
487;0;2880;2896;1;89,94,95,100,144,149,225,262,276,277,291,297,321,351,390,569,583,586,677,694,715,765,770,773,833,834,838,854,890,949,1118,1146,1168,1445,1447,1474,1478,1481,1502,1519,1524,1528,1529,1670,1915,2475,2602,2627,2659,2679,2693,2721,2806,3263,3511,3527,3581,3582,3638,4033,4537,4574,4732,4802,4937,4949,5339,5340,5341,5342,5343,5344,5345,5346,5347,5525,5722,6225,7423,8129,
478;0;2896;2917;1;89,95,100,144,149,225,262,276,277,291,297,321,351,390,395,569,583,586,591,677,694,715,765,770,773,833,834,838,848,854,858,949,1073,1118,1146,1169,1445,1447,1474,1478,1481,1502,1519,1523,1524,1528,1529,1666,1670,1915,2475,2547,2602,2627,2649,2677,2679,2683,2693,2806,3260,3263,3511,3527,3581,3638,4033,4371,4372,4373,4374,4375,4376,4937,4949,5525,5722,6225,7423,8129,
415;0;2917;2921;0;89,95,100,144,149,225,262,276,277,291,297,321,351,390,395,398,569,583,586,591,677,694,715,765,770,773,833,834,838,848,854,858,949,1073,1118,1146,1169,1445,1447,1474,1478,1481,1502,1519,1523,1524,1528,1529,1666,1670,1915,2475,2547,2602,2627,2649,2677,2679,2683,2693,2806,3260,3263,3511,3527,3581,3638,4033,4371,4373,4376,4937,4949,5525,5722,6114,6225,7215,7423,8129,
10;0;2921;3019;1;89,95,100,144,149,225,262,276,277,291,297,321,351,390,395,398,569,583,586,591,677,694,715,765,770,773,833,834,838,848,854,858,949,1073,1118,1146,1169,1445,1447,1474,1478,1481,1502,1519,1524,1529,1666,1670,1915,2475,2547,2602,2627,2649,2663,2677,2679,2693,2806,3260,3263,3511,3527,3529,3581,3638,4033,4371,4373,4376,4937,4948,4949,5525,5722,6114,6225,7215,7423,8129,
151;0;3019;3175;1;38,95,100,144,149,225,262,276,277,291,297,321,351,390,395,398,569,583,586,591,677,694,715,765,770,773,833,834,838,854,858,872,949,972,1073,1118,1142,1146,1169,1445,1447,1457,1462,1474,1478,1481,1502,1519,1529,1666,1670,1915,2475,2547,2602,2627,2649,2663,2677,2679,2693,2806,3260,3263,3511,3527,3529,3581,3638,4033,4371,4376,4937,5525,5722,6114,6225,7215,7423,8129,
436;0;3175;3332;1;95,100,144,149,225,262,276,277,290,291,297,321,329,351,390,395,398,569,591,677,694,715,765,773,838,854,949,1073,1118,1146,1169,1390,1445,1451,1474,1478,1481,1502,1670,1915,2091,2253,2475,2573,2602,2627,2631,2677,2679,2691,2806,2893,3263,4033,4361,4365,4376,4635,5329,5525,5722,6114,6225,6803,7215,7423,7663,7943,8099,8129,8166,8187,8407,8686,8687,8696,8698,8699,8787,8788,
352;0;3332;3401;1;95,100,139,144,149,225,245,262,273,276,277,289,290,291,297,321,329,351,390,395,398,569,591,647,677,694,715,765,769,773,838,854,891,911,949,1023,1024,1118,1146,1169,1390,1445,1451,1474,1478,1481,1502,1670,1816,1915,1920,1922,2091,2475,2573,2602,2627,2631,2677,2679,3263,4033,4376,4552,5206,5351,5525,5722,6114,6184,6225,7215,7216,7218,7219,7423,8166,8407,8787,8788,
343;0;3401;3533;0;95,100,135,139,144,149,225,245,262,273,276,277,289,290,291,297,321,329,351,390,395,398,569,591,647,677,694,715,765,769,773,838,854,891,911,949,1023,1024,1093,1118,1134,1146,1169,1361,1390,1445,1451,1474,1478,1481,1502,1670,1816,1915,1920,1922,1973,2091,2475,2573,2602,2627,2631,2677,2679,3263,4033,4376,5206,5525,5722,6114,6184,6225,6412,7423,8166,8407,8787,8788,
473;0;3533;3560;1;95,100,135,139,144,149,225,245,262,273,276,277,289,290,291,297,321,329,351,390,395,398,569,591,647,677,694,715,765,769,773,838,854,891,911,949,1023,1024,1093,1118,1134,1146,1169,1361,1390,1445,1451,1474,1478,1481,1502,1670,1816,1915,1920,1922,1973,2091,2475,2573,2602,2627,2631,2677,2679,3263,4033,4376,5206,5525,5722,6114,6184,6225,6412,7423,8166,8407,8787,8788,
425;0;3560;3594;1;95,100,139,144,149,225,245,262,273,276,277,289,290,291,297,321,329,351,390,395,398,569,591,647,677,694,700,715,765,769,773,838,854,891,911,949,1024,1093,1118,1134,1146,1169,1361,1390,1445,1451,1474,1478,1481,1502,1567,1816,1915,1920,1922,1973,2091,2475,2573,2602,2626,2627,2631,2677,2679,3263,4033,4376,4997,5206,5525,5722,6114,6194,6225,7423,8166,8407,8787,8788,
144;0;3594;3731;1;95,100,137,139,143,144,149,225,234,245,262,273,276,277,288,290,291,297,321,329,351,379,390,395,398,435,569,647,677,694,715,765,773,838,854,891,898,949,1024,1050,1117,1118,1119,1121,1146,1169,1210,1445,1474,1478,1481,1484,1668,1669,1680,1751,1915,2091,2492,2536,2627,2677,2783,3037,3263,3286,3744,4376,4495,4501,5206,5525,5722,5739,6114,6225,6384,6614,7261,7423,
470;0;4320;4418;1;95,100,137,139,143,144,149,179,180,225,234,245,262,273,276,277,288,290,291,297,307,321,329,351,379,390,395,398,435,569,592,594,647,677,694,715,765,773,838,854,891,898,949,1039,1050,1117,1118,1119,1121,1146,1169,1396,1445,1474,1478,1481,1484,1668,1669,1680,1915,2091,2492,2536,2627,2677,2783,3037,3263,3286,3744,4376,4495,5206,5525,5722,6114,6225,6384,7423,
43;1;4418;4514;0;95,100,137,139,143,144,149,179,225,234,245,262,273,276,277,288,290,291,297,321,329,351,379,390,395,398,435,569,647,677,694,715,765,773,838,854,891,898,949,1050,1117,1118,1119,1121,1146,1169,1396,1445,1474,1478,1481,1484,1668,1669,1680,1915,2091,2492,2536,2627,2677,2783,3037,3263,3286,3744,3814,3819,3820,3821,3822,4376,4495,5206,5525,5722,6114,6225,6384,7423,
115;0;4514;4632;0;95,100,137,139,143,144,149,179,225,234,245,262,273,276,277,288,290,291,297,321,329,351,379,390,395,398,435,569,647,677,694,715,765,773,838,854,891,898,949,1050,1117,1118,1119,1121,1146,1169,1396,1445,1474,1478,1481,1484,1668,1669,1680,1915,2091,2492,2536,2622,2627,2677,2783,3037,3263,3286,3744,3814,3819,3820,3821,4376,4495,5206,5525,5722,6114,6225,6384,7423,
106;0;4632;4653;1;95,100,137,139,143,144,149,179,225,234,245,262,273,276,277,288,290,291,297,321,329,351,379,390,395,398,435,569,647,677,694,715,765,773,838,854,891,898,949,1050,1117,1118,1119,1121,1146,1169,1396,1445,1474,1478,1481,1484,1668,1669,1680,1915,2091,2492,2536,2622,2627,2677,2783,3037,3263,3286,3744,3814,3819,3820,3821,4376,4495,5206,5525,5722,6114,6225,6384,7423,
156;0;4653;4822;1;95,100,137,139,143,144,149,225,234,245,262,273,276,277,288,290,291,293,321,329,348,351,390,395,398,569,647,677,694,715,765,773,838,891,949,1050,1117,1118,1121,1146,1169,1445,1474,1478,1481,1484,1669,1915,2091,2353,2498,2627,3263,4376,5525,5722,6114,6225,6334,6595,7302,7304,7305,7306,7423,7800,7801,7802,7803,7804,7805,7806,7807,7808,7809,7810,7811,7812,7813,7814,
369;0;4822;4898;1;95,100,137,139,143,144,149,225,234,245,262,273,276,277,288,290,291,293,321,329,348,351,390,395,398,569,647,677,694,715,765,773,838,891,949,1050,1117,1118,1121,1146,1169,1262,1445,1474,1478,1481,1484,1669,1915,2091,2353,2498,2627,2829,3263,4376,4489,5262,5525,5722,6114,6225,6334,6595,7302,7304,7305,7306,7423,7800,7801,7802,7803,7804,7805,7806,7807,7808,7809,7810,
406;0;4898;5068;1;95,100,137,139,143,144,149,225,234,245,262,273,276,277,288,290,291,293,321,329,348,351,390,395,398,569,647,677,694,715,765,773,838,891,949,1050,1117,1118,1121,1146,1169,1262,1445,1474,1478,1481,1484,1669,1915,2091,2353,2498,2625,2627,2635,2653,2829,3263,4376,4489,5262,5525,5722,6025,6114,6225,6334,6449,6512,6513,6595,7302,7304,7305,7306,7423,7800,7801,7804,7805,
130;0;5068;5084;0;95,100,137,139,143,144,149,225,234,245,262,273,276,277,288,290,291,293,321,329,348,351,390,395,398,569,647,677,694,715,765,773,838,891,949,1050,1117,1118,1121,1146,1169,1262,1445,1474,1478,1481,1484,1669,1915,2091,2353,2498,2625,2627,2635,2653,2829,3263,4376,4489,5262,5525,5722,6025,6114,6225,6334,6449,6512,6513,6595,7302,7304,7305,7306,7423,7800,7801,7804,7805,
Machine: 3
46;1;0;139;1;95,137,139,144,149,225,234,245,262,267,268,273,276,285,288,290,291,293,304,306,313,314,317,321,351,382,390,395,398,434,595,647,892,905,912,939,1050,1121,1146,1165,1170,1177,1207,1209,1211,1474,1478,1484,1676,1738,1919,1970,2132,2133,2356,2357,2358,2359,2360,2361,2362,2363,2364,2365,2366,2367,2368,2369,2370,2371,2372,2373,2374,2375,2376,2377,2378,2379,2380,2381,
165;1;139;147;0;95,136,137,139,144,149,225,234,245,262,267,268,273,276,285,288,290,291,293,304,306,313,314,317,321,351,382,390,395,398,434,595,647,892,905,912,939,1048,1050,1051,1054,1121,1145,1146,1165,1170,1177,1207,1209,1211,1358,1360,1363,1474,1478,1484,1604,1676,1738,1919,1970,1971,2132,2133,2356,2357,2358,2359,2360,2361,2362,2363,2364,2365,2366,2370,2371,2376,2380,2381,
97;0;147;215;0;95,136,137,139,144,149,225,234,245,262,267,268,273,276,285,288,290,291,293,304,306,313,314,317,321,351,382,390,395,398,434,595,647,892,905,912,939,1048,1050,1051,1054,1121,1145,1146,1165,1170,1177,1207,1209,1211,1358,1360,1363,1474,1478,1484,1604,1676,1738,1919,1970,1971,2132,2133,2356,2357,2358,2359,2360,2361,2362,2363,2364,2365,2370,2371,2376,2380,2381,7899,
41;1;215;279;0;95,136,137,139,144,147,149,178,225,234,245,262,267,268,273,276,285,288,290,291,293,304,306,313,314,317,321,351,382,390,395,396,398,434,595,647,892,905,912,939,1027,1048,1050,1051,1054,1121,1145,1146,1165,1170,1177,1207,1209,1211,1358,1360,1363,1474,1478,1484,1604,1676,1738,1919,1942,1943,1944,1970,1971,2132,2133,2356,2359,2362,2364,2370,2371,2376,2380,2381,
78;1;279;435;0;95,136,137,139,144,147,149,178,225,234,245,262,267,268,273,276,285,288,290,291,293,304,306,313,314,317,321,351,382,390,395,396,398,434,595,645,647,892,905,912,939,1027,1048,1050,1051,1054,1121,1145,1146,1165,1170,1177,1207,1211,1358,1363,1474,1478,1484,1604,1676,1811,1919,1942,1943,1944,1970,1971,2132,2133,2359,2362,2364,2370,2371,2376,2380,2381,2509,2510,
363;0;435;490;0;95,136,137,139,144,147,149,178,225,234,245,262,267,268,273,276,285,288,290,291,293,304,306,313,314,317,321,351,382,390,395,396,398,434,595,645,647,892,912,1027,1048,1050,1051,1054,1121,1145,1146,1165,1170,1177,1207,1211,1358,1363,1474,1478,1484,1604,1676,1811,1919,1942,1943,1944,1970,1971,2132,2133,2359,2362,2364,2370,2371,2376,2380,2381,2509,2510,6169,6171,
12;0;490;669;0;4,95,136,137,139,141,144,147,149,178,225,234,245,262,267,268,273,276,288,290,291,293,304,306,313,314,317,321,351,382,390,395,396,398,595,645,647,892,912,1027,1048,1050,1051,1054,1121,1145,1146,1165,1170,1207,1211,1358,1363,1474,1478,1484,1604,1667,1676,1726,1811,1919,1941,1942,1943,1944,1946,1947,1970,1971,2132,2133,2359,2370,2376,2380,2381,2509,2510,6169,
150;0;669;756;0;4,95,136,137,139,141,144,147,149,178,225,234,245,262,267,268,273,276,288,290,291,293,304,306,313,314,317,321,351,382,390,395,396,398,595,645,647,892,912,1027,1048,1050,1051,1054,1121,1145,1146,1165,1170,1207,1211,1358,1363,1474,1478,1484,1604,1667,1676,1726,1811,1919,1941,1942,1943,1944,1946,1970,1971,2132,2133,2359,2370,2376,2380,2381,2509,2510,6169,6727,
401;0;1440;1527;1;55,95,136,137,139,144,147,149,178,225,234,245,262,267,268,273,276,288,290,291,293,304,314,317,321,351,382,390,395,396,398,499,645,647,892,912,1027,1048,1050,1051,1054,1121,1145,1146,1165,1170,1207,1358,1363,1474,1478,1484,1604,1667,1676,1726,1897,1941,1942,1943,1944,1970,1971,2133,2151,2359,2370,2380,2381,2509,2510,2827,3403,4435,4442,4468,5510,7889,7964,9017,
96;0;1527;1602;1;55,95,136,137,139,144,147,149,177,178,225,234,245,262,267,268,273,276,288,290,291,293,302,304,305,310,314,317,321,351,382,390,395,396,398,442,499,645,647,892,912,1027,1048,1050,1051,1054,1121,1132,1145,1146,1165,1170,1207,1358,1363,1474,1478,1484,1604,1667,1676,1726,1897,1932,1941,1942,1943,1944,1970,1971,2133,2151,2359,2370,2380,2381,2509,2510,2827,3389,
132;1;1602;1776;1;55,95,136,137,139,142,144,147,149,177,178,225,234,241,245,262,267,268,273,276,288,290,291,293,302,304,305,310,317,321,351,382,390,395,396,398,429,499,644,645,647,772,892,912,1027,1048,1050,1051,1054,1121,1145,1146,1165,1170,1207,1358,1363,1468,1474,1478,1604,1667,1676,1726,1813,1941,1942,1943,1944,1970,1971,2133,2223,2359,2370,2380,2381,2509,2510,5594,
10;1;1776;1815;1;55,61,95,137,139,144,147,149,178,188,206,208,225,234,241,245,262,268,273,276,288,290,291,302,310,321,351,382,390,395,396,398,429,490,491,516,547,644,645,647,736,796,892,912,965,1027,1048,1050,1051,1054,1121,1145,1146,1165,1170,1207,1283,1358,1363,1474,1478,1558,1604,1667,1726,1941,1942,1943,1944,1970,1971,2133,2305,2370,2380,2381,2509,2510,3993,5857,
89;1;1815;1927;1;55,61,95,137,139,144,147,149,178,188,206,208,225,234,241,245,262,268,273,276,288,290,291,302,310,321,351,382,390,395,396,398,429,490,491,516,547,644,645,647,736,796,892,912,965,1027,1048,1050,1051,1054,1121,1145,1146,1165,1170,1207,1283,1358,1363,1474,1478,1558,1604,1667,1726,1941,1942,1943,1944,1970,1971,2022,2133,2305,2370,2380,2381,2509,2510,3993,
160;1;1927;2010;0;3,55,61,95,137,139,144,147,149,178,188,206,208,225,234,241,245,262,268,273,276,288,290,291,302,310,321,351,382,390,395,396,398,429,490,516,547,644,645,647,736,892,912,1027,1048,1050,1051,1054,1121,1145,1146,1165,1170,1207,1283,1358,1363,1474,1478,1558,1604,1667,1725,1726,1805,1941,1942,1943,1944,1945,1970,1971,2133,2305,2370,2380,2381,2509,2510,3993,
3;0;2010;2138;1;3,55,61,95,137,139,144,147,149,178,188,206,208,225,234,241,245,262,268,273,276,288,290,291,302,310,321,351,382,390,395,396,398,429,490,516,644,645,647,736,892,912,1027,1048,1050,1051,1054,1121,1145,1146,1165,1170,1207,1358,1363,1474,1478,1558,1604,1667,1725,1726,1805,1941,1942,1943,1944,1945,1970,1971,2133,2305,2370,2380,2381,2509,2510,3993,7365,7652,
96;1;2138;2173;1;3,55,95,97,137,139,144,149,178,188,225,234,241,245,262,268,272,273,276,286,287,288,290,291,302,310,321,351,390,395,396,398,429,490,516,640,644,645,647,736,912,1027,1048,1051,1054,1121,1145,1146,1165,1170,1236,1358,1363,1474,1478,1558,1604,1624,1725,1740,1805,1941,1942,1943,1944,1945,1970,1971,2133,2225,2305,2381,2509,2510,2695,3698,3793,3993,7033,7034,
74;0;2880;2963;1;3,55,95,97,137,139,144,149,178,188,225,234,241,245,262,268,272,273,276,286,287,288,290,291,302,310,321,351,390,395,396,398,429,490,516,557,640,644,645,647,736,912,1027,1048,1051,1054,1121,1145,1146,1165,1170,1236,1358,1363,1474,1478,1558,1604,1624,1725,1740,1805,1941,1942,1943,1944,1945,1970,1971,2133,2225,2305,2381,2509,2510,2695,3698,3793,3831,3993,
69;0;2963;3044;0;3,55,95,97,137,139,144,149,178,188,225,234,241,245,262,268,272,273,276,286,287,288,290,291,294,302,310,321,351,390,395,396,398,429,490,516,557,640,644,645,647,736,912,1027,1048,1051,1054,1121,1145,1146,1165,1170,1236,1358,1363,1398,1474,1478,1558,1604,1725,1805,1941,1942,1943,1944,1945,1970,1971,2133,2225,2305,2381,2509,2510,2695,3698,3793,3831,3993,
144;1;3044;3072;1;3,54,55,95,97,137,139,144,149,178,188,225,234,241,245,262,276,288,290,291,294,321,351,390,395,396,398,429,490,516,557,640,644,645,647,736,912,1027,1048,1051,1054,1121,1145,1146,1165,1170,1236,1291,1295,1358,1363,1398,1474,1478,1558,1604,1725,1805,1941,1942,1943,1944,1945,1970,1971,2133,2225,2240,2286,2305,2381,2509,2510,2695,2794,3606,3698,3703,3993,4343,
377;0;3072;3126;1;3,26,54,55,95,97,137,139,144,149,178,188,225,234,241,245,262,276,288,290,291,294,321,351,390,395,396,398,429,490,516,557,640,644,645,647,736,912,1027,1048,1051,1054,1121,1145,1146,1165,1170,1236,1358,1363,1398,1474,1478,1558,1604,1725,1805,1941,1942,1943,1944,1945,1970,1971,2133,2305,2381,2509,2510,2695,3993,4280,8074,8075,8076,8077,8078,8079,8080,8081,
148;1;3126;3252;0;3,54,55,95,137,139,144,149,178,188,225,234,241,245,262,276,288,290,291,321,351,390,395,396,398,404,429,490,516,640,644,645,647,736,912,921,1027,1048,1051,1054,1121,1145,1146,1165,1170,1236,1358,1363,1398,1474,1478,1558,1604,1725,1763,1805,1848,1941,1942,1943,1944,1945,1970,1971,2133,2305,2381,2509,2510,2695,3435,3993,4280,6234,6307,8076,8077,8078,8079,8081,
58;1;3252;3371;0;3,54,55,95,137,139,144,149,178,188,225,234,241,245,262,276,288,290,291,321,351,390,395,396,398,404,429,490,516,640,644,645,647,736,912,921,1027,1048,1051,1054,1121,1145,1146,1165,1170,1236,1358,1363,1398,1474,1478,1558,1604,1725,1763,1805,1848,1941,1942,1943,1944,1945,1970,1971,2133,2305,2381,2509,2510,2695,3435,3993,4280,6234,6307,8076,8077,8078,8079,8081,
115;1;3371;3513;0;3,54,55,95,137,139,144,149,178,188,225,234,241,245,262,276,288,290,291,321,351,390,395,396,398,404,429,490,516,640,644,645,647,736,912,921,1027,1048,1051,1054,1121,1145,1146,1165,1170,1236,1358,1363,1398,1474,1478,1558,1604,1725,1763,1805,1941,1942,1943,1944,1945,1970,1971,2133,2305,2381,2509,2510,2695,3435,3705,3993,4280,6234,7395,8076,8077,8078,8079,8081,
30;0;3513;3525;1;3,19,54,55,95,137,139,144,149,178,188,225,234,241,245,262,276,288,290,291,321,351,390,395,396,398,404,429,490,516,640,644,645,647,736,875,912,921,1027,1048,1051,1054,1121,1145,1146,1165,1170,1236,1358,1363,1398,1474,1478,1558,1604,1725,1763,1805,1941,1942,1943,1944,1945,1970,1971,2133,2305,2381,2509,2510,2695,3435,3627,3705,3740,3741,3993,4280,6234,8077,
390;0;3525;3571;1;3,19,54,55,95,137,139,144,149,178,188,225,231,234,241,245,262,276,288,290,291,321,351,390,395,396,398,404,429,490,516,640,644,645,647,736,875,912,921,1027,1048,1051,1054,1121,1145,1146,1165,1170,1236,1358,1359,1363,1398,1474,1478,1558,1604,1725,1763,1805,1941,1942,1943,1944,1945,1970,1971,2133,2305,2381,2509,2510,2695,3435,3627,3993,4280,6193,6234,8077,
495;0;3571;3747;0;3,19,54,55,95,137,139,144,149,178,188,225,231,234,241,245,262,276,288,290,291,321,351,390,395,396,398,404,429,490,516,640,644,645,647,736,875,912,921,1027,1048,1051,1054,1121,1145,1146,1165,1170,1236,1358,1359,1363,1398,1474,1478,1558,1604,1725,1763,1805,1941,1942,1943,1944,1945,1970,1971,2133,2305,2381,2509,2662,2695,3329,3435,3627,3993,4280,6234,8077,
38;0;4320;4450;1;3,19,54,55,95,137,139,144,149,178,188,225,231,234,241,245,262,271,276,288,290,291,321,351,390,395,396,398,404,429,490,516,640,644,645,647,648,736,875,912,921,1027,1048,1051,1054,1121,1145,1146,1165,1170,1236,1358,1359,1363,1398,1474,1478,1558,1604,1725,1763,1805,1941,1942,1943,1944,1945,1970,1971,2133,2305,2381,2695,2891,3435,3627,3993,4280,6234,8077,
356;0;4450;4466;1;3,19,54,55,95,137,139,144,149,178,188,225,231,234,241,245,262,271,276,288,290,291,321,351,390,395,396,398,404,429,490,516,640,644,645,647,648,736,875,912,921,1027,1048,1051,1054,1121,1145,1146,1165,1170,1236,1358,1359,1363,1398,1474,1478,1558,1604,1725,1763,1805,1941,1942,1943,1944,1945,1970,1971,2133,2305,2381,2695,2891,3435,3627,3993,4280,6234,8077,
153;1;4466;4617;1;3,19,54,55,95,100,137,139,144,149,225,231,234,241,262,276,288,290,291,321,390,395,396,398,404,429,490,516,640,644,645,647,912,1048,1051,1054,1121,1145,1146,1165,1170,1171,1236,1358,1359,1363,1398,1472,1474,1478,1558,1604,1675,1725,1763,1805,1814,1945,1970,1971,2133,2381,2695,3435,3915,3916,3917,3918,3919,3920,3921,3922,3923,3924,3925,3926,3927,3928,3993,6234,
486;0;4617;4649;1;3,19,24,54,55,95,100,137,139,144,149,225,231,234,241,262,276,288,290,291,321,390,395,396,398,404,429,490,516,640,644,645,647,912,1048,1051,1054,1121,1145,1146,1165,1170,1171,1236,1358,1359,1363,1398,1472,1474,1478,1558,1587,1604,1675,1725,1763,1805,1814,1945,1970,1971,2133,2381,2407,2695,2868,3435,3510,3544,3719,3767,3781,3807,3915,3916,3920,3993,6234,7999,
66;1;4649;4747;0;3,19,24,54,55,95,100,137,139,144,149,225,231,234,241,262,276,288,290,291,321,390,395,396,398,404,429,490,516,640,644,645,647,912,1048,1051,1054,1121,1145,1146,1165,1170,1171,1236,1358,1359,1363,1398,1472,1474,1478,1558,1587,1604,1675,1725,1763,1805,1814,1945,1970,1971,2133,2381,2407,2695,2868,3435,3510,3544,3767,3807,3870,3915,3920,3993,6234,6921,7026,7594,
155;1;4747;4788;1;3,19,24,54,55,95,100,137,139,144,149,225,231,234,241,262,276,288,290,291,321,390,395,396,398,404,429,490,516,640,644,645,647,912,1048,1051,1054,1121,1145,1146,1165,1170,1171,1236,1358,1359,1363,1398,1472,1474,1478,1558,1587,1604,1675,1725,1763,1805,1814,1945,1970,1971,2133,2381,2407,2695,2868,3435,3510,3544,3767,3807,3870,3915,3920,3993,6234,6921,7026,7594,
135;0;4788;4843;1;3,19,24,54,55,95,100,137,139,144,149,225,231,234,241,262,276,288,290,291,321,390,395,396,398,404,429,490,516,640,644,645,647,912,1048,1051,1054,1121,1145,1146,1165,1170,1171,1236,1358,1359,1363,1398,1472,1474,1478,1587,1604,1608,1675,1725,1763,1805,1814,1945,1970,1971,2133,2381,2407,2458,2695,3120,3121,3284,3435,3510,3767,3807,3870,3915,3920,3993,6234,7026,
162;0;4843;4991;1;3,19,24,54,55,95,100,137,139,144,149,225,231,234,241,262,276,288,290,291,321,390,395,396,398,404,429,490,516,640,644,645,647,855,912,949,1048,1051,1054,1121,1145,1146,1165,1170,1171,1236,1358,1359,1363,1398,1472,1474,1478,1521,1587,1604,1608,1675,1725,1763,1805,1814,1945,1970,1971,2133,2381,2407,2695,3121,3284,3435,3510,3767,3807,3870,3915,3920,3993,7026,
42;0;4991;5163;0;3,19,24,54,55,95,100,137,139,144,149,225,231,234,241,262,276,288,290,291,321,390,395,396,398,404,429,490,516,640,644,645,647,855,912,949,1048,1051,1054,1121,1145,1146,1165,1170,1171,1236,1358,1359,1363,1398,1472,1474,1478,1521,1587,1604,1608,1675,1725,1805,1814,1945,1970,1971,2133,2381,2407,2695,3121,3284,3435,3510,3739,3767,3807,3870,3915,3920,3993,7026,
159;0;5163;5327;0;3,19,24,54,55,95,100,137,139,144,149,225,231,234,241,262,276,288,290,291,321,390,395,396,398,404,429,490,516,640,644,645,647,855,912,949,1048,1051,1054,1121,1145,1146,1165,1170,1171,1236,1358,1359,1363,1398,1472,1474,1478,1521,1587,1604,1608,1675,1725,1805,1814,1945,1970,1971,2133,2381,2407,2695,3121,3284,3435,3510,3739,3767,3807,3870,3915,3920,3993,7026,
Machine: 4
416;0;0;96;1;3,19,24,54,55,66,95,137,139,144,149,170,225,231,234,241,246,262,276,288,290,291,321,390,395,396,398,404,429,454,486,490,497,506,644,949,1048,1051,1054,1145,1146,1165,1170,1171,1236,1293,1358,1359,1363,1463,1474,1478,1521,1604,1701,1707,1716,1725,1805,1859,1945,1999,2036,2133,2381,2695,2895,3274,3870,3993,4000,4001,4002,4003,4004,4005,4006,4007,4008,7026,
479;0;96;211;0;3,19,24,54,55,66,95,137,139,144,149,170,225,231,234,241,246,262,276,288,290,291,321,390,395,396,398,404,429,454,486,490,497,506,644,949,1048,1051,1054,1145,1146,1165,1170,1171,1236,1293,1358,1359,1363,1463,1474,1478,1521,1604,1701,1707,1716,1725,1805,1859,1945,1999,2036,2133,2381,2695,2895,3274,3870,3993,4000,4001,4002,4003,4004,4005,7026,8493,8494,8495,
71;0;211;252;0;3,19,24,54,55,66,95,137,139,144,149,170,225,231,234,241,246,262,276,288,290,291,321,390,395,396,398,404,429,454,486,490,497,506,644,949,1048,1051,1054,1145,1146,1165,1170,1171,1236,1293,1358,1359,1363,1463,1474,1478,1521,1604,1701,1707,1716,1725,1805,1859,1945,1999,2036,2133,2381,2695,2895,3274,3337,3870,3993,4000,4001,4002,4003,4004,7026,7712,7720,7721,
93;0;252;281;1;3,19,24,54,55,95,117,137,139,144,149,170,225,231,234,241,262,276,288,290,291,321,329,377,390,395,396,398,404,429,486,490,497,506,644,891,949,1048,1051,1054,1145,1146,1148,1165,1170,1171,1236,1293,1358,1359,1363,1463,1474,1478,1488,1521,1540,1604,1701,1707,1716,1725,1805,1915,1945,1999,2036,2133,2381,2544,2695,2696,2895,3015,3870,4227,4428,5217,5218,7026,
54;0;281;311;0;3,19,24,54,55,95,117,137,139,144,149,170,225,231,234,241,262,276,288,290,291,321,329,377,390,395,396,398,404,429,486,490,497,506,565,644,891,949,1048,1051,1054,1145,1146,1148,1165,1170,1171,1236,1293,1358,1359,1363,1463,1474,1478,1521,1540,1604,1707,1716,1725,1805,1915,1945,1999,2036,2133,2231,2381,2544,2695,2696,2895,3870,4227,4327,4428,5217,5218,7026,
408;0;311;389;0;3,19,24,54,55,95,117,137,139,144,149,170,225,231,234,241,262,276,288,290,291,321,329,377,390,395,396,398,404,429,486,490,497,644,891,949,1048,1051,1054,1145,1146,1148,1165,1170,1171,1236,1293,1358,1359,1363,1463,1473,1474,1478,1521,1540,1604,1716,1725,1805,1809,1915,1945,1999,2036,2133,2231,2381,2544,2695,2696,2895,3870,4227,4327,4428,4503,5217,5218,6000,
162;1;389;557;1;3,19,24,54,55,95,117,137,139,144,149,170,225,231,234,241,262,276,288,290,291,321,329,377,390,395,396,398,404,429,490,497,644,677,891,949,1048,1051,1054,1145,1146,1148,1165,1170,1171,1201,1236,1293,1358,1359,1363,1463,1473,1474,1478,1521,1539,1604,1716,1725,1805,1809,1945,2036,2091,2106,2381,2627,2645,2695,2729,2778,2895,3870,4603,5229,5270,5537,6750,8991,
32;0;557;569;0;3,19,24,54,55,95,117,137,139,144,149,170,225,231,234,241,262,276,288,290,291,321,329,377,390,395,396,398,404,429,490,497,644,677,891,949,1048,1051,1054,1145,1146,1148,1165,1170,1171,1201,1236,1293,1358,1359,1363,1463,1473,1474,1478,1521,1539,1604,1716,1725,1805,1809,1945,2036,2091,2106,2381,2627,2645,2695,2778,2895,3870,4603,5229,5270,5537,6750,8496,8497,
104;1;569;610;0;3,19,24,54,55,95,117,137,139,144,149,170,225,231,234,241,262,276,288,290,291,321,329,377,390,395,396,398,404,429,490,497,644,677,891,949,1048,1051,1054,1145,1146,1148,1165,1170,1171,1201,1236,1293,1339,1358,1359,1363,1463,1473,1474,1478,1521,1539,1604,1716,1725,1805,1809,1945,2036,2091,2106,2381,2627,2645,2695,2778,2895,3870,4603,5229,5270,5537,6750,8496,
2;1;610;670;0;3,19,24,54,55,95,117,137,139,144,149,170,225,231,234,241,262,276,288,290,291,321,329,377,390,391,395,396,398,404,429,490,497,644,677,891,949,1048,1051,1054,1117,1145,1146,1147,1148,1165,1170,1171,1201,1236,1293,1358,1359,1363,1463,1469,1473,1474,1478,1521,1604,1716,1725,1805,1809,1945,2036,2091,2106,2381,2627,2645,2695,2778,2895,3870,4603,5229,5270,5537,
36;0;670;801;1;3,19,24,54,95,117,137,139,144,149,170,225,231,234,241,262,276,288,290,291,321,329,377,390,391,395,396,398,404,429,490,644,677,838,891,949,1048,1051,1054,1117,1145,1146,1147,1148,1165,1170,1171,1201,1236,1293,1358,1359,1363,1463,1473,1474,1478,1521,1604,1669,1671,1716,1725,1805,1809,1945,2036,2091,2106,2337,2381,2627,2645,2695,2778,2895,4630,4645,5537,5725,
15;1;1440;1505;1;3,19,24,54,95,117,137,139,144,149,170,225,231,241,262,276,288,290,291,308,321,329,377,390,391,395,396,398,404,429,490,644,677,838,891,938,949,1048,1051,1054,1056,1117,1145,1146,1147,1148,1164,1165,1166,1167,1169,1170,1171,1172,1176,1236,1293,1358,1359,1363,1463,1467,1473,1474,1478,1521,1604,1669,1716,1725,1805,1809,1945,2036,2106,2381,2627,2645,2778,2895,
117;1;1505;1662;1;3,19,24,54,86,95,117,137,139,144,149,170,225,231,241,262,276,288,289,290,291,308,321,329,377,390,391,395,396,398,404,429,490,644,666,677,838,891,949,1048,1051,1054,1117,1145,1146,1147,1148,1170,1171,1172,1236,1293,1358,1359,1363,1463,1473,1474,1478,1521,1604,1669,1716,1725,1805,1809,1945,2036,2106,2381,2627,2645,2778,2895,2985,2986,2987,2988,2989,2990,
365;0;1662;1715;0;3,19,24,54,95,117,137,139,144,149,170,225,231,233,241,262,276,277,288,289,290,291,308,321,329,377,390,391,395,396,398,404,429,490,591,644,677,838,891,949,1048,1051,1054,1117,1145,1146,1148,1171,1236,1293,1358,1359,1363,1463,1473,1474,1478,1521,1604,1669,1716,1725,1805,1809,1945,2036,2106,2381,2627,2645,2774,2775,2778,2816,2895,2986,2988,4600,4740,5331,
364;0;1715;1791;1;3,19,24,54,95,117,137,139,144,149,170,225,231,233,241,262,277,288,289,290,291,321,329,377,390,391,395,396,398,404,429,490,591,644,677,838,891,949,1048,1051,1054,1117,1145,1146,1148,1236,1293,1358,1359,1363,1463,1473,1474,1478,1521,1604,1669,1716,1725,1805,1809,1945,2036,2106,2381,2627,2645,2690,2774,2775,2778,2895,2988,4600,4633,5259,5331,6731,6732,6742,
58;0;1791;1801;0;3,19,24,54,95,117,137,139,144,145,149,170,225,231,233,241,262,277,288,289,290,291,321,329,377,390,391,395,396,398,404,429,490,591,644,677,838,891,948,949,1048,1051,1054,1117,1145,1146,1148,1236,1293,1358,1359,1363,1463,1473,1474,1478,1521,1604,1669,1716,1725,1805,1809,1816,1945,2036,2106,2381,2627,2645,2690,2774,2775,2778,2895,2988,4600,5259,5331,6742,
154;0;1801;1857;1;3,15,19,24,25,34,36,44,54,95,117,137,139,144,145,149,170,225,231,233,241,262,277,288,289,321,329,377,390,391,395,396,398,404,421,429,490,591,644,838,948,949,1048,1051,1054,1117,1145,1146,1179,1236,1247,1261,1293,1358,1359,1363,1463,1473,1474,1478,1521,1604,1605,1606,1669,1716,1725,1805,1809,1945,2106,2381,2645,2774,2775,2778,2895,2988,4600,6742,
23;1;1857;1907;0;3,15,19,24,25,34,44,54,95,117,137,139,144,145,149,170,225,231,233,241,262,277,288,289,321,329,377,390,391,395,396,398,400,404,421,429,490,591,644,838,948,949,1048,1051,1054,1117,1145,1146,1179,1236,1247,1261,1293,1358,1359,1363,1463,1473,1474,1478,1521,1604,1606,1669,1716,1725,1805,1809,1945,2106,2381,2645,2774,2775,2778,2824,2895,2988,4600,6742,
33;1;1907;2064;0;3,15,19,24,25,34,44,54,95,117,137,139,144,145,149,170,225,231,233,241,262,277,288,289,321,329,377,390,391,395,396,398,400,404,421,429,490,591,644,838,948,949,1048,1051,1054,1117,1145,1146,1179,1236,1247,1261,1293,1358,1359,1363,1463,1473,1474,1478,1521,1604,1606,1669,1716,1725,1805,1809,1945,2106,2381,2645,2774,2775,2778,2824,2895,2988,4600,6742,
136;1;2064;2105;1;3,15,19,24,25,34,44,54,95,117,137,139,144,145,149,170,225,231,233,241,262,277,288,289,321,329,377,390,391,395,396,398,400,404,421,429,490,591,644,838,948,949,1048,1051,1054,1117,1145,1146,1179,1236,1247,1261,1293,1358,1359,1363,1463,1473,1474,1478,1521,1604,1606,1669,1716,1725,1809,1945,2106,2645,2774,2775,2778,2824,2894,2895,2896,2988,4600,6742,
383;0;2105;2235;0;3,15,19,24,25,34,44,54,95,117,137,139,144,145,149,170,225,231,233,241,262,277,288,289,321,329,377,390,391,395,396,398,400,404,421,429,490,591,644,838,948,949,1048,1051,1054,1117,1145,1146,1179,1236,1247,1261,1293,1358,1359,1363,1463,1473,1474,1478,1521,1604,1606,1669,1716,1725,1809,1945,2106,2645,2774,2775,2778,2824,2894,2895,2896,2988,4600,6742,
40;0;2235;2339;0;3,15,19,24,25,34,44,54,95,117,137,139,144,145,149,170,225,231,233,241,262,277,288,289,321,329,377,390,391,395,396,398,400,404,421,429,490,591,644,838,948,949,1048,1051,1054,1117,1145,1146,1179,1236,1247,1261,1293,1358,1359,1363,1463,1473,1474,1478,1521,1604,1606,1669,1716,1725,1809,1945,2106,2645,2774,2775,2778,2824,2894,2895,2896,2988,4600,6742,
0;0;2880;2916;1;3,15,19,24,25,34,35,37,38,42,44,54,57,95,117,137,139,144,145,149,170,225,231,233,241,262,277,288,289,321,329,377,390,391,395,396,398,400,404,421,429,490,591,644,838,948,949,1048,1051,1054,1117,1145,1146,1179,1236,1261,1293,1358,1359,1363,1463,1473,1474,1478,1521,1604,1669,1716,1809,1945,2061,2106,2645,2774,2775,2778,2824,2988,4600,5352,
140;0;2916;2980;0;3,15,19,24,25,34,35,37,38,42,44,54,57,95,117,137,139,144,145,149,170,225,231,233,241,262,277,288,289,321,329,377,390,391,395,396,398,400,404,421,429,490,591,644,838,948,949,1048,1051,1054,1117,1145,1146,1179,1236,1261,1293,1358,1359,1363,1463,1473,1474,1478,1521,1604,1669,1716,1809,1945,2061,2106,2645,2774,2775,2778,2824,2988,4600,8289,
89;0;2980;3014;1;3,15,19,24,25,34,35,37,38,44,54,95,117,137,139,144,145,149,170,225,231,233,241,262,277,288,289,321,329,377,390,391,395,396,398,400,401,404,421,429,490,591,644,838,948,949,1048,1051,1054,1117,1145,1146,1179,1236,1261,1293,1358,1359,1363,1401,1463,1473,1474,1478,1521,1604,1669,1716,1762,1809,1945,2106,2645,2774,2775,2778,2824,2988,4502,4600,
391;0;3014;3104;0;3,15,19,24,25,34,35,37,38,44,54,95,117,137,139,144,145,149,170,225,231,233,241,262,277,288,289,321,329,377,390,391,395,396,398,400,401,404,421,429,490,591,644,838,948,949,1048,1051,1054,1117,1145,1146,1236,1261,1293,1358,1359,1363,1401,1463,1473,1474,1478,1521,1604,1669,1716,1762,1809,1945,2106,2645,2774,2775,2778,2824,2988,3204,4600,8111,
164;0;3104;3216;0;3,15,19,24,25,34,35,37,38,44,54,95,117,137,139,144,145,149,170,225,231,233,241,262,277,288,289,321,329,377,390,391,395,396,398,400,401,404,429,490,591,644,838,948,949,1048,1051,1054,1117,1145,1146,1236,1261,1293,1358,1359,1363,1401,1463,1473,1474,1478,1521,1604,1669,1716,1762,1809,1945,2106,2489,2490,2645,2774,2775,2778,2824,2988,3204,4600,
453;0;3216;3376;1;3,15,19,24,25,34,35,37,38,44,54,95,117,137,139,144,145,149,170,225,231,233,241,262,277,288,289,321,329,377,390,391,395,396,398,400,401,404,429,490,591,644,838,948,949,1048,1051,1054,1117,1145,1146,1236,1261,1293,1358,1359,1363,1401,1463,1473,1474,1478,1521,1604,1669,1716,1762,1809,1945,2106,2645,2774,2775,2778,2824,2988,3204,4600,5874,5875,
112;0;3376;3513;0;3,15,19,24,25,34,35,37,38,44,54,95,117,137,139,144,145,149,170,225,231,233,241,262,277,288,289,321,329,377,390,391,395,396,398,400,401,404,429,490,591,644,838,948,949,1048,1051,1054,1117,1145,1146,1236,1261,1293,1358,1359,1363,1401,1463,1473,1474,1478,1521,1604,1669,1716,1762,1809,1945,2106,2645,2774,2775,2778,2824,2988,3204,4600,5874,7262,
64;1;3513;3588;0;3,15,19,24,25,34,35,37,38,44,54,95,117,137,139,144,145,149,170,225,231,233,241,262,277,288,289,321,329,377,390,391,395,396,398,400,401,404,429,490,591,644,838,948,949,1048,1051,1054,1117,1145,1146,1236,1261,1293,1358,1359,1363,1401,1463,1473,1474,1478,1521,1604,1669,1716,1809,1945,2106,2645,2774,2775,2778,2988,3204,4600,7335,7336,7410,7411,
106;1;3588;3697;1;3,15,16,17,20,24,25,34,35,38,40,45,54,60,95,117,137,139,144,145,149,170,225,231,233,241,262,277,288,289,321,329,377,390,391,395,396,398,400,401,404,429,448,490,494,591,644,838,948,949,1048,1051,1054,1117,1145,1146,1236,1293,1358,1359,1363,1401,1463,1473,1474,1478,1521,1582,1604,1669,1809,1945,2106,2645,2774,2775,2778,2988,3204,4600,
6;1;4320;4368;1;3,15,16,17,24,25,34,35,38,40,45,60,95,117,137,139,143,144,145,149,170,225,231,233,241,262,277,288,289,321,329,377,390,391,395,396,398,400,401,404,429,448,490,591,644,838,948,949,1048,1051,1054,1117,1145,1146,1236,1293,1358,1359,1361,1363,1401,1463,1473,1474,1478,1521,1582,1604,1669,1809,1945,2106,2645,2774,2775,2778,2988,3204,4600,7036,
384;0;4368;4499;1;15,16,17,95,117,137,139,143,144,145,170,225,226,230,231,233,262,277,288,289,321,329,377,390,391,395,396,397,398,401,404,429,591,644,838,839,948,949,1048,1051,1054,1117,1118,1145,1146,1236,1358,1359,1401,1473,1474,1478,1521,1604,1669,1809,1884,2106,2504,2645,2774,2775,2778,3263,4600,4604,4605,4721,5191,5894,5895,5898,5899,5901,6126,6128,6129,6362,6363,6364,
155;0;4499;4547;1;15,16,17,95,117,137,139,143,144,145,170,225,226,230,231,233,262,277,288,289,321,329,377,390,391,395,396,397,398,401,404,429,591,644,838,839,948,949,1048,1051,1054,1117,1118,1145,1146,1236,1358,1359,1401,1417,1473,1474,1478,1521,1604,1669,1809,1884,2106,2504,2645,2774,2775,2778,3263,4600,4604,4605,4721,5894,5895,5898,5899,5901,6126,6128,6129,6362,6363,6364,
333;0;4547;4595;0;15,16,17,95,117,137,139,143,144,145,170,225,226,231,233,262,277,288,289,321,329,377,390,391,395,396,397,398,401,404,429,591,644,838,839,948,949,1048,1051,1054,1117,1118,1145,1146,1236,1358,1359,1401,1417,1473,1474,1478,1521,1604,1669,1809,1884,2106,2504,2645,2774,2775,2778,3263,4600,4604,4605,5894,5895,5898,5899,5901,6126,6128,6129,6362,6363,7363,7549,7550,
88;1;4595;4673;1;15,16,17,95,117,137,139,143,144,145,170,225,226,231,233,245,262,277,288,289,321,329,377,390,391,395,396,397,398,401,404,429,591,644,645,838,948,949,1048,1051,1054,1057,1117,1118,1145,1146,1236,1358,1359,1401,1417,1473,1474,1476,1478,1521,1604,1669,1809,1884,2052,2106,2128,2645,2774,2775,2778,3045,3263,4472,4600,4604,4605,5741,5749,5894,5895,5898,5899,5901,
80;0;4673;4721;1;15,16,17,95,117,137,139,143,144,145,170,225,226,231,233,245,262,277,288,289,292,321,329,377,390,391,395,396,397,398,401,404,429,591,644,645,691,838,948,949,1048,1051,1054,1057,1117,1118,1145,1146,1236,1358,1359,1401,1417,1473,1474,1476,1478,1521,1604,1669,1809,2052,2106,2128,2645,2774,2775,2777,2778,3263,4472,4567,4568,4569,4570,4571,4600,4604,4605,5894,
154;1;4721;4817;1;15,16,17,95,117,137,139,143,144,145,170,225,226,231,233,245,262,277,288,289,292,321,329,377,390,391,395,396,397,398,401,404,429,591,644,645,691,838,948,949,1048,1051,1054,1057,1117,1118,1145,1146,1236,1358,1359,1401,1417,1473,1474,1476,1478,1521,1604,1669,1809,2052,2106,2128,2159,2305,2645,2774,2775,2777,2778,3263,4472,4567,4568,4569,4600,4604,4605,5894,
105;1;4817;4955;1;8,15,16,17,95,117,137,139,143,144,145,170,225,226,231,233,245,262,277,288,289,292,321,329,377,390,391,395,396,397,398,401,404,429,591,644,645,691,838,948,949,1048,1051,1054,1057,1117,1118,1134,1145,1146,1236,1358,1359,1401,1417,1473,1474,1476,1478,1521,1604,1669,1757,1809,2052,2106,2128,2305,2645,2774,2775,2777,2778,3263,4472,4567,4569,4600,4604,4605,
337;0;4955;4994;0;8,15,16,17,95,117,137,139,143,144,145,170,225,226,231,233,245,249,262,277,288,289,292,321,329,377,390,391,395,396,397,398,401,404,429,644,645,691,838,948,949,1048,1051,1054,1057,1117,1118,1134,1145,1146,1236,1358,1359,1401,1417,1473,1474,1476,1478,1521,1604,1669,1809,1895,2052,2106,2305,2645,2774,2775,2777,2778,3263,3349,3421,4472,4567,4600,4604,4605,
43;0;4994;5158;0;8,15,16,17,95,117,137,139,143,144,145,170,225,226,231,233,245,262,277,288,289,292,321,329,377,390,391,395,396,397,398,401,404,429,644,645,691,838,948,949,1048,1051,1054,1057,1117,1118,1134,1145,1146,1236,1358,1359,1401,1417,1473,1474,1476,1478,1521,1604,1669,1809,1895,2052,2106,2305,2645,2774,2775,2776,2777,2778,3263,4472,4567,4600,4604,4605,4771,6747,
84;0;5158;5264;0;8,15,16,17,95,117,137,139,143,144,145,170,225,226,231,233,245,262,277,288,289,292,321,329,377,390,391,395,396,397,398,401,404,429,644,645,691,838,948,949,1048,1051,1054,1057,1117,1118,1134,1145,1146,1236,1358,1359,1401,1417,1473,1474,1476,1478,1521,1604,1669,1809,1895,2052,2106,2305,2645,2774,2775,2776,2777,2778,3263,4472,4567,4600,4604,4605,4771,6747,
60;1;5264;5317;0;8,15,16,17,95,117,137,139,143,144,145,170,225,226,231,233,245,262,277,288,289,292,321,329,377,390,391,395,396,397,398,401,404,429,644,645,691,838,948,949,1048,1051,1054,1057,1117,1118,1134,1145,1146,1236,1358,1359,1401,1417,1473,1474,1476,1478,1521,1604,1669,1809,1895,2052,2106,2305,2645,2774,2775,2776,2777,2778,3263,4472,4567,4600,4604,4605,4771,6747,
Machine: 5
339;0;0;44;1;8,16,17,95,117,137,139,144,145,170,225,226,231,233,245,262,277,288,289,321,329,351,390,391,395,396,397,398,401,404,429,644,645,838,948,949,1048,1051,1054,1057,1117,1145,1146,1236,1358,1359,1401,1417,1473,1474,1476,1478,1521,1604,1669,1895,2106,2305,2645,2774,2775,2776,2777,2778,2802,3263,4567,4600,4604,4605,4606,4612,4628,4775,5052,6841,8007,8008,8009,8010,
134;1;44;92;0;8,16,17,95,117,137,139,144,145,170,225,226,231,233,245,262,277,288,289,321,329,351,390,391,395,396,397,398,401,404,429,644,645,838,948,949,1048,1051,1054,1057,1117,1145,1146,1236,1358,1359,1401,1417,1473,1474,1476,1478,1521,1604,1669,1895,2106,2305,2645,2774,2775,2776,2777,2778,2802,3263,4567,4600,4604,4605,4606,4612,4628,4775,5052,6841,8007,8008,8009,8010,
424;0;92;102;1;8,16,17,95,117,137,139,144,145,170,225,226,231,233,245,262,277,288,289,321,329,351,390,391,395,396,397,398,401,404,429,644,645,838,948,949,1048,1051,1054,1057,1117,1145,1146,1236,1358,1359,1401,1417,1473,1474,1476,1478,1521,1604,1669,1895,2106,2305,2645,2774,2775,2776,2777,2778,3263,4567,4600,4604,4605,4606,4628,8787,8788,8968,8969,8970,8971,8972,8973,8974,
163;1;102;195;0;8,16,17,95,117,137,139,144,145,170,202,225,226,231,233,245,262,277,288,289,321,329,351,390,391,395,396,397,398,401,404,429,644,645,838,864,948,949,1048,1051,1054,1057,1117,1145,1146,1236,1358,1359,1401,1417,1473,1474,1476,1478,1509,1521,1604,1669,1895,2106,2305,2315,2413,2518,2645,2774,2775,2776,2777,2778,2941,3263,3891,4514,4567,4600,4604,4605,4606,4628,
342;0;195;249;1;8,16,17,95,117,137,139,144,145,170,202,225,226,231,233,245,262,274,277,288,289,321,329,351,390,391,395,396,397,398,401,404,429,644,645,838,948,949,1048,1051,1054,1057,1117,1145,1146,1236,1358,1359,1401,1417,1473,1474,1476,1478,1521,1604,1669,1895,2106,2305,2315,2413,2518,2645,2774,2775,2776,2777,2778,2903,2941,3263,3891,4567,4600,4604,4605,4606,4628,5432,
141;0;249;297;1;8,16,17,95,117,137,139,144,145,170,202,225,226,231,233,245,262,274,277,288,289,321,329,351,390,391,395,396,397,398,401,404,429,644,645,838,948,949,1048,1051,1054,1057,1117,1145,1146,1236,1358,1359,1401,1417,1473,1474,1476,1478,1521,1604,1669,1895,2106,2305,2315,2413,2518,2645,2774,2775,2776,2777,2778,2903,2941,3263,3891,4567,4600,4604,4605,4606,4628,5432,
403;0;297;341;0;8,17,95,117,137,139,144,145,170,202,225,226,231,245,262,274,277,288,289,321,329,390,391,393,395,396,397,398,401,404,429,644,645,838,948,949,1048,1051,1054,1057,1117,1145,1146,1236,1358,1359,1390,1401,1417,1451,1473,1474,1476,1478,1521,1604,1669,2106,2305,2315,2413,2645,2649,2774,2775,2776,2777,2778,2903,2941,3263,4567,4597,4600,4604,4605,7834,7838,8391,8849,
382;0;341;371;0;8,17,95,117,137,139,144,145,170,202,225,226,231,245,262,274,277,288,289,321,329,390,391,393,395,396,397,398,401,404,429,644,645,838,948,949,1048,1051,1054,1057,1117,1145,1146,1236,1358,1359,1390,1401,1417,1451,1473,1474,1476,1478,1521,1604,1669,2106,2305,2315,2413,2645,2649,2774,2775,2776,2777,2778,2903,2941,3263,4567,4597,4600,4604,4605,7834,7838,8391,8849,
491;0;371;536;1;8,17,95,117,137,139,144,145,170,202,225,226,231,245,262,274,277,288,289,321,329,390,391,395,396,397,398,401,404,429,644,645,838,948,949,1048,1051,1054,1057,1117,1136,1145,1146,1236,1359,1390,1401,1417,1473,1474,1476,1478,1501,1521,1604,1669,1817,2106,2305,2315,2413,2428,2450,2451,2452,2453,2645,2774,2775,2776,2777,2778,2903,2941,3263,4567,4600,4604,4605,8391,
410;0;536;584;0;8,17,95,117,137,139,144,145,170,202,225,226,231,245,262,274,277,288,289,321,329,390,391,395,396,397,398,401,404,429,644,645,838,948,949,1048,1051,1054,1057,1117,1136,1145,1146,1236,1359,1390,1401,1417,1473,1474,1476,1478,1501,1521,1604,1669,1817,2106,2305,2315,2413,2428,2450,2451,2452,2453,2645,2774,2775,2776,2777,2778,2903,2941,3263,4567,4600,4604,4605,8391,
65;0;584;648;1;8,17,95,100,137,139,144,145,170,202,225,226,231,245,262,274,277,288,289,321,329,390,391,395,396,397,398,401,404,429,644,645,773,838,863,948,949,1048,1051,1054,1057,1136,1145,1146,1236,1359,1401,1417,1473,1474,1476,1478,1521,1604,1669,2106,2305,2315,2318,2413,2428,2451,2645,2678,2774,2775,2776,2777,2778,2903,2941,2962,3263,3581,4567,4604,4605,7804,7805,8190,
141;1;648;816;1;8,17,95,100,144,145,170,202,225,226,231,245,262,274,277,288,289,321,329,390,391,395,396,397,398,401,404,429,583,644,645,773,862,863,948,949,1051,1054,1057,1145,1146,1236,1359,1401,1417,1473,1474,1476,1478,1521,1604,1669,2305,2315,2413,2428,2451,2645,2678,2774,2775,2776,2777,2778,2903,2941,2962,3099,3263,4567,4604,4605,4627,4765,4766,4773,6132,7804,7805,8190,
336;0;816;977;0;8,17,95,100,144,145,170,202,225,226,231,245,262,274,277,288,289,321,329,390,391,395,396,397,398,401,404,429,583,644,645,773,862,863,948,949,1051,1054,1057,1145,1146,1236,1359,1401,1417,1473,1474,1476,1478,1521,1604,1669,2305,2315,2413,2428,2451,2645,2678,2774,2775,2776,2777,2778,2903,2941,2962,3099,3263,4567,4604,4605,4627,4765,4766,4773,6132,7804,7805,8190,
489;0;977;1114;1;8,17,95,100,144,145,170,202,225,226,231,245,262,274,277,288,289,321,329,390,391,395,396,397,398,401,404,429,583,644,645,773,862,863,948,949,1051,1054,1057,1145,1146,1236,1359,1401,1417,1473,1474,1476,1478,1521,1604,1669,2305,2315,2413,2428,2451,2645,2678,2774,2775,2776,2777,2778,2903,2941,2962,3099,3263,4567,4604,4605,4627,4765,4766,4773,6132,7804,7805,8190,
74;1;1440;1470;1;8,17,63,95,100,144,145,170,202,225,226,231,245,262,274,277,288,289,321,329,390,391,395,396,397,398,401,404,429,528,644,645,773,862,863,948,949,1051,1054,1057,1145,1146,1236,1294,1359,1401,1417,1473,1474,1476,1478,1604,1669,2149,2221,2305,2315,2413,2428,2451,2645,2678,2774,2775,2776,2777,2778,2903,2941,3099,3263,4229,4230,4567,4604,4605,4627,4773,7804,8190,
87;1;1470;1490;1;8,17,95,100,138,144,145,170,202,225,226,231,245,262,277,288,289,329,390,391,395,396,398,401,404,528,644,645,892,896,911,1051,1054,1057,1075,1145,1146,1359,1401,1472,1473,1474,1476,1478,1604,1623,1661,1667,1669,1973,2103,2413,2427,2428,2429,2430,2431,2432,2433,2434,2435,2436,2437,2438,2439,2440,2441,2442,2451,2645,2774,2775,2776,2778,2903,2941,3263,4605,7804,8190,
445;0;1490;1645;0;8,17,95,100,138,144,145,170,202,225,226,231,245,262,277,288,289,329,390,391,395,396,398,401,404,528,644,645,892,896,911,1051,1054,1057,1075,1145,1146,1359,1401,1472,1473,1474,1476,1478,1604,1623,1661,1667,1669,1973,2103,2413,2427,2428,2429,2430,2431,2432,2433,2434,2435,2436,2437,2438,2440,2441,2451,2645,2774,2775,2776,2778,2903,2941,3263,4605,6042,7487,7804,8190,
61;0;1645;1701;0;8,17,95,100,138,144,145,146,147,170,202,225,226,231,245,262,277,288,289,301,329,390,391,395,396,398,401,404,528,644,645,892,896,911,1051,1054,1057,1075,1145,1146,1359,1401,1472,1473,1474,1476,1478,1479,1604,1623,1661,1667,1669,1973,2103,2413,2427,2428,2429,2430,2431,2432,2433,2434,2435,2436,2440,2441,2451,2645,2774,2775,2776,2778,2903,2941,3263,4605,7804,8190,
94;0;1701;1720;0;8,17,95,100,138,144,145,146,147,170,202,225,226,231,245,262,277,288,289,301,329,390,391,395,396,398,401,404,528,597,631,644,645,892,911,1051,1054,1057,1075,1145,1146,1359,1401,1472,1473,1474,1476,1478,1479,1604,1623,1661,1667,1669,1973,2103,2413,2428,2429,2432,2435,2436,2440,2441,2451,2645,2774,2775,2776,2778,2903,2941,3263,4272,4605,5645,7804,8190,8601,8602,
375;0;1720;1832;1;8,17,95,100,138,144,145,146,147,170,202,225,226,231,245,262,277,288,289,301,329,390,391,395,396,398,401,404,439,528,597,631,644,645,892,911,1051,1054,1057,1075,1145,1146,1359,1401,1472,1473,1474,1476,1478,1479,1604,1623,1661,1667,1669,1973,2103,2413,2428,2429,2432,2435,2436,2440,2441,2451,2645,2774,2775,2776,2778,2903,2941,3263,3289,3290,4605,5645,7804,8190,
132;0;1832;1912;1;8,17,95,100,103,144,145,146,202,225,226,231,245,262,277,288,289,294,329,390,391,395,396,398,401,404,430,445,644,1051,1054,1057,1145,1146,1214,1359,1401,1450,1473,1474,1476,1478,1513,1567,1604,1667,1669,1922,2380,2413,2451,2543,2645,2774,2775,2776,2778,2897,2898,2899,2900,2901,2902,2903,2904,2905,2906,2907,2908,2909,2910,2911,2912,2913,2941,3263,4605,5645,7804,8190,
398;0;1912;2017;1;8,17,95,100,103,144,145,146,202,225,226,231,245,262,277,288,289,294,297,329,390,391,395,396,398,401,404,430,445,644,1051,1054,1057,1145,1146,1214,1359,1401,1450,1473,1474,1476,1478,1513,1567,1604,1667,1669,1922,2380,2405,2413,2451,2543,2645,2658,2774,2775,2776,2778,2897,2898,2899,2900,2901,2903,2904,2905,2907,2909,2910,2911,2913,2941,3263,4605,4946,5645,7804,8190,
477;0;2017;2128;0;8,17,95,100,103,144,145,146,202,225,226,231,245,262,277,288,289,294,297,329,390,391,395,396,398,401,404,430,445,644,1051,1054,1057,1145,1146,1214,1359,1401,1450,1473,1474,1476,1478,1513,1567,1604,1667,1669,1922,2380,2405,2413,2451,2543,2645,2658,2774,2775,2776,2778,2897,2898,2900,2901,2903,2904,2905,2907,2909,2910,2911,2913,2941,3263,4605,4946,5645,7804,8119,8190,
49;0;2128;2149;1;8,17,95,100,103,144,145,146,202,225,226,231,245,262,277,288,289,297,329,390,391,395,396,398,401,404,430,640,644,1051,1054,1057,1093,1145,1146,1214,1359,1401,1473,1474,1476,1478,1513,1567,1604,1667,1669,1922,2405,2413,2451,2543,2645,2687,2774,2775,2776,2778,2790,2897,2898,2903,2904,2941,3019,3263,4605,4946,5370,5645,6629,7428,7804,8147,8190,8653,8654,8655,8656,8657,
127;1;2149;2314;1;8,17,95,100,144,145,146,198,202,225,226,245,247,262,277,288,289,329,390,391,395,396,398,401,404,430,529,557,640,644,727,875,1051,1054,1057,1093,1145,1146,1214,1287,1288,1290,1359,1401,1473,1474,1476,1478,1513,1577,1604,1667,1669,1775,1776,1777,1778,1779,1780,1781,1782,1783,1784,1785,1786,1787,1788,1789,1790,1791,1792,1793,1794,1795,2413,2451,2941,5645,7804,8190,
158;1;2314;2429;0;8,17,95,100,144,145,146,198,202,225,226,245,247,262,277,288,289,329,390,391,395,396,398,401,404,430,529,557,640,644,727,875,1051,1054,1057,1093,1145,1146,1214,1287,1288,1290,1359,1401,1473,1474,1476,1478,1513,1577,1604,1667,1669,1775,1776,1777,1778,1779,1780,1781,1782,1783,1784,1785,1786,1787,1788,1789,1790,1791,1792,1793,1794,1795,2413,2451,2941,5645,7804,8190,
101;1;2880;2974;1;8,17,95,100,101,144,145,146,198,202,225,226,245,247,262,277,288,289,329,390,391,395,396,398,401,404,430,529,640,644,727,875,1051,1054,1057,1093,1145,1146,1214,1287,1288,1290,1359,1401,1473,1474,1476,1478,1513,1577,1604,1667,1669,1726,1777,1779,1781,1783,1785,1787,1789,1790,2413,2451,2941,4035,4219,5645,5777,5984,5987,5992,6090,6513,6584,7804,7926,7927,7958,8190,
161;1;2974;3058;0;8,17,95,100,101,144,145,146,198,202,225,226,245,247,262,277,288,289,329,390,391,395,396,398,401,404,430,529,640,644,727,875,1051,1054,1057,1093,1145,1146,1214,1287,1288,1290,1359,1401,1473,1474,1476,1478,1513,1577,1604,1667,1669,1726,1777,1779,1781,1783,1785,1787,1789,1790,2413,2451,2941,4035,4219,5080,5645,5777,5984,5987,5992,6090,6377,6513,6584,6585,7804,8190,
59;0;3058;3130;0;8,17,95,97,100,101,144,145,146,198,202,225,226,245,247,262,277,288,289,329,390,391,395,396,398,401,404,430,529,640,644,727,875,1050,1051,1052,1054,1057,1093,1145,1146,1214,1287,1288,1290,1359,1401,1473,1474,1476,1478,1513,1577,1604,1667,1669,1726,1777,1779,1781,1783,1785,1787,1789,1790,2134,2355,2413,2426,2451,2941,5645,5984,5987,5992,6090,6377,6585,7804,8190,
93;1;3130;3134;1;8,17,95,97,100,144,145,146,198,202,225,226,245,247,262,277,288,289,329,390,391,395,396,398,404,430,529,640,644,727,875,1050,1051,1052,1054,1057,1093,1145,1146,1214,1287,1288,1290,1359,1401,1473,1474,1476,1478,1513,1604,1667,1669,1777,1779,1781,1783,2134,2355,2413,2451,2941,5645,5984,5987,5992,6360,6377,7804,8190,8219,8379,8380,8383,8384,8386,8387,8388,8389,8390,
351;0;3134;3182;0;8,17,95,97,100,144,145,146,198,202,225,226,245,247,262,277,288,289,329,390,391,395,396,398,404,430,529,640,644,727,875,1050,1051,1052,1054,1057,1093,1145,1146,1214,1287,1288,1290,1359,1401,1473,1474,1476,1478,1513,1604,1667,1669,1777,1779,1781,1783,2134,2355,2413,2451,2941,5645,5984,5987,5992,6360,6377,6756,6757,6758,7804,8190,8219,8379,8380,8383,8384,8386,8387,
77;0;3182;3233;0;8,17,95,97,100,144,145,146,198,202,225,226,245,247,262,277,288,289,329,390,391,395,396,398,404,430,529,640,644,727,875,1050,1051,1052,1054,1057,1093,1145,1146,1214,1287,1288,1290,1359,1401,1473,1474,1476,1478,1513,1604,1667,1669,1777,1779,1781,1783,2134,2168,2355,2413,2451,2941,3414,5645,5984,5987,5992,6360,6377,6705,6756,6757,6758,7804,8190,8219,8379,8380,8383,
30;1;3233;3285;1;8,17,95,97,100,144,145,146,198,202,225,226,245,247,262,277,288,289,329,390,391,395,396,398,404,430,529,640,644,727,875,1050,1051,1052,1054,1057,1093,1145,1146,1214,1287,1288,1290,1359,1401,1473,1474,1476,1478,1513,1604,1667,1669,1777,1779,1781,1783,2134,2168,2355,2413,2451,2941,3414,3811,5645,5984,5987,5992,6360,6377,6705,6756,6757,6758,7804,8190,8219,8379,8380,
393;0;3285;3290;1;8,17,95,97,100,144,145,146,198,202,206,225,226,245,247,262,277,288,289,329,390,391,395,396,398,404,430,529,640,644,727,794,875,987,1050,1051,1052,1054,1057,1093,1145,1146,1214,1287,1288,1290,1359,1401,1473,1474,1476,1478,1513,1604,1667,1669,1777,1779,1781,1783,1992,2134,2168,2355,2413,2451,2937,2941,3414,3811,4982,5645,5984,5987,5992,6360,6377,6757,7804,8190,
405;0;3290;3294;0;8,17,95,97,100,144,145,146,198,202,206,225,226,245,247,262,277,288,289,329,390,391,395,396,398,404,430,529,640,644,727,794,875,987,1050,1051,1052,1054,1057,1093,1145,1146,1214,1287,1288,1290,1359,1401,1473,1474,1476,1478,1513,1604,1667,1669,1777,1779,1781,1783,1992,2134,2220,2355,2413,2451,2941,3410,3414,3797,4438,5645,5984,5987,5992,6360,6377,6757,7804,8190,
8;0;3294;3319;0;8,17,95,97,100,144,145,146,198,202,206,225,226,245,247,262,277,288,289,329,390,391,395,396,398,404,430,529,576,640,644,727,875,987,1050,1051,1052,1054,1057,1093,1145,1146,1214,1277,1287,1288,1290,1359,1401,1473,1474,1476,1478,1513,1604,1667,1669,1777,1779,1781,1783,2134,2220,2355,2413,2451,2941,3410,3414,3797,4664,5645,5984,5987,5992,6360,6377,6757,7804,8190,
493;0;3319;3323;1;8,17,95,97,100,144,145,146,198,202,206,225,226,245,247,262,277,288,289,329,390,391,394,395,396,398,404,430,529,640,644,727,875,987,1050,1051,1052,1054,1057,1093,1145,1146,1214,1277,1287,1288,1290,1359,1401,1473,1474,1476,1478,1513,1667,1669,1777,1779,1783,2105,2134,2220,2355,2413,2451,2941,3797,5611,5613,5626,5645,5803,5984,5987,5992,6360,6377,6757,7804,8190,
105;0;3323;3378;1;1,3,8,95,97,100,144,145,149,202,206,225,226,262,270,277,288,329,390,391,394,404,430,607,644,727,875,987,1050,1051,1054,1057,1069,1093,1146,1204,1214,1401,1473,1474,1475,1476,1477,1478,1513,1530,1667,1779,1803,1825,2109,2134,2355,2451,3108,3278,4033,4535,4857,4891,4902,4925,4926,4927,4928,4929,4930,4931,4932,4933,4934,4935,4936,4937,4938,4939,5645,5992,7804,8190,
376;0;3378;3534;0;1,3,8,95,97,100,144,145,149,202,206,225,226,262,270,277,288,329,390,391,394,404,430,727,875,987,1050,1051,1054,1057,1069,1093,1146,1204,1214,1401,1473,1474,1475,1476,1477,1478,1513,1667,1779,1803,1825,2109,2134,2355,2451,3108,3162,3278,4033,4535,4857,4891,4902,4925,4926,4927,4928,4929,4930,4931,4932,4933,4934,4935,4936,4937,4938,4939,5645,5647,5648,5992,7804,8190,
36;1;3534;3698;1;1,3,8,24,60,95,97,100,144,145,149,202,206,225,226,262,270,277,288,329,390,391,394,404,430,581,727,875,987,1050,1051,1054,1057,1069,1093,1146,1204,1214,1401,1473,1474,1475,1476,1477,1478,1667,1779,1803,1825,2109,2134,2259,2355,2451,3108,3278,4033,4535,4857,4891,4902,4925,4926,4927,4928,4929,4930,4931,4932,4933,4934,4935,4936,4937,4938,4939,5645,5992,7804,8190,
11;0;3698;3791;1;1,3,8,24,60,95,97,100,144,145,149,202,206,225,226,262,270,277,288,329,390,391,394,404,430,581,727,875,987,1050,1051,1054,1057,1069,1093,1146,1204,1214,1401,1473,1474,1475,1476,1477,1478,1667,1779,1803,1825,2109,2134,2259,2355,2451,3108,3278,4033,4535,4857,4891,4902,4925,4926,4927,4928,4929,4930,4931,4932,4933,4934,4935,4936,4937,4938,4939,5645,5992,7804,8190,
362;0;4320;4328;1;1,3,8,24,60,95,100,144,149,185,202,205,206,226,262,270,277,329,390,391,394,430,581,660,727,791,868,875,964,987,1011,1050,1051,1054,1057,1069,1093,1146,1204,1214,1463,1473,1475,1476,1477,1667,1779,1803,1825,2109,2134,2451,2966,3108,3264,3278,4033,4535,4857,4891,4902,4925,4926,4927,4928,4929,4930,4931,4932,4933,4934,4935,4936,4937,4938,4939,5645,5992,7804,8190,
399;0;4328;4379;0;1,3,8,24,60,95,100,144,149,185,202,205,206,226,262,270,277,329,390,391,394,430,581,660,727,791,868,875,964,987,1011,1050,1051,1054,1057,1069,1093,1146,1204,1214,1463,1473,1475,1476,1477,1667,1779,1803,1825,2109,2134,2451,2966,3108,3278,4033,4535,4857,4891,4902,4925,4926,4927,4928,4929,4930,4931,4932,4933,4934,4935,4936,4937,4938,4939,5644,5645,5992,7804,8190,
422;0;4379;4397;0;1,3,8,24,60,95,100,144,149,185,202,205,206,226,262,270,277,329,390,391,394,430,581,660,727,791,875,964,987,1050,1051,1054,1057,1069,1093,1146,1204,1214,1463,1473,1475,1476,1477,1667,1779,1803,1825,2109,2134,2451,2966,3108,3278,4033,4535,4857,4891,4902,4925,4926,4927,4928,4929,4930,4931,4932,4933,4934,4935,4936,4937,4938,4939,5645,5992,7804,8175,8190,8208,8425,
350;0;4397;4409;1;1,3,8,24,60,95,100,144,149,185,202,205,206,226,262,270,277,329,390,391,394,430,581,660,727,791,875,964,987,1050,1051,1054,1057,1069,1093,1146,1204,1214,1463,1473,1475,1476,1477,1667,1779,1803,1825,2109,2134,2451,2966,3108,3278,4033,4535,4857,4891,4902,4925,4926,4927,4928,4929,4930,4931,4932,4933,4934,4935,4936,4937,4938,4939,5645,5758,5759,5760,5992,7804,8190,
97;1;4409;4439;0;1,3,8,24,60,95,100,144,149,185,202,205,206,226,262,270,277,329,390,391,394,430,581,632,727,875,964,987,1050,1051,1054,1057,1069,1093,1146,1196,1204,1214,1463,1473,1475,1476,1477,1651,1667,1779,1803,1825,2109,2134,2451,2966,3108,3278,4033,4535,4857,4891,4902,4925,4926,4927,4928,4929,4930,4931,4932,4933,4934,4935,4936,4937,4938,4939,5645,5992,6745,7159,7804,8190,
396;0;4439;4512;0;1,3,8,24,60,95,100,144,149,185,202,205,206,226,262,270,277,329,390,391,394,430,581,632,727,875,964,987,1050,1051,1054,1057,1069,1093,1146,1196,1204,1214,1463,1473,1475,1476,1477,1651,1667,1779,1803,1825,2109,2134,2451,2966,3108,3278,4033,4535,4857,4891,4902,4925,4926,4927,4928,4929,4930,4931,4932,4933,4934,4935,4936,4937,4938,4939,5645,5992,7804,8190,8469,8470,
41;0;4512;4542;0;1,3,8,24,60,95,100,144,149,202,205,206,226,262,270,277,329,390,391,394,430,581,727,875,987,1050,1051,1054,1057,1069,1093,1146,1196,1204,1214,1293,1463,1473,1475,1476,1477,1667,1779,1803,1825,2109,2134,2273,2286,2451,2966,3060,3108,3278,3384,4033,4535,4857,4891,4902,4925,4926,4927,4928,4929,4930,4931,4932,4933,4934,4935,4936,4937,4938,4939,4993,5645,5672,5992,8469,
462;0;4542;4560;1;1,3,8,24,60,95,100,144,149,202,205,206,226,262,270,277,329,390,391,394,430,581,727,875,987,1050,1051,1054,1057,1069,1093,1146,1196,1204,1214,1293,1463,1473,1475,1476,1477,1599,1667,1779,1803,1825,2109,2134,2273,2286,2451,2966,3060,3108,3278,3384,4033,4535,4857,4891,4902,4925,4926,4927,4928,4929,4930,4931,4932,4933,4934,4935,4936,4937,4938,4939,5296,5645,5992,8469,
126;0;4560;4580;0;1,3,8,24,60,95,100,144,149,202,205,206,226,251,262,270,277,329,390,391,394,430,520,581,727,728,875,987,1050,1051,1054,1057,1069,1093,1146,1196,1204,1214,1293,1463,1473,1475,1476,1477,1599,1667,1779,1803,1825,2109,2134,2273,2286,2419,2451,2837,2966,3060,3108,3278,3384,4033,4535,4857,4891,4902,4925,4926,4927,4928,4929,4930,4931,4932,4934,4937,4939,5645,5992,8469,
161;0;4580;4596;0;1,3,8,24,60,95,100,144,149,202,205,206,226,251,262,270,277,329,390,391,394,430,520,581,727,728,814,875,987,1050,1051,1054,1057,1069,1093,1146,1196,1204,1214,1293,1463,1473,1475,1476,1477,1599,1667,1779,1803,1825,2109,2134,2273,2286,2419,2451,2812,2837,2966,3060,3108,3278,3384,4033,4535,4857,4891,4902,4925,4926,4931,4934,4937,4939,5030,5645,5992,6578,8469,8730,
7;0;4596;4715;1;1,3,8,24,60,95,100,144,149,202,205,206,226,251,262,270,277,329,390,391,394,430,520,581,727,728,814,875,987,1050,1051,1054,1057,1069,1093,1146,1196,1204,1214,1293,1463,1473,1475,1476,1477,1599,1667,1779,1803,1825,2109,2134,2273,2286,2419,2451,2663,2812,2966,3060,3278,4033,4535,4857,4925,4931,4934,4937,4939,5030,5645,5992,6578,7296,8396,8469,8730,8826,8827,8828,
464;0;4715;4726;0;1,3,8,24,60,95,100,144,149,202,205,206,226,251,262,270,277,329,390,391,394,430,520,581,727,728,814,875,987,1050,1051,1054,1057,1069,1093,1146,1196,1204,1214,1293,1423,1463,1473,1475,1476,1477,1599,1667,1779,1803,1825,2109,2134,2163,2419,2451,2812,2966,3060,3278,4033,4280,4535,4857,4925,4931,4934,4937,4939,5030,5645,5992,6578,7296,8118,8469,8730,8826,8827,8828,
40;1;4726;4802;0;1,3,8,24,60,95,100,144,149,202,205,206,226,251,262,270,277,329,390,391,394,430,520,581,727,728,814,875,987,1050,1051,1054,1057,1069,1093,1146,1196,1204,1214,1293,1423,1463,1473,1475,1476,1477,1599,1667,1779,1803,1825,2109,2134,2163,2419,2451,2812,2966,3060,3278,4033,4280,4535,4857,4925,4931,4934,4937,4939,5030,5645,5992,6578,7296,8468,8469,8730,8826,8827,8828,
467;0;4802;4849;1;1,3,8,24,60,95,100,144,149,202,205,206,226,251,262,270,277,329,390,391,394,430,581,727,728,814,875,987,1050,1051,1054,1057,1069,1093,1146,1196,1204,1214,1293,1463,1473,1476,1477,1667,1779,1825,2109,2134,2163,2419,2451,2812,2966,3060,3278,4033,4535,4857,4925,4931,4934,4937,4939,5030,5951,5959,5966,5976,5992,6552,6556,6578,6583,6729,7137,7296,8730,8826,8827,8828,
153;0;4849;4939;1;1,3,7,8,24,60,95,100,144,149,202,205,206,226,251,262,277,329,390,391,392,394,430,581,727,814,875,987,1049,1050,1051,1053,1054,1055,1057,1058,1059,1069,1093,1146,1196,1204,1214,1228,1229,1293,1463,1473,1476,1477,1633,1667,1779,1825,2109,2134,2419,2812,2966,3278,4033,4535,4857,4934,4937,5030,5951,5959,5966,5976,5992,6552,6578,6729,7137,7296,8730,8826,8827,8828,
395;0;4939;4981;0;1,3,7,8,24,60,95,100,144,149,202,205,206,226,251,262,277,329,390,391,392,394,430,581,727,814,875,987,1049,1050,1051,1053,1054,1055,1057,1058,1059,1069,1093,1146,1196,1204,1214,1228,1229,1293,1463,1473,1476,1477,1667,1779,1825,2109,2134,2419,2812,2966,3278,4033,4535,4857,4934,4937,5030,5951,5959,5966,5976,5992,6552,6578,6729,7137,7296,7360,8730,8826,8827,8828,
438;0;4981;5138;0;1,3,7,8,24,60,95,100,144,149,202,205,206,226,251,262,277,329,390,391,392,394,430,581,727,814,875,987,1050,1051,1053,1055,1057,1058,1069,1093,1146,1196,1204,1214,1293,1463,1473,1476,1477,1667,1779,1825,2109,2134,2419,2812,2966,3065,3278,3380,3979,4033,4059,4060,4061,4535,4857,4934,4937,5030,5951,5959,5966,5976,5992,6552,6578,6729,7137,7296,8730,8826,8827,8828,
END;241;1371;183;2;3969
TIME;240344
